Date,Open,High,Low,Close,Volume
2016.03.22 17:00,0.65572,0.65700,0.65537,0.65698,2864
2016.03.22 17:30,0.65699,0.65710,0.65541,0.65576,2802
2016.03.22 18:00,0.65566,0.65654,0.65562,0.65604,2303
2016.03.22 18:30,0.65606,0.65629,0.65532,0.65538,2210
2016.03.22 19:00,0.65537,0.65580,0.65467,0.65506,1908
2016.03.22 19:30,0.65502,0.65567,0.65474,0.65552,2282
2016.03.22 20:00,0.65551,0.65565,0.65491,0.65506,708
2016.03.22 20:30,0.65507,0.65596,0.65507,0.65571,617
2016.03.22 21:00,0.65568,0.65590,0.65522,0.65562,511
2016.03.22 21:30,0.65564,0.65672,0.65561,0.65661,526
2016.03.22 22:00,0.65660,0.65672,0.65589,0.65630,348
2016.03.22 22:30,0.65628,0.65678,0.65612,0.65626,778
2016.03.22 23:00,0.65631,0.65691,0.65626,0.65627,202
2016.03.22 23:30,0.65627,0.65706,0.65606,0.65621,1232
2016.03.23 00:00,0.65625,0.65659,0.65563,0.65598,527
2016.03.23 00:30,0.65597,0.65605,0.65557,0.65595,398
2016.03.23 01:00,0.65595,0.65662,0.65573,0.65584,1019
2016.03.23 01:30,0.65583,0.65640,0.65537,0.65638,1198
2016.03.23 02:00,0.65638,0.65769,0.65611,0.65751,1687
2016.03.23 02:30,0.65751,0.65843,0.65723,0.65821,1795
2016.03.23 03:00,0.65821,0.65842,0.65717,0.65718,2008
2016.03.23 03:30,0.65723,0.65741,0.65653,0.65665,1893
2016.03.23 04:00,0.65664,0.65668,0.65578,0.65605,1344
2016.03.23 04:30,0.65605,0.65631,0.65562,0.65593,1026
2016.03.23 05:00,0.65591,0.65635,0.65564,0.65598,1438
2016.03.23 05:30,0.65597,0.65602,0.65566,0.65584,1286
2016.03.23 06:00,0.65582,0.65587,0.65541,0.65565,1257
2016.03.23 06:30,0.65566,0.65601,0.65526,0.65593,975
2016.03.23 07:00,0.65592,0.65619,0.65565,0.65608,966
2016.03.23 07:30,0.65606,0.65612,0.65541,0.65561,1002
2016.03.23 08:00,0.65562,0.65638,0.65558,0.65591,1244
2016.03.23 08:30,0.65592,0.65710,0.65584,0.65600,1202
2016.03.23 09:00,0.65600,0.65611,0.65451,0.65488,3162
2016.03.23 09:30,0.65487,0.65539,0.65451,0.65466,2270
2016.03.23 10:00,0.65468,0.65574,0.65466,0.65513,2767
2016.03.23 10:30,0.65512,0.65575,0.65481,0.65506,2274
2016.03.23 11:00,0.65510,0.65538,0.65381,0.65388,2499
2016.03.23 11:30,0.65383,0.65419,0.65341,0.65405,2280
2016.03.23 12:00,0.65402,0.65411,0.65281,0.65376,1866
2016.03.23 12:30,0.65377,0.65393,0.65205,0.65281,2347
2016.03.23 13:00,0.65281,0.65375,0.65251,0.65370,1872
2016.03.23 13:30,0.65371,0.65422,0.65341,0.65386,2009
2016.03.23 14:00,0.65385,0.65414,0.65276,0.65283,3013
2016.03.23 14:30,0.65283,0.65357,0.65267,0.65297,3657
2016.03.23 15:00,0.65297,0.65341,0.65218,0.65284,4623
2016.03.23 15:30,0.65286,0.65328,0.65192,0.65210,4271
2016.03.23 16:00,0.65207,0.65249,0.65086,0.65137,4210
2016.03.23 16:30,0.65135,0.65310,0.65111,0.65276,3870
2016.03.23 17:00,0.65276,0.65317,0.65188,0.65198,3104
2016.03.23 17:30,0.65197,0.65202,0.65116,0.65186,3200
2016.03.23 18:00,0.65186,0.65205,0.65143,0.65158,2625
2016.03.23 18:30,0.65159,0.65397,0.65159,0.65392,2400
2016.03.23 19:00,0.65393,0.65436,0.65349,0.65428,1849
2016.03.23 19:30,0.65427,0.65555,0.65386,0.65521,1274
2016.03.23 20:00,0.65519,0.65532,0.65406,0.65412,619
2016.03.23 20:30,0.65415,0.65469,0.65333,0.65406,735
2016.03.23 21:00,0.65406,0.65406,0.65285,0.65341,701
2016.03.23 21:30,0.65345,0.65371,0.65282,0.65303,688
2016.03.23 22:00,0.65304,0.65356,0.65300,0.65321,388
2016.03.23 22:30,0.65321,0.65377,0.65301,0.65301,521
2016.03.23 23:00,0.65297,0.65376,0.65294,0.65341,245
2016.03.23 23:30,0.65338,0.65406,0.65310,0.65382,692
2016.03.24 00:00,0.65378,0.65466,0.65360,0.65461,292
2016.03.24 00:30,0.65456,0.65501,0.65426,0.65466,668
2016.03.24 01:00,0.65466,0.65491,0.65423,0.65475,1066
2016.03.24 01:30,0.65473,0.65535,0.65447,0.65521,1122
2016.03.24 02:00,0.65518,0.65526,0.65392,0.65441,1146
2016.03.24 02:30,0.65441,0.65441,0.65316,0.65341,2535
2016.03.24 03:00,0.65341,0.65399,0.65271,0.65366,2710
2016.03.24 03:30,0.65367,0.65468,0.65325,0.65404,1643
2016.03.24 04:00,0.65405,0.65472,0.65392,0.65394,1573
2016.03.24 04:30,0.65395,0.65457,0.65331,0.65334,1597
2016.03.24 05:00,0.65333,0.65353,0.65257,0.65314,1209
2016.03.24 05:30,0.65313,0.65355,0.65275,0.65298,1341
2016.03.24 06:00,0.65301,0.65372,0.65272,0.65273,1219
2016.03.24 06:30,0.65274,0.65351,0.65270,0.65289,1175
2016.03.24 07:00,0.65290,0.65339,0.65268,0.65295,1268
2016.03.24 07:30,0.65292,0.65328,0.65262,0.65262,1295
2016.03.24 08:00,0.65262,0.65313,0.65221,0.65290,1501
2016.03.24 08:30,0.65292,0.65315,0.65233,0.65233,1204
2016.03.24 09:00,0.65234,0.65293,0.65156,0.65193,2947
2016.03.24 09:30,0.65193,0.65257,0.65116,0.65205,2199
2016.03.24 10:00,0.65206,0.65339,0.65185,0.65301,2691
2016.03.24 10:30,0.65301,0.65322,0.65169,0.65182,2483
2016.03.24 11:00,0.65181,0.65208,0.65136,0.65170,2097
2016.03.24 11:30,0.65169,0.65236,0.65151,0.65180,2184
2016.03.24 12:00,0.65179,0.65231,0.65136,0.65210,1809
2016.03.24 12:30,0.65209,0.65260,0.65146,0.65156,2924
2016.03.24 13:00,0.65156,0.65253,0.65129,0.65233,2295
2016.03.24 13:30,0.65234,0.65241,0.65181,0.65227,2097
2016.03.24 14:00,0.65226,0.65316,0.65215,0.65251,2392
2016.03.24 14:30,0.65241,0.65345,0.65185,0.65341,2959
2016.03.24 15:00,0.65341,0.65391,0.65278,0.65357,2825
2016.03.24 15:30,0.65359,0.65370,0.65295,0.65361,3133
2016.03.24 16:00,0.65359,0.65374,0.65296,0.65332,3412
2016.03.24 16:30,0.65334,0.65403,0.65320,0.65361,2670
2016.03.24 17:00,0.65361,0.65378,0.65272,0.65340,2392
2016.03.24 17:30,0.65339,0.65364,0.65267,0.65348,2232
2016.03.24 18:00,0.65347,0.65447,0.65309,0.65360,2351
2016.03.24 18:30,0.65359,0.65380,0.65291,0.65318,1830
2016.03.24 19:00,0.65318,0.65357,0.65302,0.65316,1324
2016.03.24 19:30,0.65317,0.65336,0.65296,0.65319,1177
2016.03.24 20:00,0.65319,0.65351,0.65287,0.65346,398
2016.03.24 20:30,0.65351,0.65370,0.65316,0.65319,311
2016.03.24 21:00,0.65321,0.65376,0.65301,0.65349,349
2016.03.24 21:30,0.65349,0.65384,0.65326,0.65354,309
2016.03.24 22:00,0.65351,0.65351,0.65319,0.65334,192
2016.03.24 22:30,0.65332,0.65368,0.65321,0.65361,345
2016.03.24 23:00,0.65361,0.65371,0.65301,0.65331,137
2016.03.24 23:30,0.65331,0.65343,0.65292,0.65336,148
2016.03.25 00:00,0.65341,0.65366,0.65266,0.65321,567
2016.03.25 00:30,0.65291,0.65356,0.65227,0.65278,1501
2016.03.25 01:00,0.65275,0.65368,0.65273,0.65308,1289
2016.03.25 01:30,0.65308,0.65369,0.65275,0.65306,570
2016.03.25 02:00,0.65306,0.65378,0.65279,0.65321,992
2016.03.25 02:30,0.65329,0.65413,0.65286,0.65393,1738
2016.03.25 03:00,0.65394,0.65400,0.65198,0.65267,1308
2016.03.25 03:30,0.65268,0.65386,0.65259,0.65352,709
2016.03.25 04:00,0.65366,0.65389,0.65274,0.65331,440
2016.03.25 04:30,0.65341,0.65395,0.65265,0.65355,959
2016.03.25 05:00,0.65351,0.65411,0.65331,0.65377,496
2016.03.25 05:30,0.65381,0.65398,0.65321,0.65366,401
2016.03.25 06:00,0.65366,0.65407,0.65317,0.65371,504
2016.03.25 06:30,0.65371,0.65414,0.65303,0.65366,592
2016.03.25 07:00,0.65366,0.65396,0.65291,0.65331,619
2016.03.25 07:30,0.65307,0.65336,0.65228,0.65259,870
2016.03.25 08:00,0.65289,0.65396,0.65251,0.65341,538
2016.03.25 08:30,0.65324,0.65462,0.65280,0.65450,323
2016.03.25 09:00,0.65455,0.65549,0.65407,0.65436,657
2016.03.25 09:30,0.65435,0.65528,0.65411,0.65418,1543
2016.03.25 10:00,0.65426,0.65496,0.65382,0.65406,330
2016.03.25 10:30,0.65403,0.65428,0.65402,0.65410,138
2016.03.25 11:00,0.65411,0.65549,0.65410,0.65496,1585
2016.03.25 11:30,0.65496,0.65546,0.65416,0.65430,512
2016.03.25 12:00,0.65426,0.65426,0.65389,0.65414,783
2016.03.25 12:30,0.65414,0.65420,0.65379,0.65391,360
2016.03.25 13:00,0.65386,0.65411,0.65367,0.65397,276
2016.03.25 13:30,0.65404,0.65431,0.65377,0.65430,333
2016.03.25 14:00,0.65430,0.65471,0.65304,0.65428,345
2016.03.25 14:30,0.65428,0.65500,0.65321,0.65333,540
2016.03.25 15:00,0.65334,0.65421,0.65286,0.65348,783
2016.03.25 15:30,0.65346,0.65379,0.65315,0.65369,634
2016.03.25 16:00,0.65368,0.65466,0.65367,0.65392,555
2016.03.25 16:30,0.65391,0.65403,0.65306,0.65311,263
2016.03.25 17:00,0.65289,0.65426,0.65271,0.65356,654
2016.03.25 17:30,0.65361,0.65371,0.65331,0.65371,224
2016.03.25 18:00,0.65371,0.65371,0.65256,0.65265,238
2016.03.25 18:30,0.65257,0.65321,0.65219,0.65301,267
2016.03.25 19:00,0.65301,0.65341,0.65299,0.65312,135
2016.03.25 19:30,0.65313,0.65381,0.65292,0.65339,291
2016.03.25 20:00,0.65343,0.65376,0.65320,0.65330,141
2016.03.25 20:30,0.65329,0.65381,0.65327,0.65376,85
2016.03.25 21:00,0.65376,0.65396,0.65299,0.65329,115
2016.03.25 21:30,0.65356,0.65356,0.65282,0.65286,96
2016.03.25 22:00,0.65249,0.65286,0.65210,0.65261,203
2016.03.25 22:30,0.65261,0.65387,0.65151,0.65387,138
2016.03.25 23:00,0.65370,0.65375,0.65370,0.65375,2
2016.03.28 00:00,0.65182,0.65261,0.65124,0.65226,377
2016.03.28 00:30,0.65226,0.65272,0.65185,0.65259,164
2016.03.28 01:00,0.65263,0.65436,0.65263,0.65336,1195
2016.03.28 01:30,0.65323,0.65371,0.65323,0.65356,278
2016.03.28 02:00,0.65361,0.65368,0.65316,0.65326,564
2016.03.28 02:30,0.65323,0.65336,0.65303,0.65310,550
2016.03.28 03:00,0.65311,0.65314,0.65222,0.65234,730
2016.03.28 03:30,0.65236,0.65343,0.65236,0.65299,738
2016.03.28 04:00,0.65299,0.65327,0.65284,0.65318,537
2016.03.28 04:30,0.65317,0.65325,0.65253,0.65277,509
2016.03.28 05:00,0.65273,0.65305,0.65265,0.65291,509
2016.03.28 05:30,0.65290,0.65299,0.65238,0.65240,469
2016.03.28 06:00,0.65240,0.65274,0.65222,0.65253,523
2016.03.28 06:30,0.65251,0.65319,0.65249,0.65316,446
2016.03.28 07:00,0.65316,0.65341,0.65276,0.65290,715
2016.03.28 07:30,0.65289,0.65316,0.65273,0.65277,588
2016.03.28 08:00,0.65274,0.65327,0.65274,0.65326,352
2016.03.28 08:30,0.65323,0.65378,0.65316,0.65358,827
2016.03.28 09:00,0.65357,0.65378,0.65340,0.65366,734
2016.03.28 09:30,0.65366,0.65377,0.65351,0.65352,528
2016.03.28 10:00,0.65352,0.65457,0.65352,0.65444,1009
2016.03.28 10:30,0.65444,0.65461,0.65394,0.65399,819
2016.03.28 11:00,0.65399,0.65412,0.65356,0.65371,821
2016.03.28 11:30,0.65372,0.65419,0.65372,0.65417,566
2016.03.28 12:00,0.65418,0.65437,0.65381,0.65437,522
2016.03.28 12:30,0.65435,0.65452,0.65387,0.65413,878
2016.03.28 13:00,0.65413,0.65449,0.65411,0.65443,388
2016.03.28 13:30,0.65443,0.65458,0.65406,0.65438,479
2016.03.28 14:00,0.65439,0.65487,0.65436,0.65476,661
2016.03.28 14:30,0.65478,0.65494,0.65442,0.65487,604
2016.03.28 15:00,0.65489,0.65534,0.65462,0.65462,879
2016.03.28 15:30,0.65460,0.65655,0.65456,0.65605,2402
2016.03.28 16:00,0.65605,0.65620,0.65497,0.65532,1787
2016.03.28 16:30,0.65530,0.65575,0.65506,0.65518,2945
2016.03.28 17:00,0.65518,0.65540,0.65437,0.65439,2072
2016.03.28 17:30,0.65436,0.65482,0.65349,0.65481,2604
2016.03.28 18:00,0.65478,0.65495,0.65352,0.65414,2192
2016.03.28 18:30,0.65412,0.65475,0.65386,0.65451,2024
2016.03.28 19:00,0.65453,0.65469,0.65374,0.65443,1534
2016.03.28 19:30,0.65443,0.65460,0.65403,0.65442,1625
2016.03.28 20:00,0.65442,0.65446,0.65371,0.65379,1011
2016.03.28 20:30,0.65382,0.65412,0.65377,0.65390,498
2016.03.28 21:00,0.65388,0.65510,0.65375,0.65491,322
2016.03.28 21:30,0.65495,0.65538,0.65447,0.65482,486
2016.03.28 22:00,0.65486,0.65516,0.65457,0.65507,316
2016.03.28 22:30,0.65506,0.65530,0.65491,0.65514,257
2016.03.28 23:00,0.65517,0.65532,0.65492,0.65496,192
2016.03.28 23:30,0.65496,0.65517,0.65379,0.65416,387
2016.03.29 00:00,0.65416,0.65486,0.65375,0.65451,181
2016.03.29 00:30,0.65446,0.65493,0.65367,0.65461,1836
2016.03.29 01:00,0.65472,0.65504,0.65443,0.65450,846
2016.03.29 01:30,0.65450,0.65503,0.65437,0.65501,360
2016.03.29 02:00,0.65500,0.65596,0.65491,0.65577,1582
2016.03.29 02:30,0.65577,0.65587,0.65541,0.65576,912
2016.03.29 03:00,0.65577,0.65608,0.65557,0.65575,1199
2016.03.29 03:30,0.65575,0.65610,0.65561,0.65570,905
2016.03.29 04:00,0.65570,0.65590,0.65537,0.65579,1416
2016.03.29 04:30,0.65578,0.65658,0.65574,0.65608,1589
2016.03.29 05:00,0.65608,0.65742,0.65588,0.65697,1844
2016.03.29 05:30,0.65695,0.65751,0.65676,0.65705,1674
2016.03.29 06:00,0.65702,0.65749,0.65678,0.65710,907
2016.03.29 06:30,0.65707,0.65814,0.65684,0.65757,1455
2016.03.29 07:00,0.65757,0.65792,0.65692,0.65710,1585
2016.03.29 07:30,0.65711,0.65743,0.65694,0.65716,1254
2016.03.29 08:00,0.65717,0.65741,0.65685,0.65721,1725
2016.03.29 08:30,0.65720,0.65780,0.65660,0.65714,1744
2016.03.29 09:00,0.65714,0.65747,0.65654,0.65668,2050
2016.03.29 09:30,0.65669,0.65699,0.65591,0.65635,2038
2016.03.29 10:00,0.65639,0.65710,0.65599,0.65599,3150
2016.03.29 10:30,0.65602,0.65730,0.65599,0.65724,2305
2016.03.29 11:00,0.65725,0.65745,0.65697,0.65702,2278
2016.03.29 11:30,0.65703,0.65711,0.65628,0.65628,1896
2016.03.29 12:00,0.65626,0.65651,0.65556,0.65594,2037
2016.03.29 12:30,0.65593,0.65610,0.65456,0.65475,2749
2016.03.29 13:00,0.65471,0.65602,0.65461,0.65569,2478
2016.03.29 13:30,0.65569,0.65696,0.65537,0.65602,1998
2016.03.29 14:00,0.65602,0.65825,0.65587,0.65822,2941
2016.03.29 14:30,0.65821,0.65916,0.65761,0.65799,3050
2016.03.29 15:00,0.65799,0.65827,0.65713,0.65787,2915
2016.03.29 15:30,0.65788,0.65831,0.65755,0.65796,3144
2016.03.29 16:00,0.65791,0.65818,0.65748,0.65801,3636
2016.03.29 16:30,0.65799,0.65909,0.65776,0.65879,4696
2016.03.29 17:00,0.65881,0.66107,0.65873,0.66093,4506
2016.03.29 17:30,0.66093,0.66367,0.66072,0.66333,5065
2016.03.29 18:00,0.66333,0.66409,0.66200,0.66244,4004
2016.03.29 18:30,0.66243,0.66304,0.66236,0.66247,2407
2016.03.29 19:00,0.66247,0.66562,0.66210,0.66302,4442
2016.03.29 19:30,0.66302,0.66415,0.66278,0.66298,5877
2016.03.29 20:00,0.66298,0.66411,0.66282,0.66394,4226
2016.03.29 20:30,0.66393,0.66401,0.66269,0.66373,2932
2016.03.29 21:00,0.66368,0.66368,0.66274,0.66309,1902
2016.03.29 21:30,0.66311,0.66371,0.66187,0.66216,1933
2016.03.29 22:00,0.66213,0.66228,0.66152,0.66206,1064
2016.03.29 22:30,0.66206,0.66288,0.66166,0.66270,646
2016.03.29 23:00,0.66268,0.66285,0.66186,0.66206,350
2016.03.29 23:30,0.66201,0.66233,0.66079,0.66079,940
2016.03.30 00:00,0.66096,0.66241,0.66086,0.66223,517
2016.03.30 00:30,0.66220,0.66369,0.66191,0.66335,879
2016.03.30 01:00,0.66335,0.66343,0.66266,0.66270,2786
2016.03.30 01:30,0.66270,0.66293,0.66227,0.66239,961
2016.03.30 02:00,0.66231,0.66256,0.66211,0.66224,2032
2016.03.30 02:30,0.66223,0.66398,0.66200,0.66303,1667
2016.03.30 03:00,0.66303,0.66482,0.66279,0.66427,2363
2016.03.30 03:30,0.66427,0.66465,0.66267,0.66271,1956
2016.03.30 04:00,0.66273,0.66280,0.66148,0.66220,2151
2016.03.30 04:30,0.66220,0.66240,0.66154,0.66163,1486
2016.03.30 05:00,0.66163,0.66197,0.66111,0.66156,1332
2016.03.30 05:30,0.66156,0.66201,0.66132,0.66178,1332
2016.03.30 06:00,0.66177,0.66200,0.66127,0.66130,1326
2016.03.30 06:30,0.66131,0.66185,0.66128,0.66172,1383
2016.03.30 07:00,0.66172,0.66172,0.66106,0.66107,1199
2016.03.30 07:30,0.66106,0.66147,0.66093,0.66101,1427
2016.03.30 08:00,0.66101,0.66208,0.66086,0.66158,1693
2016.03.30 08:30,0.66158,0.66261,0.66153,0.66235,1208
2016.03.30 09:00,0.66236,0.66314,0.66171,0.66267,3263
2016.03.30 09:30,0.66269,0.66381,0.66241,0.66368,2849
2016.03.30 10:00,0.66365,0.66995,0.66349,0.66817,5276
2016.03.30 10:30,0.66816,0.67081,0.66756,0.66941,4445
2016.03.30 11:00,0.66940,0.66960,0.66813,0.66816,3683
2016.03.30 11:30,0.66815,0.66828,0.66686,0.66699,2886
2016.03.30 12:00,0.66700,0.66775,0.66650,0.66676,2965
2016.03.30 12:30,0.66675,0.66763,0.66612,0.66723,3230
2016.03.30 13:00,0.66723,0.66754,0.66675,0.66741,2205
2016.03.30 13:30,0.66739,0.66816,0.66689,0.66711,2675
2016.03.30 14:00,0.66710,0.66793,0.66666,0.66752,3298
2016.03.30 14:30,0.66750,0.66756,0.66620,0.66671,2969
2016.03.30 15:00,0.66669,0.66806,0.66596,0.66733,5479
2016.03.30 15:30,0.66735,0.66868,0.66706,0.66762,4839
2016.03.30 16:00,0.66761,0.66782,0.66661,0.66696,4167
2016.03.30 16:30,0.66698,0.66750,0.66656,0.66733,5092
2016.03.30 17:00,0.66734,0.66788,0.66491,0.66508,6164
2016.03.30 17:30,0.66506,0.66717,0.66505,0.66691,6480
2016.03.30 18:00,0.66690,0.66726,0.66561,0.66570,6192
2016.03.30 18:30,0.66570,0.66620,0.66504,0.66595,4458
2016.03.30 19:00,0.66594,0.66702,0.66563,0.66582,3116
2016.03.30 19:30,0.66582,0.66621,0.66552,0.66581,2757
2016.03.30 20:00,0.66580,0.66602,0.66502,0.66531,2839
2016.03.30 20:30,0.66530,0.66640,0.66528,0.66631,2133
2016.03.30 21:00,0.66631,0.66759,0.66572,0.66728,1086
2016.03.30 21:30,0.66731,0.66832,0.66678,0.66820,726
2016.03.30 22:00,0.66817,0.66861,0.66791,0.66851,746
2016.03.30 22:30,0.66848,0.66866,0.66794,0.66823,634
2016.03.30 23:00,0.66820,0.66843,0.66786,0.66826,581
2016.03.30 23:30,0.66822,0.66826,0.66703,0.66715,1218
2016.03.31 00:00,0.66715,0.66753,0.66689,0.66705,223
2016.03.31 00:30,0.66704,0.66731,0.66669,0.66669,701
2016.03.31 01:00,0.66669,0.66733,0.66650,0.66672,1614
2016.03.31 01:30,0.66672,0.66718,0.66618,0.66626,693
2016.03.31 02:00,0.66628,0.66678,0.66570,0.66667,1433
2016.03.31 02:30,0.66667,0.66686,0.66564,0.66573,2150
2016.03.31 03:00,0.66576,0.66726,0.66559,0.66683,2735
2016.03.31 03:30,0.66680,0.66778,0.66645,0.66690,2714
2016.03.31 04:00,0.66691,0.66698,0.66495,0.66527,2880
2016.03.31 04:30,0.66526,0.66661,0.66514,0.66601,2203
2016.03.31 05:00,0.66604,0.66689,0.66569,0.66652,1423
2016.03.31 05:30,0.66652,0.66696,0.66549,0.66570,2218
2016.03.31 06:00,0.66569,0.66620,0.66533,0.66570,1783
2016.03.31 06:30,0.66568,0.66632,0.66549,0.66627,1903
2016.03.31 07:00,0.66630,0.66666,0.66601,0.66647,1952
2016.03.31 07:30,0.66646,0.66653,0.66585,0.66595,1828
2016.03.31 08:00,0.66595,0.66659,0.66574,0.66597,1562
2016.03.31 08:30,0.66598,0.66606,0.66538,0.66586,1282
2016.03.31 09:00,0.66585,0.66596,0.66450,0.66518,2220
2016.03.31 09:30,0.66518,0.66549,0.66417,0.66472,2564
2016.03.31 10:00,0.66470,0.66627,0.66405,0.66553,3686
2016.03.31 10:30,0.66552,0.66591,0.66444,0.66461,3307
2016.03.31 11:00,0.66465,0.66546,0.66454,0.66519,3140
2016.03.31 11:30,0.66519,0.66644,0.66516,0.66609,3024
2016.03.31 12:00,0.66612,0.66727,0.66574,0.66661,2968
2016.03.31 12:30,0.66658,0.66707,0.66551,0.66564,1956
2016.03.31 13:00,0.66564,0.66619,0.66534,0.66594,2444
2016.03.31 13:30,0.66593,0.66607,0.66494,0.66588,2840
2016.03.31 14:00,0.66590,0.66768,0.66589,0.66597,2945
2016.03.31 14:30,0.66597,0.66724,0.66584,0.66617,3843
2016.03.31 15:00,0.66616,0.66617,0.66468,0.66488,3474
2016.03.31 15:30,0.66492,0.66713,0.66489,0.66707,4247
2016.03.31 16:00,0.66709,0.66734,0.66538,0.66573,4115
2016.03.31 16:30,0.66574,0.66657,0.66512,0.66585,5829
2016.03.31 17:00,0.66591,0.66698,0.66491,0.66550,6516
2016.03.31 17:30,0.66548,0.66575,0.66399,0.66464,6680
2016.03.31 18:00,0.66463,0.66516,0.66344,0.66419,6644
2016.03.31 18:30,0.66419,0.66455,0.66278,0.66330,3604
2016.03.31 19:00,0.66330,0.66361,0.66300,0.66327,2435
2016.03.31 19:30,0.66328,0.66344,0.66277,0.66290,2252
2016.03.31 20:00,0.66292,0.66302,0.66158,0.66230,2234
2016.03.31 20:30,0.66230,0.66298,0.66180,0.66276,2148
2016.03.31 21:00,0.66273,0.66370,0.66251,0.66316,1177
2016.03.31 21:30,0.66318,0.66451,0.66293,0.66443,1480
2016.03.31 22:00,0.66441,0.66441,0.66345,0.66384,887
2016.03.31 22:30,0.66386,0.66452,0.66364,0.66422,1018
2016.03.31 23:00,0.66422,0.66491,0.66385,0.66463,645
2016.03.31 23:30,0.66461,0.66499,0.66384,0.66384,635
2016.04.01 00:00,0.66376,0.66401,0.66338,0.66371,222
2016.04.01 00:30,0.66376,0.66504,0.66361,0.66464,1347
2016.04.01 01:00,0.66460,0.66515,0.66460,0.66481,691
2016.04.01 01:30,0.66484,0.66505,0.66458,0.66498,619
2016.04.01 02:00,0.66498,0.66522,0.66453,0.66461,1436
2016.04.01 02:30,0.66464,0.66507,0.66456,0.66467,721
2016.04.01 03:00,0.66469,0.66525,0.66459,0.66477,1639
2016.04.01 03:30,0.66478,0.66594,0.66446,0.66568,1963
2016.04.01 04:00,0.66568,0.66568,0.66393,0.66396,2411
2016.04.01 04:30,0.66396,0.66429,0.66236,0.66369,2523
2016.04.01 05:00,0.66367,0.66367,0.66201,0.66234,1887
2016.04.01 05:30,0.66235,0.66381,0.66216,0.66328,1732
2016.04.01 06:00,0.66330,0.66367,0.66246,0.66271,1129
2016.04.01 06:30,0.66271,0.66301,0.66223,0.66237,1021
2016.04.01 07:00,0.66238,0.66313,0.66192,0.66243,1328
2016.04.01 07:30,0.66244,0.66287,0.66223,0.66241,1532
2016.04.01 08:00,0.66239,0.66280,0.66201,0.66241,2152
2016.04.01 08:30,0.66241,0.66279,0.66217,0.66277,2057
2016.04.01 09:00,0.66279,0.66289,0.66211,0.66286,2742
2016.04.01 09:30,0.66287,0.66348,0.66245,0.66302,2180
2016.04.01 10:00,0.66302,0.66411,0.66245,0.66402,2969
2016.04.01 10:30,0.66400,0.66418,0.66308,0.66333,2561
2016.04.01 11:00,0.66334,0.66374,0.66236,0.66273,2320
2016.04.01 11:30,0.66275,0.66374,0.66248,0.66285,2263
2016.04.01 12:00,0.66284,0.66354,0.66276,0.66301,1917
2016.04.01 12:30,0.66302,0.66316,0.66183,0.66199,2092
2016.04.01 13:00,0.66199,0.66272,0.66178,0.66239,2214
2016.04.01 13:30,0.66237,0.66277,0.66203,0.66220,2483
2016.04.01 14:00,0.66220,0.66276,0.66175,0.66209,2754
2016.04.01 14:30,0.66210,0.66217,0.66113,0.66212,2172
2016.04.01 15:00,0.66212,0.66264,0.65814,0.65891,3568
2016.04.01 15:30,0.65915,0.66071,0.65739,0.65746,9239
2016.04.01 16:00,0.65745,0.65999,0.65634,0.65912,5889
2016.04.01 16:30,0.65914,0.65991,0.65693,0.65706,4867
2016.04.01 17:00,0.65723,0.65896,0.65665,0.65847,6779
2016.04.01 17:30,0.65847,0.66010,0.65829,0.65969,4620
2016.04.01 18:00,0.65969,0.66159,0.65918,0.66142,4401
2016.04.01 18:30,0.66143,0.66246,0.66093,0.66101,3482
2016.04.01 19:00,0.66101,0.66131,0.66051,0.66101,2707
2016.04.01 19:30,0.66101,0.66113,0.66020,0.66024,2034
2016.04.01 20:00,0.66023,0.66128,0.66021,0.66079,1737
2016.04.01 20:30,0.66074,0.66132,0.66069,0.66128,1473
2016.04.01 21:00,0.66128,0.66141,0.66075,0.66085,463
2016.04.01 21:30,0.66086,0.66123,0.66059,0.66078,497
2016.04.01 22:00,0.66081,0.66120,0.66062,0.66091,368
2016.04.01 22:30,0.66094,0.66153,0.66088,0.66129,534
2016.04.01 23:00,0.66126,0.66128,0.66027,0.66060,531
2016.04.01 23:30,0.66052,0.66271,0.66033,0.66166,603
2016.04.04 00:00,0.65830,0.66003,0.65830,0.65976,170
2016.04.04 00:30,0.65970,0.66024,0.65919,0.66016,640
2016.04.04 01:00,0.66018,0.66097,0.66007,0.66057,908
2016.04.04 01:30,0.66059,0.66080,0.66026,0.66041,503
2016.04.04 02:00,0.66043,0.66080,0.66040,0.66054,929
2016.04.04 02:30,0.66053,0.66127,0.66052,0.66081,1452
2016.04.04 03:00,0.66083,0.66120,0.66040,0.66105,2155
2016.04.04 03:30,0.66108,0.66123,0.65955,0.66008,1990
2016.04.04 04:00,0.66008,0.66080,0.65968,0.66059,1348
2016.04.04 04:30,0.66061,0.66074,0.65935,0.65968,2081
2016.04.04 05:00,0.65968,0.66002,0.65941,0.65956,1411
2016.04.04 05:30,0.65951,0.65956,0.65889,0.65938,1152
2016.04.04 06:00,0.65942,0.66002,0.65899,0.65916,1266
2016.04.04 06:30,0.65915,0.65915,0.65807,0.65859,1593
2016.04.04 07:00,0.65860,0.65912,0.65858,0.65867,1074
2016.04.04 07:30,0.65867,0.65946,0.65854,0.65946,1322
2016.04.04 08:00,0.65947,0.65978,0.65931,0.65976,1262
2016.04.04 08:30,0.65975,0.65998,0.65942,0.65990,1247
2016.04.04 09:00,0.65989,0.65990,0.65860,0.65878,2361
2016.04.04 09:30,0.65881,0.65906,0.65799,0.65875,2854
2016.04.04 10:00,0.65876,0.65889,0.65765,0.65792,3176
2016.04.04 10:30,0.65791,0.65846,0.65764,0.65802,2808
2016.04.04 11:00,0.65801,0.65955,0.65785,0.65945,3039
2016.04.04 11:30,0.65946,0.65961,0.65839,0.65853,2164
2016.04.04 12:00,0.65852,0.65916,0.65828,0.65905,2647
2016.04.04 12:30,0.65907,0.65935,0.65808,0.65816,2253
2016.04.04 13:00,0.65819,0.65876,0.65794,0.65822,2019
2016.04.04 13:30,0.65822,0.65823,0.65746,0.65797,1922
2016.04.04 14:00,0.65801,0.65810,0.65702,0.65708,2618
2016.04.04 14:30,0.65710,0.65833,0.65683,0.65817,2527
2016.04.04 15:00,0.65816,0.65834,0.65655,0.65733,3128
2016.04.04 15:30,0.65733,0.65762,0.65624,0.65741,3161
2016.04.04 16:00,0.65740,0.65752,0.65616,0.65617,2904
2016.04.04 16:30,0.65619,0.65691,0.65558,0.65558,4843
2016.04.04 17:00,0.65558,0.65724,0.65557,0.65643,4777
2016.04.04 17:30,0.65644,0.65727,0.65606,0.65650,3661
2016.04.04 18:00,0.65647,0.65699,0.65612,0.65640,3681
2016.04.04 18:30,0.65639,0.65741,0.65580,0.65724,2808
2016.04.04 19:00,0.65725,0.65796,0.65709,0.65710,2488
2016.04.04 19:30,0.65708,0.65712,0.65632,0.65642,2092
2016.04.04 20:00,0.65640,0.65654,0.65559,0.65578,1762
2016.04.04 20:30,0.65577,0.65606,0.65565,0.65574,1443
2016.04.04 21:00,0.65572,0.65580,0.65520,0.65558,1454
2016.04.04 21:30,0.65557,0.65580,0.65459,0.65489,1565
2016.04.04 22:00,0.65486,0.65526,0.65464,0.65512,308
2016.04.04 22:30,0.65509,0.65551,0.65484,0.65488,491
2016.04.04 23:00,0.65490,0.65518,0.65471,0.65513,290
2016.04.04 23:30,0.65514,0.65561,0.65401,0.65401,530
2016.04.05 00:00,0.65416,0.65518,0.65406,0.65450,463
2016.04.05 00:30,0.65447,0.65474,0.65406,0.65440,2609
2016.04.05 01:00,0.65440,0.65471,0.65079,0.65130,1985
2016.04.05 01:30,0.65128,0.65261,0.65122,0.65252,1927
2016.04.05 02:00,0.65250,0.65298,0.65232,0.65292,986
2016.04.05 02:30,0.65292,0.65323,0.65231,0.65264,1886
2016.04.05 03:00,0.65265,0.65279,0.65151,0.65167,2424
2016.04.05 03:30,0.65171,0.65243,0.65156,0.65227,1976
2016.04.05 04:00,0.65226,0.65293,0.65210,0.65247,2526
2016.04.05 04:30,0.65229,0.65297,0.65187,0.65255,2338
2016.04.05 05:00,0.65254,0.65294,0.65198,0.65271,1603
2016.04.05 05:30,0.65271,0.65298,0.65217,0.65220,1980
2016.04.05 06:00,0.65219,0.65291,0.65215,0.65283,1397
2016.04.05 06:30,0.65284,0.65286,0.65239,0.65267,1376
2016.04.05 07:00,0.65265,0.65357,0.65261,0.65319,1560
2016.04.05 07:30,0.65320,0.65381,0.65212,0.65219,3522
2016.04.05 08:00,0.65219,0.65225,0.65067,0.65114,2450
2016.04.05 08:30,0.65114,0.65182,0.65072,0.65135,2361
2016.04.05 09:00,0.65137,0.65243,0.65094,0.65097,2559
2016.04.05 09:30,0.65096,0.65135,0.64950,0.65019,3748
2016.04.05 10:00,0.65019,0.65061,0.64915,0.65027,5073
2016.04.05 10:30,0.65027,0.65074,0.64956,0.65061,3546
2016.04.05 11:00,0.65064,0.65109,0.64985,0.65032,3359
2016.04.05 11:30,0.65030,0.65086,0.64985,0.65041,3259
2016.04.05 12:00,0.65040,0.65040,0.64940,0.64992,3202
2016.04.05 12:30,0.64991,0.64992,0.64840,0.64881,3277
2016.04.05 13:00,0.64882,0.64929,0.64835,0.64907,2440
2016.04.05 13:30,0.64908,0.64919,0.64846,0.64870,2568
2016.04.05 14:00,0.64870,0.64933,0.64864,0.64896,2585
2016.04.05 14:30,0.64897,0.64904,0.64806,0.64882,2761
2016.04.05 15:00,0.64881,0.64908,0.64817,0.64843,3125
2016.04.05 15:30,0.64842,0.64903,0.64777,0.64854,3092
2016.04.05 16:00,0.64857,0.64912,0.64816,0.64869,3040
2016.04.05 16:30,0.64869,0.64915,0.64755,0.64811,4463
2016.04.05 17:00,0.64814,0.65059,0.64799,0.65058,5269
2016.04.05 17:30,0.65059,0.65173,0.64988,0.65117,4860
2016.04.05 18:00,0.65116,0.65118,0.64997,0.65036,3963
2016.04.05 18:30,0.65035,0.65067,0.64883,0.64967,4328
2016.04.05 19:00,0.64966,0.64975,0.64847,0.64849,4070
2016.04.05 19:30,0.64849,0.64899,0.64795,0.64829,1967
2016.04.05 20:00,0.64829,0.64906,0.64798,0.64903,1395
2016.04.05 20:30,0.64903,0.64942,0.64871,0.64935,1878
2016.04.05 21:00,0.64936,0.64983,0.64900,0.64976,1318
2016.04.05 21:30,0.64974,0.65041,0.64955,0.64971,1862
2016.04.05 22:00,0.64971,0.65019,0.64954,0.64974,373
2016.04.05 22:30,0.64975,0.64987,0.64933,0.64952,337
2016.04.05 23:00,0.64955,0.64981,0.64909,0.64961,180
2016.04.05 23:30,0.64959,0.65028,0.64954,0.64991,313
2016.04.06 00:00,0.64987,0.65075,0.64986,0.64998,219
2016.04.06 00:30,0.64997,0.65083,0.64981,0.65015,1145
2016.04.06 01:00,0.65018,0.65069,0.64991,0.65042,2484
2016.04.06 01:30,0.65043,0.65056,0.64995,0.65011,1268
2016.04.06 02:00,0.65010,0.65055,0.64996,0.65021,1027
2016.04.06 02:30,0.65021,0.65062,0.64996,0.65017,1482
2016.04.06 03:00,0.65018,0.65138,0.65002,0.65106,2118
2016.04.06 03:30,0.65105,0.65134,0.65031,0.65059,1993
2016.04.06 04:00,0.65059,0.65060,0.64926,0.64998,1882
2016.04.06 04:30,0.65000,0.65163,0.64997,0.65145,2262
2016.04.06 05:00,0.65145,0.65162,0.65082,0.65094,2453
2016.04.06 05:30,0.65094,0.65150,0.65070,0.65071,1763
2016.04.06 06:00,0.65073,0.65164,0.65062,0.65144,1386
2016.04.06 06:30,0.65145,0.65198,0.65131,0.65185,1411
2016.04.06 07:00,0.65184,0.65195,0.65163,0.65166,1269
2016.04.06 07:30,0.65167,0.65185,0.65133,0.65143,1143
2016.04.06 08:00,0.65144,0.65225,0.65143,0.65198,1175
2016.04.06 08:30,0.65197,0.65240,0.65168,0.65181,1547
2016.04.06 09:00,0.65182,0.65282,0.65171,0.65230,2732
2016.04.06 09:30,0.65231,0.65318,0.65208,0.65275,3091
2016.04.06 10:00,0.65275,0.65298,0.65115,0.65254,3952
2016.04.06 10:30,0.65253,0.65377,0.65224,0.65283,3312
2016.04.06 11:00,0.65279,0.65286,0.65102,0.65172,3843
2016.04.06 11:30,0.65171,0.65259,0.65146,0.65234,3237
2016.04.06 12:00,0.65235,0.65269,0.65172,0.65183,3139
2016.04.06 12:30,0.65182,0.65228,0.65136,0.65184,3300
2016.04.06 13:00,0.65182,0.65197,0.65101,0.65122,2939
2016.04.06 13:30,0.65119,0.65168,0.65082,0.65084,3185
2016.04.06 14:00,0.65083,0.65165,0.65083,0.65133,3109
2016.04.06 14:30,0.65132,0.65147,0.65019,0.65026,3648
2016.04.06 15:00,0.65029,0.65157,0.65002,0.65091,3885
2016.04.06 15:30,0.65094,0.65099,0.64959,0.64987,3879
2016.04.06 16:00,0.64987,0.65132,0.64966,0.65132,4061
2016.04.06 16:30,0.65133,0.65172,0.65028,0.65046,5168
2016.04.06 17:00,0.65050,0.65097,0.64924,0.64974,6209
2016.04.06 17:30,0.64971,0.65121,0.64959,0.65108,5541
2016.04.06 18:00,0.65107,0.65168,0.65028,0.65067,4583
2016.04.06 18:30,0.65067,0.65215,0.65037,0.65196,5741
2016.04.06 19:00,0.65195,0.65206,0.65105,0.65152,3322
2016.04.06 19:30,0.65153,0.65169,0.65088,0.65093,2507
2016.04.06 20:00,0.65094,0.65166,0.65079,0.65117,1897
2016.04.06 20:30,0.65117,0.65195,0.65104,0.65175,2180
2016.04.06 21:00,0.65170,0.65186,0.65048,0.65123,5621
2016.04.06 21:30,0.65126,0.65211,0.65079,0.65155,2654
2016.04.06 22:00,0.65156,0.65172,0.65104,0.65153,803
2016.04.06 22:30,0.65152,0.65297,0.65145,0.65237,496
2016.04.06 23:00,0.65234,0.65242,0.65161,0.65171,226
2016.04.06 23:30,0.65171,0.65204,0.65111,0.65111,293
2016.04.07 00:00,0.65115,0.65213,0.65115,0.65151,182
2016.04.07 00:30,0.65154,0.65267,0.65152,0.65152,1840
2016.04.07 01:00,0.65152,0.65254,0.65152,0.65232,654
2016.04.07 01:30,0.65234,0.65262,0.65214,0.65233,773
2016.04.07 02:00,0.65238,0.65308,0.65230,0.65298,2243
2016.04.07 02:30,0.65295,0.65325,0.65223,0.65247,1562
2016.04.07 03:00,0.65248,0.65300,0.65197,0.65297,2389
2016.04.07 03:30,0.65300,0.65327,0.65197,0.65223,2409
2016.04.07 04:00,0.65224,0.65237,0.65115,0.65130,2597
2016.04.07 04:30,0.65129,0.65166,0.65034,0.65164,2680
2016.04.07 05:00,0.65164,0.65170,0.65086,0.65170,2450
2016.04.07 05:30,0.65167,0.65169,0.65100,0.65131,1722
2016.04.07 06:00,0.65132,0.65143,0.65063,0.65080,1869
2016.04.07 06:30,0.65081,0.65121,0.65071,0.65112,1536
2016.04.07 07:00,0.65113,0.65162,0.65099,0.65144,1126
2016.04.07 07:30,0.65145,0.65161,0.65114,0.65137,1551
2016.04.07 08:00,0.65137,0.65305,0.65135,0.65265,2531
2016.04.07 08:30,0.65266,0.65305,0.65248,0.65250,1969
2016.04.07 09:00,0.65248,0.65305,0.65217,0.65283,3803
2016.04.07 09:30,0.65281,0.65329,0.65188,0.65197,4201
2016.04.07 10:00,0.65197,0.65204,0.65114,0.65124,4754
2016.04.07 10:30,0.65122,0.65186,0.65029,0.65177,5363
2016.04.07 11:00,0.65181,0.65327,0.65141,0.65316,4215
2016.04.07 11:30,0.65317,0.65351,0.65225,0.65258,2873
2016.04.07 12:00,0.65260,0.65312,0.65138,0.65145,3765
2016.04.07 12:30,0.65150,0.65151,0.64930,0.65006,4341
2016.04.07 13:00,0.65006,0.65077,0.64902,0.65036,3178
2016.04.07 13:30,0.65035,0.65140,0.65024,0.65126,3140
2016.04.07 14:00,0.65126,0.65159,0.65033,0.65036,3538
2016.04.07 14:30,0.65038,0.65076,0.64955,0.64967,3731
2016.04.07 15:00,0.64968,0.65045,0.64927,0.65007,4325
2016.04.07 15:30,0.65010,0.65055,0.64935,0.64997,3714
2016.04.07 16:00,0.64998,0.65095,0.64798,0.64836,5119
2016.04.07 16:30,0.64837,0.65018,0.64790,0.64970,6348
2016.04.07 17:00,0.64969,0.64975,0.64712,0.64787,6057
2016.04.07 17:30,0.64784,0.64807,0.64577,0.64776,6031
2016.04.07 18:00,0.64778,0.64793,0.64590,0.64645,5393
2016.04.07 18:30,0.64644,0.64722,0.64623,0.64658,2900
2016.04.07 19:00,0.64658,0.64673,0.64590,0.64620,2364
2016.04.07 19:30,0.64621,0.64675,0.64597,0.64658,2008
2016.04.07 20:00,0.64658,0.64765,0.64614,0.64739,2346
2016.04.07 20:30,0.64738,0.64788,0.64684,0.64701,2260
2016.04.07 21:00,0.64702,0.64718,0.64666,0.64696,2040
2016.04.07 21:30,0.64695,0.64731,0.64641,0.64674,1892
2016.04.07 22:00,0.64679,0.64741,0.64649,0.64731,613
2016.04.07 22:30,0.64737,0.64797,0.64712,0.64788,526
2016.04.07 23:00,0.64785,0.64801,0.64736,0.64755,235
2016.04.07 23:30,0.64749,0.64778,0.64693,0.64701,332
2016.04.08 00:00,0.64692,0.64748,0.64666,0.64736,360
2016.04.08 00:30,0.64712,0.64760,0.64686,0.64750,912
2016.04.08 01:00,0.64751,0.64819,0.64736,0.64810,1584
2016.04.08 01:30,0.64809,0.64813,0.64752,0.64787,759
2016.04.08 02:00,0.64792,0.64865,0.64789,0.64853,1035
2016.04.08 02:30,0.64854,0.64872,0.64777,0.64815,1150
2016.04.08 03:00,0.64816,0.64915,0.64816,0.64869,2104
2016.04.08 03:30,0.64871,0.64894,0.64837,0.64871,1835
2016.04.08 04:00,0.64873,0.64899,0.64825,0.64844,1470
2016.04.08 04:30,0.64845,0.64963,0.64845,0.64924,2368
2016.04.08 05:00,0.64923,0.64933,0.64819,0.64882,1294
2016.04.08 05:30,0.64884,0.64921,0.64853,0.64862,1069
2016.04.08 06:00,0.64862,0.64894,0.64836,0.64848,945
2016.04.08 06:30,0.64848,0.64858,0.64823,0.64844,898
2016.04.08 07:00,0.64844,0.64908,0.64834,0.64886,901
2016.04.08 07:30,0.64887,0.64895,0.64793,0.64797,1355
2016.04.08 08:00,0.64797,0.64928,0.64796,0.64889,1780
2016.04.08 08:30,0.64890,0.64947,0.64853,0.64928,1725
2016.04.08 09:00,0.64928,0.64944,0.64863,0.64917,1824
2016.04.08 09:30,0.64915,0.64961,0.64821,0.64911,2775
2016.04.08 10:00,0.64910,0.64965,0.64902,0.64928,3152
2016.04.08 10:30,0.64927,0.64989,0.64848,0.64903,4635
2016.04.08 11:00,0.64908,0.65086,0.64882,0.65046,3591
2016.04.08 11:30,0.65048,0.65057,0.64847,0.64880,3248
2016.04.08 12:00,0.64885,0.64916,0.64806,0.64807,2623
2016.04.08 12:30,0.64807,0.64911,0.64803,0.64881,2297
2016.04.08 13:00,0.64880,0.64990,0.64859,0.64958,2510
2016.04.08 13:30,0.64958,0.65017,0.64952,0.65009,2452
2016.04.08 14:00,0.65009,0.65013,0.64872,0.64924,2647
2016.04.08 14:30,0.64926,0.64976,0.64881,0.64932,2553
2016.04.08 15:00,0.64933,0.64991,0.64843,0.64984,2543
2016.04.08 15:30,0.64984,0.65121,0.64975,0.65104,4556
2016.04.08 16:00,0.65103,0.65153,0.64878,0.64935,4196
2016.04.08 16:30,0.64935,0.64992,0.64863,0.64944,4151
2016.04.08 17:00,0.64942,0.64977,0.64876,0.64956,5192
2016.04.08 17:30,0.64958,0.65102,0.64948,0.65025,4110
2016.04.08 18:00,0.65027,0.65097,0.64952,0.64979,4350
2016.04.08 18:30,0.64977,0.64985,0.64907,0.64955,2509
2016.04.08 19:00,0.64953,0.64988,0.64914,0.64935,1704
2016.04.08 19:30,0.64935,0.65015,0.64912,0.64963,2005
2016.04.08 20:00,0.64964,0.65019,0.64866,0.64873,1853
2016.04.08 20:30,0.64873,0.64940,0.64857,0.64931,1292
2016.04.08 21:00,0.64931,0.64984,0.64925,0.64974,1472
2016.04.08 21:30,0.64972,0.64972,0.64914,0.64946,1615
2016.04.08 22:00,0.64947,0.64966,0.64894,0.64907,471
2016.04.08 22:30,0.64906,0.64936,0.64875,0.64893,517
2016.04.08 23:00,0.64888,0.64900,0.64875,0.64875,189
2016.04.08 23:30,0.64873,0.64993,0.64808,0.64932,664
2016.04.11 00:00,0.64725,0.64859,0.64684,0.64838,362
2016.04.11 00:30,0.64839,0.64872,0.64777,0.64852,232
2016.04.11 01:00,0.64850,0.64956,0.64820,0.64954,890
2016.04.11 01:30,0.64955,0.64991,0.64912,0.64954,547
2016.04.11 02:00,0.64956,0.64986,0.64937,0.64957,817
2016.04.11 02:30,0.64958,0.64980,0.64934,0.64953,609
2016.04.11 03:00,0.64953,0.64967,0.64884,0.64885,1552
2016.04.11 03:30,0.64885,0.64922,0.64803,0.64841,1706
2016.04.11 04:00,0.64842,0.64878,0.64666,0.64675,2041
2016.04.11 04:30,0.64678,0.64788,0.64668,0.64773,2152
2016.04.11 05:00,0.64773,0.64855,0.64743,0.64803,1836
2016.04.11 05:30,0.64804,0.64949,0.64781,0.64918,1929
2016.04.11 06:00,0.64919,0.64938,0.64886,0.64915,1531
2016.04.11 06:30,0.64914,0.64943,0.64849,0.64868,1850
2016.04.11 07:00,0.64868,0.64921,0.64861,0.64901,1934
2016.04.11 07:30,0.64902,0.64955,0.64882,0.64935,1529
2016.04.11 08:00,0.64937,0.65005,0.64937,0.64993,1157
2016.04.11 08:30,0.64992,0.64995,0.64879,0.64938,1187
2016.04.11 09:00,0.64933,0.64955,0.64820,0.64845,1961
2016.04.11 09:30,0.64839,0.64970,0.64813,0.64955,2009
2016.04.11 10:00,0.64958,0.65012,0.64901,0.64927,3230
2016.04.11 10:30,0.64927,0.65153,0.64858,0.65083,3600
2016.04.11 11:00,0.65084,0.65181,0.65075,0.65103,3442
2016.04.11 11:30,0.65105,0.65216,0.65100,0.65141,3099
2016.04.11 12:00,0.65142,0.65314,0.65129,0.65311,2552
2016.04.11 12:30,0.65312,0.65352,0.65271,0.65337,2982
2016.04.11 13:00,0.65336,0.65348,0.65282,0.65298,2724
2016.04.11 13:30,0.65301,0.65434,0.65280,0.65398,2483
2016.04.11 14:00,0.65399,0.65403,0.65233,0.65238,2190
2016.04.11 14:30,0.65237,0.65259,0.65167,0.65186,1916
2016.04.11 15:00,0.65187,0.65257,0.65170,0.65236,2625
2016.04.11 15:30,0.65236,0.65403,0.65208,0.65356,3074
2016.04.11 16:00,0.65356,0.65460,0.65317,0.65342,3325
2016.04.11 16:30,0.65340,0.65408,0.65285,0.65342,5188
2016.04.11 17:00,0.65340,0.65352,0.65217,0.65258,4262
2016.04.11 17:30,0.65259,0.65315,0.65174,0.65264,4275
2016.04.11 18:00,0.65267,0.65415,0.65256,0.65386,3177
2016.04.11 18:30,0.65384,0.65400,0.65297,0.65393,2698
2016.04.11 19:00,0.65393,0.65504,0.65354,0.65472,2099
2016.04.11 19:30,0.65468,0.65483,0.65414,0.65469,1872
2016.04.11 20:00,0.65467,0.65472,0.65394,0.65403,1378
2016.04.11 20:30,0.65404,0.65449,0.65386,0.65441,1643
2016.04.11 21:00,0.65439,0.65523,0.65404,0.65520,1841
2016.04.11 21:30,0.65520,0.65528,0.65474,0.65508,1544
2016.04.11 22:00,0.65502,0.65502,0.65430,0.65435,454
2016.04.11 22:30,0.65438,0.65451,0.65401,0.65434,395
2016.04.11 23:00,0.65435,0.65446,0.65385,0.65426,286
2016.04.11 23:30,0.65425,0.65446,0.65329,0.65329,315
2016.04.12 00:00,0.65329,0.65444,0.65312,0.65426,327
2016.04.12 00:30,0.65426,0.65472,0.65376,0.65382,1595
2016.04.12 01:00,0.65381,0.65417,0.65366,0.65408,900
2016.04.12 01:30,0.65416,0.65438,0.65368,0.65435,545
2016.04.12 02:00,0.65432,0.65443,0.65370,0.65374,844
2016.04.12 02:30,0.65373,0.65410,0.65354,0.65399,914
2016.04.12 03:00,0.65397,0.65479,0.65378,0.65434,1542
2016.04.12 03:30,0.65431,0.65485,0.65415,0.65459,1563
2016.04.12 04:00,0.65459,0.65500,0.65411,0.65492,1523
2016.04.12 04:30,0.65487,0.65541,0.65444,0.65518,2422
2016.04.12 05:00,0.65518,0.65604,0.65449,0.65550,1670
2016.04.12 05:30,0.65549,0.65570,0.65479,0.65491,1010
2016.04.12 06:00,0.65489,0.65601,0.65474,0.65580,1027
2016.04.12 06:30,0.65579,0.65661,0.65577,0.65650,1760
2016.04.12 07:00,0.65649,0.65732,0.65640,0.65694,1424
2016.04.12 07:30,0.65693,0.65714,0.65643,0.65657,1231
2016.04.12 08:00,0.65656,0.65673,0.65618,0.65654,1464
2016.04.12 08:30,0.65654,0.65663,0.65542,0.65557,1768
2016.04.12 09:00,0.65560,0.65560,0.65407,0.65468,2632
2016.04.12 09:30,0.65467,0.65584,0.65463,0.65528,2300
2016.04.12 10:00,0.65528,0.65565,0.65447,0.65467,3874
2016.04.12 10:30,0.65467,0.65554,0.65430,0.65434,3569
2016.04.12 11:00,0.65436,0.65465,0.65348,0.65438,4350
2016.04.12 11:30,0.65436,0.65537,0.65434,0.65518,3385
2016.04.12 12:00,0.65519,0.65676,0.65508,0.65632,2781
2016.04.12 12:30,0.65630,0.65667,0.65599,0.65631,1989
2016.04.12 13:00,0.65631,0.65675,0.65562,0.65585,2266
2016.04.12 13:30,0.65584,0.65675,0.65569,0.65665,1761
2016.04.12 14:00,0.65664,0.65708,0.65597,0.65603,2436
2016.04.12 14:30,0.65603,0.65712,0.65599,0.65619,1956
2016.04.12 15:00,0.65620,0.65849,0.65615,0.65814,3809
2016.04.12 15:30,0.65814,0.66048,0.65809,0.65928,4355
2016.04.12 16:00,0.65925,0.65938,0.65875,0.65882,3022
2016.04.12 16:30,0.65882,0.65899,0.65752,0.65796,5101
2016.04.12 17:00,0.65797,0.65967,0.65771,0.65815,5170
2016.04.12 17:30,0.65814,0.65978,0.65814,0.65886,5410
2016.04.12 18:00,0.65890,0.66015,0.65862,0.65913,4609
2016.04.12 18:30,0.65914,0.65947,0.65839,0.65847,2832
2016.04.12 19:00,0.65849,0.65968,0.65829,0.65959,2287
2016.04.12 19:30,0.65958,0.65979,0.65938,0.65947,1645
2016.04.12 20:00,0.65951,0.65966,0.65929,0.65939,1635
2016.04.12 20:30,0.65939,0.66065,0.65938,0.66048,1855
2016.04.12 21:00,0.66048,0.66069,0.65984,0.66048,2287
2016.04.12 21:30,0.66052,0.66085,0.66041,0.66077,1565
2016.04.12 22:00,0.66077,0.66086,0.66038,0.66039,494
2016.04.12 22:30,0.66038,0.66064,0.66024,0.66034,431
2016.04.12 23:00,0.66040,0.66051,0.66005,0.66035,298
2016.04.12 23:30,0.66033,0.66120,0.66016,0.66080,547
2016.04.13 00:00,0.66077,0.66081,0.66005,0.66035,269
2016.04.13 00:30,0.66039,0.66091,0.66017,0.66083,927
2016.04.13 01:00,0.66080,0.66118,0.66050,0.66078,955
2016.04.13 01:30,0.66085,0.66110,0.66055,0.66088,453
2016.04.13 02:00,0.66086,0.66106,0.66071,0.66092,1174
2016.04.13 02:30,0.66091,0.66130,0.66069,0.66119,892
2016.04.13 03:00,0.66118,0.66244,0.66110,0.66129,1295
2016.04.13 03:30,0.66138,0.66203,0.66123,0.66201,1587
2016.04.13 04:00,0.66202,0.66242,0.66177,0.66236,1640
2016.04.13 04:30,0.66237,0.66301,0.66213,0.66264,1864
2016.04.13 05:00,0.66271,0.66459,0.66270,0.66415,2121
2016.04.13 05:30,0.66415,0.66456,0.66393,0.66429,1584
2016.04.13 06:00,0.66427,0.66494,0.66425,0.66441,1246
2016.04.13 06:30,0.66441,0.66449,0.66395,0.66399,812
2016.04.13 07:00,0.66400,0.66442,0.66398,0.66422,795
2016.04.13 07:30,0.66421,0.66451,0.66391,0.66395,753
2016.04.13 08:00,0.66397,0.66412,0.66375,0.66392,1009
2016.04.13 08:30,0.66391,0.66420,0.66265,0.66281,1832
2016.04.13 09:00,0.66282,0.66363,0.66138,0.66152,2838
2016.04.13 09:30,0.66154,0.66200,0.66084,0.66098,3774
2016.04.13 10:00,0.66097,0.66325,0.66080,0.66303,4378
2016.04.13 10:30,0.66304,0.66308,0.66212,0.66248,3632
2016.04.13 11:00,0.66248,0.66376,0.66247,0.66343,3265
2016.04.13 11:30,0.66345,0.66476,0.66321,0.66470,3586
2016.04.13 12:00,0.66471,0.66610,0.66471,0.66608,3907
2016.04.13 12:30,0.66608,0.66624,0.66522,0.66579,3464
2016.04.13 13:00,0.66580,0.66602,0.66516,0.66591,2899
2016.04.13 13:30,0.66588,0.66604,0.66526,0.66559,2700
2016.04.13 14:00,0.66559,0.66601,0.66470,0.66503,3214
2016.04.13 14:30,0.66506,0.66539,0.66459,0.66525,2597
2016.04.13 15:00,0.66527,0.66608,0.66442,0.66456,3766
2016.04.13 15:30,0.66476,0.66674,0.66441,0.66567,5525
2016.04.13 16:00,0.66566,0.66712,0.66562,0.66632,4124
2016.04.13 16:30,0.66634,0.66745,0.66624,0.66713,5583
2016.04.13 17:00,0.66712,0.66812,0.66658,0.66685,5135
2016.04.13 17:30,0.66685,0.66735,0.66595,0.66622,5085
2016.04.13 18:00,0.66620,0.66724,0.66618,0.66680,4838
2016.04.13 18:30,0.66680,0.66740,0.66630,0.66716,3490
2016.04.13 19:00,0.66715,0.66789,0.66697,0.66705,3003
2016.04.13 19:30,0.66705,0.66804,0.66694,0.66763,2156
2016.04.13 20:00,0.66765,0.66805,0.66735,0.66800,1836
2016.04.13 20:30,0.66799,0.66876,0.66793,0.66876,1758
2016.04.13 21:00,0.66875,0.66927,0.66870,0.66902,1831
2016.04.13 21:30,0.66904,0.66931,0.66885,0.66920,1189
2016.04.13 22:00,0.66921,0.66931,0.66852,0.66892,422
2016.04.13 22:30,0.66892,0.66908,0.66799,0.66855,463
2016.04.13 23:00,0.66853,0.66878,0.66789,0.66789,311
2016.04.13 23:30,0.66789,0.66896,0.66783,0.66831,997
2016.04.14 00:00,0.66839,0.66854,0.66814,0.66827,174
2016.04.14 00:30,0.66851,0.66863,0.66828,0.66843,777
2016.04.14 01:00,0.66847,0.66855,0.66795,0.66821,723
2016.04.14 01:30,0.66822,0.66845,0.66758,0.66777,803
2016.04.14 02:00,0.66776,0.66817,0.66759,0.66794,823
2016.04.14 02:30,0.66796,0.66846,0.66787,0.66790,994
2016.04.14 03:00,0.66791,0.66791,0.66601,0.66608,2023
2016.04.14 03:30,0.66609,0.66663,0.66499,0.66617,2394
2016.04.14 04:00,0.66614,0.66701,0.66589,0.66637,1735
2016.04.14 04:30,0.66640,0.66732,0.66204,0.66206,4194
2016.04.14 05:00,0.66208,0.66273,0.66111,0.66271,2746
2016.04.14 05:30,0.66267,0.66332,0.66231,0.66264,2280
2016.04.14 06:00,0.66264,0.66275,0.66126,0.66150,1737
2016.04.14 06:30,0.66152,0.66174,0.66064,0.66081,1705
2016.04.14 07:00,0.66081,0.66171,0.66057,0.66161,1682
2016.04.14 07:30,0.66164,0.66190,0.66116,0.66153,1103
2016.04.14 08:00,0.66153,0.66214,0.66133,0.66159,1729
2016.04.14 08:30,0.66159,0.66171,0.66093,0.66114,1229
2016.04.14 09:00,0.66115,0.66191,0.66058,0.66061,2693
2016.04.14 09:30,0.66063,0.66106,0.65995,0.66054,2718
2016.04.14 10:00,0.66057,0.66173,0.66048,0.66129,3800
2016.04.14 10:30,0.66132,0.66334,0.66121,0.66278,3463
2016.04.14 11:00,0.66279,0.66365,0.66262,0.66268,2931
2016.04.14 11:30,0.66269,0.66400,0.66199,0.66331,2959
2016.04.14 12:00,0.66331,0.66425,0.66281,0.66417,2700
2016.04.14 12:30,0.66417,0.66462,0.66282,0.66294,2793
2016.04.14 13:00,0.66297,0.66358,0.66253,0.66265,2917
2016.04.14 13:30,0.66269,0.66270,0.66157,0.66217,2829
2016.04.14 14:00,0.66219,0.66362,0.66137,0.66339,3111
2016.04.14 14:30,0.66340,0.66345,0.66251,0.66308,2124
2016.04.14 15:00,0.66308,0.66335,0.66177,0.66182,2795
2016.04.14 15:30,0.66186,0.66382,0.66122,0.66300,5494
2016.04.14 16:00,0.66300,0.66432,0.66288,0.66419,4201
2016.04.14 16:30,0.66420,0.66420,0.66273,0.66329,4058
2016.04.14 17:00,0.66331,0.66390,0.66301,0.66323,3455
2016.04.14 17:30,0.66322,0.66384,0.66256,0.66371,3860
2016.04.14 18:00,0.66370,0.66402,0.66306,0.66311,3091
2016.04.14 18:30,0.66314,0.66378,0.66311,0.66332,2526
2016.04.14 19:00,0.66333,0.66370,0.66321,0.66350,1490
2016.04.14 19:30,0.66350,0.66370,0.66295,0.66367,2018
2016.04.14 20:00,0.66366,0.66385,0.66315,0.66335,1460
2016.04.14 20:30,0.66334,0.66375,0.66330,0.66361,1433
2016.04.14 21:00,0.66358,0.66411,0.66351,0.66369,1263
2016.04.14 21:30,0.66366,0.66368,0.66298,0.66318,1814
2016.04.14 22:00,0.66318,0.66355,0.66227,0.66238,427
2016.04.14 22:30,0.66242,0.66285,0.66225,0.66277,448
2016.04.14 23:00,0.66274,0.66281,0.66167,0.66172,293
2016.04.14 23:30,0.66172,0.66193,0.66084,0.66084,500
2016.04.15 00:00,0.66086,0.66182,0.66072,0.66146,375
2016.04.15 00:30,0.66150,0.66179,0.66119,0.66132,1486
2016.04.15 01:00,0.66136,0.66180,0.66127,0.66178,1611
2016.04.15 01:30,0.66181,0.66237,0.66158,0.66237,497
2016.04.15 02:00,0.66235,0.66280,0.66207,0.66273,955
2016.04.15 02:30,0.66276,0.66304,0.66219,0.66272,1139
2016.04.15 03:00,0.66273,0.66287,0.66224,0.66262,1593
2016.04.15 03:30,0.66262,0.66327,0.66230,0.66316,1739
2016.04.15 04:00,0.66318,0.66445,0.66316,0.66394,1233
2016.04.15 04:30,0.66393,0.66545,0.66375,0.66509,1168
2016.04.15 05:00,0.66506,0.66629,0.66447,0.66542,1705
2016.04.15 05:30,0.66539,0.66601,0.66511,0.66558,1284
2016.04.15 06:00,0.66560,0.66571,0.66454,0.66474,1258
2016.04.15 06:30,0.66475,0.66505,0.66439,0.66491,868
2016.04.15 07:00,0.66490,0.66538,0.66485,0.66534,1301
2016.04.15 07:30,0.66534,0.66692,0.66531,0.66638,1723
2016.04.15 08:00,0.66637,0.66676,0.66609,0.66660,1479
2016.04.15 08:30,0.66656,0.66699,0.66566,0.66572,1870
2016.04.15 09:00,0.66574,0.66689,0.66504,0.66683,2998
2016.04.15 09:30,0.66687,0.66807,0.66612,0.66767,2418
2016.04.15 10:00,0.66767,0.66869,0.66645,0.66867,3481
2016.04.15 10:30,0.66868,0.66952,0.66821,0.66871,3382
2016.04.15 11:00,0.66871,0.66905,0.66806,0.66823,2666
2016.04.15 11:30,0.66823,0.66843,0.66753,0.66805,3029
2016.04.15 12:00,0.66807,0.66917,0.66782,0.66845,2716
2016.04.15 12:30,0.66846,0.66906,0.66826,0.66827,1930
2016.04.15 13:00,0.66829,0.67011,0.66816,0.67006,2662
2016.04.15 13:30,0.67006,0.67008,0.66889,0.66891,2148
2016.04.15 14:00,0.66890,0.66902,0.66828,0.66840,2562
2016.04.15 14:30,0.66840,0.66900,0.66813,0.66871,2106
2016.04.15 15:00,0.66869,0.66889,0.66681,0.66712,3181
2016.04.15 15:30,0.66707,0.66793,0.66641,0.66761,2762
2016.04.15 16:00,0.66759,0.66814,0.66714,0.66785,3013
2016.04.15 16:30,0.66783,0.66800,0.66676,0.66702,3498
2016.04.15 17:00,0.66707,0.66764,0.66612,0.66694,5757
2016.04.15 17:30,0.66695,0.66763,0.66645,0.66742,4327
2016.04.15 18:00,0.66743,0.66813,0.66708,0.66758,3020
2016.04.15 18:30,0.66759,0.66872,0.66736,0.66810,2445
2016.04.15 19:00,0.66810,0.66833,0.66754,0.66825,1667
2016.04.15 19:30,0.66824,0.66841,0.66763,0.66815,1715
2016.04.15 20:00,0.66814,0.66814,0.66763,0.66783,1753
2016.04.15 20:30,0.66780,0.66854,0.66753,0.66832,1518
2016.04.15 21:00,0.66833,0.66884,0.66810,0.66884,1631
2016.04.15 21:30,0.66883,0.66919,0.66875,0.66915,1108
2016.04.15 22:00,0.66914,0.66917,0.66853,0.66860,240
2016.04.15 22:30,0.66858,0.66910,0.66854,0.66888,205
2016.04.15 23:00,0.66888,0.66946,0.66881,0.66911,286
2016.04.15 23:30,0.66905,0.66995,0.66836,0.66954,466
2016.04.18 00:00,0.66320,0.66524,0.66267,0.66497,340
2016.04.18 00:30,0.66487,0.66574,0.66401,0.66546,736
2016.04.18 01:00,0.66548,0.66603,0.66427,0.66554,1193
2016.04.18 01:30,0.66555,0.66819,0.66129,0.66757,2177
2016.04.18 02:00,0.66757,0.66991,0.66699,0.66723,1634
2016.04.18 02:30,0.66723,0.66773,0.66442,0.66560,1695
2016.04.18 03:00,0.66558,0.66600,0.66468,0.66535,2443
2016.04.18 03:30,0.66538,0.66630,0.66510,0.66541,2210
2016.04.18 04:00,0.66545,0.66786,0.66540,0.66680,2199
2016.04.18 04:30,0.66679,0.66808,0.66661,0.66762,1579
2016.04.18 05:00,0.66762,0.66822,0.66680,0.66809,1787
2016.04.18 05:30,0.66809,0.66930,0.66755,0.66819,1645
2016.04.18 06:00,0.66818,0.66918,0.66806,0.66894,1455
2016.04.18 06:30,0.66893,0.66910,0.66846,0.66895,942
2016.04.18 07:00,0.66895,0.66904,0.66822,0.66856,719
2016.04.18 07:30,0.66858,0.66940,0.66853,0.66925,1085
2016.04.18 08:00,0.66926,0.66929,0.66829,0.66846,1215
2016.04.18 08:30,0.66849,0.66877,0.66827,0.66874,1572
2016.04.18 09:00,0.66875,0.66877,0.66770,0.66815,2538
2016.04.18 09:30,0.66816,0.66821,0.66607,0.66644,3216
2016.04.18 10:00,0.66643,0.66753,0.66613,0.66693,3786
2016.04.18 10:30,0.66693,0.66908,0.66689,0.66852,3775
2016.04.18 11:00,0.66851,0.66952,0.66817,0.66820,3182
2016.04.18 11:30,0.66820,0.66968,0.66789,0.66884,3187
2016.04.18 12:00,0.66885,0.66951,0.66828,0.66832,3235
2016.04.18 12:30,0.66831,0.66923,0.66817,0.66885,2271
2016.04.18 13:00,0.66886,0.66929,0.66838,0.66907,3018
2016.04.18 13:30,0.66912,0.66959,0.66876,0.66908,1734
2016.04.18 14:00,0.66908,0.66984,0.66884,0.66948,1733
2016.04.18 14:30,0.66947,0.67004,0.66915,0.66939,1966
2016.04.18 15:00,0.66940,0.66996,0.66893,0.66953,3646
2016.04.18 15:30,0.66955,0.67106,0.66912,0.66958,3630
2016.04.18 16:00,0.66961,0.66961,0.66837,0.66848,2844
2016.04.18 16:30,0.66848,0.66866,0.66758,0.66806,4380
2016.04.18 17:00,0.66812,0.66877,0.66680,0.66773,4510
2016.04.18 17:30,0.66772,0.66917,0.66747,0.66858,3267
2016.04.18 18:00,0.66858,0.66951,0.66799,0.66888,3473
2016.04.18 18:30,0.66890,0.66980,0.66860,0.66905,2475
2016.04.18 19:00,0.66904,0.67022,0.66902,0.66973,1595
2016.04.18 19:30,0.66973,0.66995,0.66926,0.66959,1680
2016.04.18 20:00,0.66958,0.66978,0.66913,0.66964,1493
2016.04.18 20:30,0.66972,0.66980,0.66882,0.66930,1321
2016.04.18 21:00,0.66928,0.66956,0.66908,0.66939,1203
2016.04.18 21:30,0.66940,0.66977,0.66919,0.66965,1287
2016.04.18 22:00,0.66965,0.66983,0.66936,0.66968,277
2016.04.18 22:30,0.66967,0.67013,0.66966,0.67010,273
2016.04.18 23:00,0.67007,0.67007,0.66963,0.66975,242
2016.04.18 23:30,0.66971,0.67054,0.66907,0.66907,318
2016.04.19 00:00,0.66893,0.67012,0.66891,0.66976,238
2016.04.19 00:30,0.66973,0.67093,0.66948,0.67087,581
2016.04.19 01:00,0.67081,0.67097,0.67049,0.67071,833
2016.04.19 01:30,0.67070,0.67140,0.67063,0.67088,502
2016.04.19 02:00,0.67087,0.67175,0.67080,0.67134,944
2016.04.19 02:30,0.67135,0.67412,0.67131,0.67309,1622
2016.04.19 03:00,0.67310,0.67384,0.67248,0.67265,1610
2016.04.19 03:30,0.67266,0.67348,0.67235,0.67286,1324
2016.04.19 04:00,0.67284,0.67400,0.67283,0.67283,1404
2016.04.19 04:30,0.67284,0.67389,0.67270,0.67295,1754
2016.04.19 05:00,0.67294,0.67306,0.67235,0.67251,995
2016.04.19 05:30,0.67253,0.67282,0.67232,0.67276,1136
2016.04.19 06:00,0.67277,0.67323,0.67259,0.67310,812
2016.04.19 06:30,0.67310,0.67452,0.67304,0.67377,1231
2016.04.19 07:00,0.67378,0.67382,0.67323,0.67355,806
2016.04.19 07:30,0.67354,0.67433,0.67337,0.67423,802
2016.04.19 08:00,0.67424,0.67491,0.67396,0.67416,901
2016.04.19 08:30,0.67415,0.67486,0.67384,0.67463,1330
2016.04.19 09:00,0.67461,0.67476,0.67313,0.67383,2709
2016.04.19 09:30,0.67386,0.67584,0.67378,0.67528,3205
2016.04.19 10:00,0.67529,0.67623,0.67512,0.67554,3694
2016.04.19 10:30,0.67554,0.67647,0.67542,0.67607,2353
2016.04.19 11:00,0.67611,0.67647,0.67490,0.67503,2894
2016.04.19 11:30,0.67503,0.67560,0.67479,0.67491,2511
2016.04.19 12:00,0.67493,0.67568,0.67349,0.67359,2659
2016.04.19 12:30,0.67360,0.67563,0.67346,0.67563,2419
2016.04.19 13:00,0.67564,0.67676,0.67555,0.67628,2381
2016.04.19 13:30,0.67627,0.67769,0.67590,0.67738,2568
2016.04.19 14:00,0.67738,0.67793,0.67694,0.67701,2709
2016.04.19 14:30,0.67701,0.67767,0.67658,0.67685,2464
2016.04.19 15:00,0.67685,0.67749,0.67658,0.67663,3170
2016.04.19 15:30,0.67665,0.67690,0.67559,0.67582,3926
2016.04.19 16:00,0.67581,0.67602,0.67481,0.67559,3354
2016.04.19 16:30,0.67559,0.67664,0.67550,0.67617,4802
2016.04.19 17:00,0.67617,0.67733,0.67456,0.67475,4621
2016.04.19 17:30,0.67475,0.67560,0.67465,0.67489,3611
2016.04.19 18:00,0.67484,0.67535,0.67427,0.67462,3392
2016.04.19 18:30,0.67460,0.67576,0.67441,0.67486,2595
2016.04.19 19:00,0.67486,0.67527,0.67424,0.67486,2196
2016.04.19 19:30,0.67485,0.67486,0.67398,0.67460,1590
2016.04.19 20:00,0.67460,0.67523,0.67436,0.67447,1995
2016.04.19 20:30,0.67443,0.67582,0.67440,0.67580,1111
2016.04.19 21:00,0.67578,0.67582,0.67528,0.67570,1000
2016.04.19 21:30,0.67564,0.67658,0.67531,0.67649,1183
2016.04.19 22:00,0.67648,0.67701,0.67615,0.67675,347
2016.04.19 22:30,0.67672,0.67765,0.67662,0.67751,522
2016.04.19 23:00,0.67754,0.67793,0.67726,0.67779,329
2016.04.19 23:30,0.67774,0.67794,0.67687,0.67706,429
2016.04.20 00:00,0.67706,0.67773,0.67636,0.67679,238
2016.04.20 00:30,0.67683,0.67765,0.67670,0.67752,527
2016.04.20 01:00,0.67751,0.67783,0.67695,0.67733,679
2016.04.20 01:30,0.67738,0.67755,0.67718,0.67736,459
2016.04.20 02:00,0.67734,0.67749,0.67672,0.67682,466
2016.04.20 02:30,0.67682,0.67700,0.67595,0.67610,554
2016.04.20 03:00,0.67610,0.67664,0.67431,0.67431,1332
2016.04.20 03:30,0.67433,0.67477,0.67358,0.67420,1113
2016.04.20 04:00,0.67420,0.67480,0.67387,0.67460,1228
2016.04.20 04:30,0.67458,0.67503,0.67399,0.67428,1045
2016.04.20 05:00,0.67428,0.67435,0.67349,0.67405,867
2016.04.20 05:30,0.67406,0.67459,0.67404,0.67436,856
2016.04.20 06:00,0.67435,0.67469,0.67388,0.67433,1116
2016.04.20 06:30,0.67435,0.67457,0.67370,0.67383,1436
2016.04.20 07:00,0.67382,0.67415,0.67364,0.67404,700
2016.04.20 07:30,0.67406,0.67424,0.67319,0.67375,874
2016.04.20 08:00,0.67372,0.67376,0.67314,0.67348,1279
2016.04.20 08:30,0.67348,0.67351,0.67234,0.67264,1770
2016.04.20 09:00,0.67264,0.67339,0.67224,0.67337,2534
2016.04.20 09:30,0.67337,0.67389,0.67258,0.67345,2262
2016.04.20 10:00,0.67345,0.67430,0.67247,0.67332,3396
2016.04.20 10:30,0.67330,0.67388,0.67297,0.67341,2430
2016.04.20 11:00,0.67340,0.67459,0.67328,0.67337,3116
2016.04.20 11:30,0.67337,0.67459,0.67329,0.67354,3369
2016.04.20 12:00,0.67353,0.67399,0.67297,0.67299,2365
2016.04.20 12:30,0.67299,0.67442,0.67284,0.67411,2934
2016.04.20 13:00,0.67410,0.67446,0.67341,0.67350,2430
2016.04.20 13:30,0.67353,0.67354,0.67232,0.67272,2334
2016.04.20 14:00,0.67274,0.67395,0.67246,0.67358,2081
2016.04.20 14:30,0.67360,0.67474,0.67346,0.67379,2589
2016.04.20 15:00,0.67379,0.67395,0.67311,0.67333,3231
2016.04.20 15:30,0.67332,0.67333,0.67212,0.67237,3348
2016.04.20 16:00,0.67241,0.67320,0.67206,0.67207,3414
2016.04.20 16:30,0.67206,0.67378,0.67193,0.67277,4377
2016.04.20 17:00,0.67277,0.67453,0.67275,0.67453,4410
2016.04.20 17:30,0.67450,0.67585,0.67427,0.67585,5299
2016.04.20 18:00,0.67585,0.67679,0.67508,0.67647,4944
2016.04.20 18:30,0.67647,0.67774,0.67603,0.67642,3414
2016.04.20 19:00,0.67643,0.67652,0.67577,0.67620,2233
2016.04.20 19:30,0.67620,0.67661,0.67579,0.67631,2020
2016.04.20 20:00,0.67631,0.67690,0.67611,0.67681,2353
2016.04.20 20:30,0.67678,0.67809,0.67667,0.67760,2487
2016.04.20 21:00,0.67762,0.67798,0.67725,0.67772,1966
2016.04.20 21:30,0.67772,0.67820,0.67736,0.67751,1944
2016.04.20 22:00,0.67751,0.67860,0.67704,0.67779,874
2016.04.20 22:30,0.67783,0.67806,0.67739,0.67779,638
2016.04.20 23:00,0.67781,0.67791,0.67753,0.67785,237
2016.04.20 23:30,0.67781,0.67806,0.67728,0.67737,491
2016.04.21 00:00,0.67745,0.67806,0.67714,0.67785,276
2016.04.21 00:30,0.67791,0.67833,0.67746,0.67749,796
2016.04.21 01:00,0.67749,0.67806,0.67740,0.67761,936
2016.04.21 01:30,0.67762,0.67803,0.67712,0.67713,625
2016.04.21 02:00,0.67714,0.67743,0.67684,0.67736,971
2016.04.21 02:30,0.67734,0.67783,0.67711,0.67719,769
2016.04.21 03:00,0.67719,0.67720,0.67596,0.67655,1536
2016.04.21 03:30,0.67655,0.67709,0.67553,0.67605,1628
2016.04.21 04:00,0.67602,0.67674,0.67587,0.67623,1350
2016.04.21 04:30,0.67624,0.67691,0.67543,0.67642,1818
2016.04.21 05:00,0.67638,0.67640,0.67564,0.67575,1303
2016.04.21 05:30,0.67575,0.67620,0.67521,0.67560,1387
2016.04.21 06:00,0.67564,0.67674,0.67556,0.67674,1159
2016.04.21 06:30,0.67675,0.67728,0.67648,0.67719,1016
2016.04.21 07:00,0.67718,0.67725,0.67669,0.67711,859
2016.04.21 07:30,0.67711,0.67728,0.67674,0.67702,506
2016.04.21 08:00,0.67698,0.67705,0.67612,0.67636,478
2016.04.21 08:30,0.67636,0.67722,0.67636,0.67720,799
2016.04.21 09:00,0.67720,0.67761,0.67623,0.67670,2864
2016.04.21 09:30,0.67672,0.67683,0.67542,0.67549,3262
2016.04.21 10:00,0.67551,0.67710,0.67551,0.67708,3226
2016.04.21 10:30,0.67709,0.67720,0.67613,0.67622,3794
2016.04.21 11:00,0.67623,0.67662,0.67538,0.67625,3278
2016.04.21 11:30,0.67625,0.67678,0.67582,0.67588,3131
2016.04.21 12:00,0.67587,0.67633,0.67522,0.67599,3117
2016.04.21 12:30,0.67599,0.67639,0.67551,0.67564,2096
2016.04.21 13:00,0.67565,0.67590,0.67500,0.67575,2242
2016.04.21 13:30,0.67577,0.67668,0.67570,0.67646,2412
2016.04.21 14:00,0.67648,0.67674,0.67541,0.67568,2921
2016.04.21 14:30,0.67572,0.67572,0.67427,0.67438,3075
2016.04.21 15:00,0.67437,0.67541,0.67412,0.67443,4805
2016.04.21 15:30,0.67455,0.67567,0.67280,0.67306,6528
2016.04.21 16:00,0.67304,0.67319,0.67159,0.67207,5620
2016.04.21 16:30,0.67206,0.67385,0.67067,0.67304,7043
2016.04.21 17:00,0.67304,0.67460,0.67299,0.67427,5517
2016.04.21 17:30,0.67428,0.67550,0.67398,0.67412,5582
2016.04.21 18:00,0.67412,0.67433,0.67311,0.67343,4326
2016.04.21 18:30,0.67343,0.67358,0.67237,0.67279,2810
2016.04.21 19:00,0.67279,0.67293,0.67234,0.67273,2285
2016.04.21 19:30,0.67273,0.67310,0.67219,0.67269,1997
2016.04.21 20:00,0.67270,0.67296,0.67165,0.67217,1827
2016.04.21 20:30,0.67221,0.67305,0.67188,0.67302,1519
2016.04.21 21:00,0.67303,0.67331,0.67205,0.67249,2115
2016.04.21 21:30,0.67247,0.67293,0.67211,0.67291,1623
2016.04.21 22:00,0.67288,0.67300,0.67246,0.67269,432
2016.04.21 22:30,0.67268,0.67360,0.67249,0.67356,260
2016.04.21 23:00,0.67359,0.67382,0.67316,0.67377,572
2016.04.21 23:30,0.67376,0.67381,0.67327,0.67345,265
2016.04.22 00:00,0.67345,0.67376,0.67297,0.67350,385
2016.04.22 00:30,0.67345,0.67383,0.67294,0.67324,766
2016.04.22 01:00,0.67339,0.67405,0.67338,0.67344,858
2016.04.22 01:30,0.67347,0.67380,0.67342,0.67374,953
2016.04.22 02:00,0.67375,0.67400,0.67343,0.67343,625
2016.04.22 02:30,0.67342,0.67387,0.67261,0.67305,705
2016.04.22 03:00,0.67303,0.67413,0.67279,0.67392,1301
2016.04.22 03:30,0.67391,0.67431,0.67351,0.67379,1120
2016.04.22 04:00,0.67379,0.67426,0.67372,0.67391,933
2016.04.22 04:30,0.67390,0.67518,0.67389,0.67474,1287
2016.04.22 05:00,0.67471,0.67473,0.67368,0.67454,1172
2016.04.22 05:30,0.67453,0.67475,0.67340,0.67382,1224
2016.04.22 06:00,0.67382,0.67382,0.67308,0.67319,1149
2016.04.22 06:30,0.67320,0.67341,0.67272,0.67291,606
2016.04.22 07:00,0.67293,0.67345,0.67289,0.67309,739
2016.04.22 07:30,0.67307,0.67349,0.67266,0.67313,2078
2016.04.22 08:00,0.67312,0.67396,0.67307,0.67386,1164
2016.04.22 08:30,0.67385,0.67472,0.67382,0.67446,1604
2016.04.22 09:00,0.67446,0.67500,0.67374,0.67382,2480
2016.04.22 09:30,0.67386,0.67426,0.67252,0.67262,3200
2016.04.22 10:00,0.67261,0.67321,0.67191,0.67251,4012
2016.04.22 10:30,0.67249,0.67322,0.67111,0.67111,3788
2016.04.22 11:00,0.67112,0.67224,0.67109,0.67154,3265
2016.04.22 11:30,0.67153,0.67228,0.67127,0.67204,2870
2016.04.22 12:00,0.67203,0.67219,0.67157,0.67177,2607
2016.04.22 12:30,0.67182,0.67212,0.67125,0.67174,2548
2016.04.22 13:00,0.67175,0.67244,0.67145,0.67209,2519
2016.04.22 13:30,0.67212,0.67253,0.67159,0.67238,2746
2016.04.22 14:00,0.67237,0.67276,0.67166,0.67196,3031
2016.04.22 14:30,0.67194,0.67269,0.67183,0.67262,2974
2016.04.22 15:00,0.67267,0.67284,0.67085,0.67131,3695
2016.04.22 15:30,0.67132,0.67234,0.67011,0.67029,4135
2016.04.22 16:00,0.67030,0.67149,0.67004,0.67133,5009
2016.04.22 16:30,0.67133,0.67294,0.67128,0.67266,5196
2016.04.22 17:00,0.67265,0.67294,0.67132,0.67205,5120
2016.04.22 17:30,0.67206,0.67238,0.66974,0.67027,5139
2016.04.22 18:00,0.67029,0.67107,0.66885,0.66923,4486
2016.04.22 18:30,0.66924,0.67021,0.66911,0.66958,3092
2016.04.22 19:00,0.66957,0.66975,0.66891,0.66921,2887
2016.04.22 19:30,0.66919,0.66999,0.66912,0.66986,2210
2016.04.22 20:00,0.66988,0.67027,0.66900,0.66926,2163
2016.04.22 20:30,0.66928,0.67096,0.66878,0.67088,1847
2016.04.22 21:00,0.67086,0.67118,0.67049,0.67055,1506
2016.04.22 21:30,0.67056,0.67079,0.66989,0.66991,1343
2016.04.22 22:00,0.66991,0.67042,0.66981,0.67028,442
2016.04.22 22:30,0.67030,0.67108,0.67030,0.67095,372
2016.04.22 23:00,0.67094,0.67094,0.67025,0.67025,299
2016.04.22 23:30,0.67022,0.67050,0.66940,0.67005,443
2016.04.25 00:00,0.66915,0.67153,0.66877,0.67085,193
2016.04.25 00:30,0.67083,0.67153,0.67034,0.67038,637
2016.04.25 01:00,0.67072,0.67170,0.67004,0.67140,3716
2016.04.25 01:30,0.67137,0.67158,0.67114,0.67137,1204
2016.04.25 02:00,0.67138,0.67153,0.67115,0.67141,569
2016.04.25 02:30,0.67143,0.67153,0.67132,0.67149,579
2016.04.25 03:00,0.67149,0.67160,0.67014,0.67046,1170
2016.04.25 03:30,0.67045,0.67063,0.66896,0.66947,1130
2016.04.25 04:00,0.66947,0.66952,0.66893,0.66952,1082
2016.04.25 04:30,0.66950,0.66967,0.66830,0.66830,1348
2016.04.25 05:00,0.66831,0.66965,0.66830,0.66930,1231
2016.04.25 05:30,0.66931,0.67018,0.66924,0.66975,970
2016.04.25 06:00,0.66974,0.66985,0.66927,0.66955,921
2016.04.25 06:30,0.66956,0.66966,0.66930,0.66955,769
2016.04.25 07:00,0.66953,0.66961,0.66914,0.66920,683
2016.04.25 07:30,0.66921,0.66935,0.66905,0.66924,574
2016.04.25 08:00,0.66921,0.66943,0.66906,0.66921,837
2016.04.25 08:30,0.66920,0.67009,0.66920,0.66997,1421
2016.04.25 09:00,0.66996,0.67123,0.66938,0.67116,1682
2016.04.25 09:30,0.67116,0.67142,0.67058,0.67096,2390
2016.04.25 10:00,0.67093,0.67117,0.66978,0.66991,3478
2016.04.25 10:30,0.66996,0.67016,0.66887,0.66906,2702
2016.04.25 11:00,0.66906,0.67040,0.66897,0.67027,2833
2016.04.25 11:30,0.67027,0.67073,0.67000,0.67006,2573
2016.04.25 12:00,0.67006,0.67017,0.66906,0.66990,2317
2016.04.25 12:30,0.66988,0.66996,0.66927,0.66941,2353
2016.04.25 13:00,0.66940,0.66987,0.66897,0.66917,2464
2016.04.25 13:30,0.66918,0.66977,0.66917,0.66921,1972
2016.04.25 14:00,0.66921,0.66978,0.66903,0.66960,2527
2016.04.25 14:30,0.66960,0.67003,0.66920,0.66924,2416
2016.04.25 15:00,0.66926,0.66944,0.66845,0.66894,3316
2016.04.25 15:30,0.66890,0.66970,0.66882,0.66944,2621
2016.04.25 16:00,0.66947,0.66949,0.66814,0.66879,3197
2016.04.25 16:30,0.66878,0.66893,0.66803,0.66834,3931
2016.04.25 17:00,0.66829,0.66909,0.66779,0.66880,3930
2016.04.25 17:30,0.66880,0.66910,0.66798,0.66819,3341
2016.04.25 18:00,0.66817,0.66833,0.66734,0.66750,3303
2016.04.25 18:30,0.66747,0.66785,0.66736,0.66762,1665
2016.04.25 19:00,0.66763,0.66774,0.66700,0.66728,1717
2016.04.25 19:30,0.66731,0.66779,0.66712,0.66772,1464
2016.04.25 20:00,0.66771,0.66773,0.66696,0.66739,1615
2016.04.25 20:30,0.66738,0.66744,0.66674,0.66706,1207
2016.04.25 21:00,0.66707,0.66775,0.66706,0.66722,1270
2016.04.25 21:30,0.66722,0.66810,0.66717,0.66791,1143
2016.04.25 22:00,0.66789,0.66806,0.66731,0.66768,355
2016.04.25 22:30,0.66765,0.66816,0.66762,0.66792,212
2016.04.25 23:00,0.66795,0.66835,0.66784,0.66829,194
2016.04.25 23:30,0.66826,0.66836,0.66772,0.66780,925
2016.04.26 00:00,0.66776,0.66842,0.66765,0.66819,213
2016.04.26 00:30,0.66830,0.66848,0.66760,0.66835,620
2016.04.26 01:00,0.66835,0.66867,0.66822,0.66852,718
2016.04.26 01:30,0.66849,0.66904,0.66849,0.66865,654
2016.04.26 02:00,0.66865,0.66946,0.66865,0.66938,544
2016.04.26 02:30,0.66939,0.66998,0.66939,0.66946,753
2016.04.26 03:00,0.66947,0.67004,0.66942,0.66961,1003
2016.04.26 03:30,0.66964,0.66990,0.66931,0.66974,957
2016.04.26 04:00,0.66974,0.67061,0.66956,0.67036,1359
2016.04.26 04:30,0.67037,0.67057,0.66978,0.67034,1035
2016.04.26 05:00,0.67035,0.67076,0.67005,0.67070,1232
2016.04.26 05:30,0.67069,0.67107,0.67043,0.67056,1228
2016.04.26 06:00,0.67061,0.67094,0.67057,0.67086,1060
2016.04.26 06:30,0.67086,0.67090,0.66982,0.67006,1073
2016.04.26 07:00,0.67006,0.67030,0.66985,0.67025,799
2016.04.26 07:30,0.67030,0.67082,0.67022,0.67052,970
2016.04.26 08:00,0.67052,0.67105,0.67034,0.67095,935
2016.04.26 08:30,0.67094,0.67102,0.67033,0.67053,983
2016.04.26 09:00,0.67055,0.67103,0.67025,0.67064,2233
2016.04.26 09:30,0.67059,0.67085,0.66995,0.67000,2450
2016.04.26 10:00,0.67000,0.67088,0.66995,0.67039,3631
2016.04.26 10:30,0.67039,0.67251,0.67037,0.67122,3903
2016.04.26 11:00,0.67121,0.67179,0.67072,0.67078,2996
2016.04.26 11:30,0.67075,0.67133,0.67043,0.67073,2998
2016.04.26 12:00,0.67074,0.67159,0.67046,0.67156,2782
2016.04.26 12:30,0.67156,0.67178,0.67030,0.67072,2915
2016.04.26 13:00,0.67073,0.67116,0.67054,0.67074,2241
2016.04.26 13:30,0.67074,0.67127,0.67062,0.67116,2381
2016.04.26 14:00,0.67116,0.67124,0.67053,0.67068,2281
2016.04.26 14:30,0.67069,0.67074,0.66975,0.67005,2321
2016.04.26 15:00,0.67002,0.67045,0.66960,0.66985,3286
2016.04.26 15:30,0.66983,0.67014,0.66922,0.66965,5089
2016.04.26 16:00,0.66961,0.67049,0.66948,0.67012,5005
2016.04.26 16:30,0.67011,0.67021,0.66927,0.66992,4146
2016.04.26 17:00,0.66994,0.67029,0.66887,0.66904,4873
2016.04.26 17:30,0.66907,0.67006,0.66869,0.67003,4326
2016.04.26 18:00,0.67003,0.67015,0.66926,0.66933,3352
2016.04.26 18:30,0.66933,0.66979,0.66902,0.66932,2401
2016.04.26 19:00,0.66931,0.66994,0.66929,0.66983,2006
2016.04.26 19:30,0.66982,0.66991,0.66948,0.66978,1679
2016.04.26 20:00,0.66978,0.67024,0.66962,0.67024,1732
2016.04.26 20:30,0.67025,0.67035,0.66997,0.67008,907
2016.04.26 21:00,0.67006,0.67088,0.67006,0.67058,1282
2016.04.26 21:30,0.67059,0.67068,0.67016,0.67036,1340
2016.04.26 22:00,0.67035,0.67071,0.67003,0.67059,321
2016.04.26 22:30,0.67062,0.67117,0.67055,0.67085,300
2016.04.26 23:00,0.67088,0.67140,0.67083,0.67131,231
2016.04.26 23:30,0.67127,0.67149,0.67079,0.67104,725
2016.04.27 00:00,0.67101,0.67174,0.67076,0.67124,172
2016.04.27 00:30,0.67120,0.67169,0.67083,0.67118,401
2016.04.27 01:00,0.67123,0.67180,0.67105,0.67116,1360
2016.04.27 01:30,0.67101,0.67197,0.67068,0.67113,784
2016.04.27 02:00,0.67111,0.67178,0.67097,0.67106,576
2016.04.27 02:30,0.67101,0.67101,0.67028,0.67075,623
2016.04.27 03:00,0.67078,0.67113,0.67049,0.67071,1033
2016.04.27 03:30,0.67071,0.67115,0.67064,0.67069,905
2016.04.27 04:00,0.67071,0.67153,0.67018,0.67018,1204
2016.04.27 04:30,0.67021,0.67058,0.66832,0.66940,3813
2016.04.27 05:00,0.66941,0.66977,0.66846,0.66970,2219
2016.04.27 05:30,0.66972,0.67021,0.66926,0.66954,1222
2016.04.27 06:00,0.66953,0.66971,0.66889,0.66917,1643
2016.04.27 06:30,0.66916,0.66948,0.66858,0.66881,1387
2016.04.27 07:00,0.66880,0.67013,0.66879,0.66981,1319
2016.04.27 07:30,0.66980,0.67002,0.66919,0.66981,1199
2016.04.27 08:00,0.66980,0.66983,0.66899,0.66900,895
2016.04.27 08:30,0.66899,0.66927,0.66884,0.66884,1422
2016.04.27 09:00,0.66883,0.66896,0.66799,0.66867,3116
2016.04.27 09:30,0.66866,0.66909,0.66800,0.66800,2912
2016.04.27 10:00,0.66798,0.66862,0.66773,0.66780,4120
2016.04.27 10:30,0.66780,0.66840,0.66641,0.66700,3005
2016.04.27 11:00,0.66699,0.66798,0.66652,0.66709,3282
2016.04.27 11:30,0.66709,0.66731,0.66631,0.66676,3523
2016.04.27 12:00,0.66677,0.66737,0.66582,0.66590,2837
2016.04.27 12:30,0.66591,0.66614,0.66511,0.66579,2743
2016.04.27 13:00,0.66581,0.66607,0.66523,0.66574,2018
2016.04.27 13:30,0.66578,0.66696,0.66563,0.66648,1888
2016.04.27 14:00,0.66650,0.66692,0.66589,0.66623,2071
2016.04.27 14:30,0.66622,0.66629,0.66557,0.66620,1997
2016.04.27 15:00,0.66619,0.66652,0.66563,0.66644,3854
2016.04.27 15:30,0.66646,0.66720,0.66631,0.66707,3534
2016.04.27 16:00,0.66706,0.66725,0.66635,0.66672,3609
2016.04.27 16:30,0.66671,0.66693,0.66594,0.66606,3772
2016.04.27 17:00,0.66606,0.66662,0.66550,0.66647,3743
2016.04.27 17:30,0.66643,0.66656,0.66561,0.66634,4960
2016.04.27 18:00,0.66634,0.66635,0.66461,0.66494,3924
2016.04.27 18:30,0.66497,0.66554,0.66450,0.66488,2377
2016.04.27 19:00,0.66488,0.66510,0.66459,0.66492,1581
2016.04.27 19:30,0.66492,0.66519,0.66459,0.66480,1768
2016.04.27 20:00,0.66481,0.66499,0.66382,0.66494,2308
2016.04.27 20:30,0.66494,0.66547,0.66393,0.66413,2405
2016.04.27 21:00,0.66437,0.66550,0.66326,0.66451,8301
2016.04.27 21:30,0.66456,0.66515,0.66434,0.66434,4873
2016.04.27 22:00,0.66433,0.66546,0.66412,0.66485,1131
2016.04.27 22:30,0.66487,0.66550,0.66483,0.66484,695
2016.04.27 23:00,0.66488,0.66508,0.66454,0.66504,265
2016.04.27 23:30,0.66504,0.66544,0.66129,0.66171,1008
2016.04.28 00:00,0.66241,0.67346,0.66241,0.67232,2347
2016.04.28 00:30,0.67259,0.67352,0.67103,0.67106,1450
2016.04.28 01:00,0.67116,0.67204,0.67107,0.67135,2018
2016.04.28 01:30,0.67141,0.67226,0.67126,0.67224,1036
2016.04.28 02:00,0.67225,0.67239,0.67095,0.67117,843
2016.04.28 02:30,0.67115,0.67250,0.67104,0.67250,949
2016.04.28 03:00,0.67251,0.67265,0.67174,0.67204,1253
2016.04.28 03:30,0.67206,0.67222,0.67085,0.67104,1237
2016.04.28 04:00,0.67100,0.67157,0.67073,0.67084,1531
2016.04.28 04:30,0.67084,0.67178,0.67052,0.67117,1348
2016.04.28 05:00,0.67115,0.67162,0.67097,0.67099,971
2016.04.28 05:30,0.67099,0.67214,0.67097,0.67160,1286
2016.04.28 06:00,0.67161,0.67235,0.67002,0.67145,4165
2016.04.28 06:30,0.67148,0.67161,0.67069,0.67155,2395
2016.04.28 07:00,0.67158,0.67211,0.67117,0.67153,1512
2016.04.28 07:30,0.67155,0.67284,0.67147,0.67209,1661
2016.04.28 08:00,0.67211,0.67288,0.67188,0.67269,1764
2016.04.28 08:30,0.67269,0.67314,0.67210,0.67215,1612
2016.04.28 09:00,0.67214,0.67413,0.67201,0.67277,4686
2016.04.28 09:30,0.67278,0.67479,0.67261,0.67466,4822
2016.04.28 10:00,0.67469,0.67508,0.67347,0.67449,4850
2016.04.28 10:30,0.67447,0.67463,0.67302,0.67325,3707
2016.04.28 11:00,0.67324,0.67369,0.67176,0.67213,4166
2016.04.28 11:30,0.67212,0.67264,0.67093,0.67232,3929
2016.04.28 12:00,0.67232,0.67286,0.67191,0.67281,2740
2016.04.28 12:30,0.67279,0.67320,0.67249,0.67320,2822
2016.04.28 13:00,0.67319,0.67382,0.67308,0.67329,2647
2016.04.28 13:30,0.67330,0.67364,0.67223,0.67252,3032
2016.04.28 14:00,0.67252,0.67296,0.67129,0.67166,3695
2016.04.28 14:30,0.67166,0.67269,0.67106,0.67264,2524
2016.04.28 15:00,0.67272,0.67357,0.67255,0.67265,3469
2016.04.28 15:30,0.67243,0.67316,0.67140,0.67211,4974
2016.04.28 16:00,0.67210,0.67224,0.67155,0.67159,3820
2016.04.28 16:30,0.67160,0.67331,0.67155,0.67324,4942
2016.04.28 17:00,0.67324,0.67463,0.67300,0.67438,3831
2016.04.28 17:30,0.67438,0.67551,0.67357,0.67509,4499
2016.04.28 18:00,0.67509,0.67602,0.67475,0.67571,3376
2016.04.28 18:30,0.67571,0.67596,0.67448,0.67470,2715
2016.04.28 19:00,0.67469,0.67490,0.67386,0.67392,1875
2016.04.28 19:30,0.67397,0.67401,0.67330,0.67351,1668
2016.04.28 20:00,0.67352,0.67422,0.67324,0.67417,1998
2016.04.28 20:30,0.67418,0.67443,0.67399,0.67430,1790
2016.04.28 21:00,0.67429,0.67457,0.67395,0.67434,1588
2016.04.28 21:30,0.67430,0.67438,0.67351,0.67369,1667
2016.04.28 22:00,0.67368,0.67398,0.67274,0.67279,561
2016.04.28 22:30,0.67284,0.67321,0.67221,0.67246,677
2016.04.28 23:00,0.67250,0.67273,0.67196,0.67206,277
2016.04.28 23:30,0.67201,0.67258,0.67188,0.67234,452
2016.04.29 00:00,0.67239,0.67259,0.67178,0.67204,221
2016.04.29 00:30,0.67202,0.67277,0.67169,0.67240,406
2016.04.29 01:00,0.67253,0.67282,0.67213,0.67260,1344
2016.04.29 01:30,0.67260,0.67271,0.67212,0.67240,705
2016.04.29 02:00,0.67240,0.67266,0.67231,0.67231,562
2016.04.29 02:30,0.67234,0.67273,0.67224,0.67250,687
2016.04.29 03:00,0.67250,0.67279,0.67198,0.67198,904
2016.04.29 03:30,0.67202,0.67251,0.67186,0.67237,885
2016.04.29 04:00,0.67240,0.67391,0.67234,0.67346,1402
2016.04.29 04:30,0.67346,0.67379,0.67291,0.67324,1765
2016.04.29 05:00,0.67323,0.67356,0.67272,0.67274,794
2016.04.29 05:30,0.67274,0.67274,0.67182,0.67200,1009
2016.04.29 06:00,0.67203,0.67222,0.67177,0.67177,883
2016.04.29 06:30,0.67176,0.67202,0.67148,0.67202,690
2016.04.29 07:00,0.67201,0.67209,0.67145,0.67186,941
2016.04.29 07:30,0.67184,0.67213,0.67160,0.67175,976
2016.04.29 08:00,0.67174,0.67227,0.67171,0.67182,1015
2016.04.29 08:30,0.67180,0.67224,0.67134,0.67147,1283
2016.04.29 09:00,0.67152,0.67164,0.67072,0.67147,2179
2016.04.29 09:30,0.67144,0.67144,0.66997,0.66997,2637
2016.04.29 10:00,0.66999,0.67051,0.66916,0.67025,4275
2016.04.29 10:30,0.67024,0.67065,0.66970,0.67000,3206
2016.04.29 11:00,0.66999,0.67062,0.66920,0.66988,3065
2016.04.29 11:30,0.66988,0.67094,0.66977,0.67074,2537
2016.04.29 12:00,0.67080,0.67171,0.67051,0.67151,2597
2016.04.29 12:30,0.67151,0.67369,0.67137,0.67276,2421
2016.04.29 13:00,0.67274,0.67301,0.67183,0.67232,2192
2016.04.29 13:30,0.67233,0.67268,0.67138,0.67184,2175
2016.04.29 14:00,0.67187,0.67260,0.67179,0.67254,2336
2016.04.29 14:30,0.67254,0.67284,0.67158,0.67170,3229
2016.04.29 15:00,0.67168,0.67192,0.67077,0.67125,4482
2016.04.29 15:30,0.67124,0.67249,0.67059,0.67119,5106
2016.04.29 16:00,0.67121,0.67150,0.67021,0.67043,4054
2016.04.29 16:30,0.67043,0.67120,0.66967,0.66974,3713
2016.04.29 17:00,0.66973,0.67001,0.66896,0.66982,4755
2016.04.29 17:30,0.66985,0.67044,0.66751,0.67026,4757
2016.04.29 18:00,0.67027,0.67067,0.66941,0.66967,4808
2016.04.29 18:30,0.66967,0.67014,0.66906,0.67007,3322
2016.04.29 19:00,0.67006,0.67033,0.66912,0.66916,2147
2016.04.29 19:30,0.66916,0.66991,0.66907,0.66921,2017
2016.04.29 20:00,0.66921,0.66972,0.66891,0.66965,2554
2016.04.29 20:30,0.66966,0.66973,0.66834,0.66843,2350
2016.04.29 21:00,0.66842,0.66902,0.66814,0.66873,2119
2016.04.29 21:30,0.66874,0.66941,0.66843,0.66911,2102
2016.04.29 22:00,0.66911,0.67006,0.66891,0.66936,433
2016.04.29 22:30,0.66936,0.67011,0.66911,0.66936,546
2016.04.29 23:00,0.66937,0.66968,0.66929,0.66941,177
2016.04.29 23:30,0.66946,0.66996,0.66856,0.66962,403
2016.05.02 00:00,0.66786,0.66815,0.66700,0.66779,86
2016.05.02 00:30,0.66786,0.66891,0.66765,0.66872,367
2016.05.02 01:00,0.66877,0.67012,0.66866,0.66991,1631
2016.05.02 01:30,0.66997,0.67018,0.66953,0.67000,892
2016.05.02 02:00,0.66998,0.67031,0.66965,0.66986,819
2016.05.02 02:30,0.66988,0.67113,0.66970,0.67108,1071
2016.05.02 03:00,0.67107,0.67133,0.67051,0.67066,1559
2016.05.02 03:30,0.67066,0.67221,0.67066,0.67220,1462
2016.05.02 04:00,0.67218,0.67245,0.67123,0.67126,1240
2016.05.02 04:30,0.67126,0.67141,0.67081,0.67121,1004
2016.05.02 05:00,0.67123,0.67123,0.67086,0.67103,651
2016.05.02 05:30,0.67104,0.67154,0.67036,0.67086,690
2016.05.02 06:00,0.67084,0.67099,0.67021,0.67033,732
2016.05.02 06:30,0.67034,0.67046,0.67016,0.67035,463
2016.05.02 07:00,0.67034,0.67042,0.66989,0.67011,567
2016.05.02 07:30,0.67013,0.67053,0.66991,0.67042,1027
2016.05.02 08:00,0.67041,0.67050,0.67009,0.67045,685
2016.05.02 08:30,0.67043,0.67075,0.67023,0.67031,796
2016.05.02 09:00,0.67028,0.67116,0.67018,0.67053,1429
2016.05.02 09:30,0.67051,0.67112,0.67027,0.67086,1509
2016.05.02 10:00,0.67086,0.67147,0.67047,0.67136,2192
2016.05.02 10:30,0.67134,0.67191,0.67130,0.67143,1244
2016.05.02 11:00,0.67141,0.67152,0.67110,0.67136,1445
2016.05.02 11:30,0.67136,0.67156,0.67079,0.67080,1220
2016.05.02 12:00,0.67077,0.67135,0.67071,0.67096,1391
2016.05.02 12:30,0.67094,0.67111,0.67049,0.67098,1445
2016.05.02 13:00,0.67097,0.67101,0.67052,0.67086,1439
2016.05.02 13:30,0.67087,0.67152,0.67087,0.67137,2025
2016.05.02 14:00,0.67144,0.67234,0.67141,0.67229,1685
2016.05.02 14:30,0.67226,0.67237,0.67161,0.67197,1874
2016.05.02 15:00,0.67199,0.67228,0.67087,0.67106,3095
2016.05.02 15:30,0.67106,0.67119,0.67021,0.67086,1936
2016.05.02 16:00,0.67087,0.67145,0.67073,0.67121,2798
2016.05.02 16:30,0.67123,0.67131,0.66829,0.66829,3699
2016.05.02 17:00,0.66836,0.66949,0.66781,0.66826,5834
2016.05.02 17:30,0.66826,0.66851,0.66747,0.66816,3215
2016.05.02 18:00,0.66813,0.66863,0.66791,0.66862,3408
2016.05.02 18:30,0.66861,0.66992,0.66856,0.66952,2270
2016.05.02 19:00,0.66952,0.66989,0.66931,0.66957,1742
2016.05.02 19:30,0.66959,0.66987,0.66946,0.66961,2292
2016.05.02 20:00,0.66961,0.66965,0.66891,0.66934,1536
2016.05.02 20:30,0.66934,0.66957,0.66906,0.66931,1493
2016.05.02 21:00,0.66931,0.66961,0.66911,0.66923,1141
2016.05.02 21:30,0.66923,0.66946,0.66886,0.66911,1358
2016.05.02 22:00,0.66911,0.66927,0.66877,0.66926,366
2016.05.02 22:30,0.66926,0.66962,0.66922,0.66961,305
2016.05.02 23:00,0.66961,0.66985,0.66951,0.66979,327
2016.05.02 23:30,0.66978,0.67018,0.66941,0.66941,280
2016.05.03 00:00,0.66941,0.67016,0.66921,0.67011,131
2016.05.03 00:30,0.67011,0.67011,0.66921,0.66982,515
2016.05.03 01:00,0.66981,0.67028,0.66951,0.67026,1019
2016.05.03 01:30,0.67022,0.67143,0.67011,0.67135,719
2016.05.03 02:00,0.67135,0.67183,0.67135,0.67141,488
2016.05.03 02:30,0.67142,0.67172,0.67126,0.67156,578
2016.05.03 03:00,0.67157,0.67206,0.67132,0.67185,1110
2016.05.03 03:30,0.67186,0.67233,0.67181,0.67186,791
2016.05.03 04:00,0.67186,0.67203,0.67135,0.67138,1030
2016.05.03 04:30,0.67146,0.67229,0.67146,0.67211,1172
2016.05.03 05:00,0.67211,0.67236,0.67177,0.67231,744
2016.05.03 05:30,0.67229,0.67256,0.67161,0.67196,814
2016.05.03 06:00,0.67196,0.67258,0.67192,0.67194,1358
2016.05.03 06:30,0.67195,0.67251,0.67194,0.67235,809
2016.05.03 07:00,0.67236,0.67241,0.67176,0.67198,805
2016.05.03 07:30,0.67162,0.67162,0.66583,0.66597,3846
2016.05.03 08:00,0.66596,0.66686,0.66561,0.66641,1807
2016.05.03 08:30,0.66641,0.66661,0.66569,0.66628,1591
2016.05.03 09:00,0.66633,0.66728,0.66571,0.66701,3951
2016.05.03 09:30,0.66700,0.66762,0.66600,0.66744,2857
2016.05.03 10:00,0.66743,0.66781,0.66671,0.66676,3529
2016.05.03 10:30,0.66676,0.66760,0.66506,0.66537,3589
2016.05.03 11:00,0.66540,0.66563,0.66376,0.66401,3699
2016.05.03 11:30,0.66401,0.66473,0.66316,0.66359,3378
2016.05.03 12:00,0.66358,0.66373,0.66161,0.66183,2981
2016.05.03 12:30,0.66181,0.66221,0.66116,0.66186,2247
2016.05.03 13:00,0.66182,0.66252,0.66132,0.66226,2139
2016.05.03 13:30,0.66226,0.66226,0.66122,0.66218,2713
2016.05.03 14:00,0.66218,0.66277,0.66208,0.66271,2164
2016.05.03 14:30,0.66271,0.66285,0.66190,0.66234,2607
2016.05.03 15:00,0.66234,0.66248,0.66161,0.66162,3996
2016.05.03 15:30,0.66161,0.66182,0.66041,0.66126,3477
2016.05.03 16:00,0.66126,0.66139,0.66019,0.66054,3386
2016.05.03 16:30,0.66052,0.66111,0.65841,0.65841,5019
2016.05.03 17:00,0.65841,0.66119,0.65786,0.66100,5019
2016.05.03 17:30,0.66101,0.66101,0.66011,0.66047,3926
2016.05.03 18:00,0.66048,0.66165,0.65986,0.66136,3373
2016.05.03 18:30,0.66136,0.66156,0.66021,0.66031,2134
2016.05.03 19:00,0.66035,0.66100,0.66006,0.66006,1744
2016.05.03 19:30,0.66006,0.66022,0.65906,0.65913,1544
2016.05.03 20:00,0.65912,0.65991,0.65896,0.65966,1741
2016.05.03 20:30,0.65966,0.65997,0.65915,0.65915,1633
2016.05.03 21:00,0.65915,0.65951,0.65866,0.65906,1720
2016.05.03 21:30,0.65905,0.65931,0.65846,0.65917,1660
2016.05.03 22:00,0.65916,0.65942,0.65889,0.65939,502
2016.05.03 22:30,0.65936,0.65967,0.65931,0.65966,331
2016.05.03 23:00,0.65963,0.66021,0.65941,0.65946,363
2016.05.03 23:30,0.65960,0.65982,0.65926,0.65926,460
2016.05.04 00:00,0.65926,0.66031,0.65893,0.65996,182
2016.05.04 00:30,0.65996,0.66063,0.65979,0.66001,747
2016.05.04 01:00,0.66002,0.66002,0.65937,0.65981,1377
2016.05.04 01:30,0.65981,0.66139,0.65845,0.66121,1521
2016.05.04 02:00,0.66121,0.66146,0.66046,0.66081,745
2016.05.04 02:30,0.66081,0.66096,0.66031,0.66041,785
2016.05.04 03:00,0.66038,0.66165,0.66036,0.66098,929
2016.05.04 03:30,0.66098,0.66106,0.66003,0.66046,861
2016.05.04 04:00,0.66046,0.66049,0.65901,0.65921,1488
2016.05.04 04:30,0.65921,0.65971,0.65806,0.65838,2199
2016.05.04 05:00,0.65836,0.65890,0.65767,0.65876,1428
2016.05.04 05:30,0.65876,0.65883,0.65783,0.65791,1586
2016.05.04 06:00,0.65791,0.65866,0.65754,0.65863,1024
2016.05.04 06:30,0.65864,0.65875,0.65803,0.65822,1065
2016.05.04 07:00,0.65822,0.65912,0.65822,0.65889,966
2016.05.04 07:30,0.65889,0.65901,0.65813,0.65841,942
2016.05.04 08:00,0.65840,0.65944,0.65833,0.65938,962
2016.05.04 08:30,0.65939,0.65966,0.65913,0.65913,677
2016.05.04 09:30,0.65927,0.65940,0.65850,0.65859,1917
2016.05.04 10:00,0.65859,0.65989,0.65855,0.65946,3667
2016.05.04 10:30,0.65946,0.66000,0.65841,0.65846,2842
2016.05.04 11:00,0.65846,0.65913,0.65751,0.65824,3487
2016.05.04 11:30,0.65821,0.65874,0.65706,0.65751,3012
2016.05.04 12:00,0.65751,0.65787,0.65701,0.65777,2930
2016.05.04 12:30,0.65774,0.65816,0.65696,0.65804,3322
2016.05.04 13:00,0.65805,0.65886,0.65775,0.65873,2356
2016.05.04 13:30,0.65871,0.65897,0.65818,0.65831,2820
2016.05.04 14:00,0.65836,0.65927,0.65814,0.65913,2257
2016.05.04 14:30,0.65913,0.65950,0.65857,0.65912,2724
2016.05.04 15:00,0.65913,0.65954,0.65735,0.65886,4331
2016.05.04 15:30,0.65886,0.66090,0.65846,0.65981,5278
2016.05.04 16:00,0.65982,0.66047,0.65921,0.65933,3900
2016.05.04 16:30,0.65932,0.66024,0.65873,0.65901,4302
2016.05.04 17:00,0.65886,0.66108,0.65878,0.66032,5832
2016.05.04 17:30,0.66035,0.66070,0.65912,0.65972,5006
2016.05.04 18:00,0.65975,0.66012,0.65816,0.65816,4108
2016.05.04 18:30,0.65816,0.65845,0.65749,0.65761,2818
2016.05.04 19:00,0.65763,0.65789,0.65723,0.65752,2162
2016.05.04 19:30,0.65752,0.65763,0.65676,0.65676,1857
2016.05.04 20:00,0.65676,0.65725,0.65631,0.65681,1959
2016.05.04 20:30,0.65681,0.65718,0.65661,0.65701,1482
2016.05.04 21:00,0.65703,0.65732,0.65666,0.65716,1420
2016.05.04 21:30,0.65716,0.65735,0.65671,0.65701,1631
2016.05.04 22:00,0.65700,0.65846,0.65696,0.65801,567
2016.05.04 22:30,0.65802,0.65856,0.65786,0.65856,627
2016.05.04 23:00,0.65856,0.65861,0.65794,0.65841,440
2016.05.04 23:30,0.65846,0.65894,0.65811,0.65841,386
2016.05.05 00:00,0.65841,0.65851,0.65796,0.65836,128
2016.05.05 00:30,0.65831,0.65874,0.65821,0.65874,240
2016.05.05 01:00,0.65864,0.65925,0.65861,0.65900,727
2016.05.05 01:30,0.65902,0.65927,0.65878,0.65898,1143
2016.05.05 02:00,0.65898,0.65904,0.65877,0.65887,367
2016.05.05 02:30,0.65887,0.65911,0.65879,0.65881,424
2016.05.05 03:00,0.65879,0.65919,0.65876,0.65916,759
2016.05.05 03:30,0.65913,0.65919,0.65841,0.65847,658
2016.05.05 04:00,0.65847,0.65902,0.65784,0.65888,1014
2016.05.05 04:30,0.65865,0.65971,0.65865,0.65951,1178
2016.05.05 05:00,0.65952,0.66022,0.65951,0.66017,784
2016.05.05 05:30,0.66019,0.66031,0.65979,0.66021,587
2016.05.05 06:00,0.66020,0.66050,0.66016,0.66019,468
2016.05.05 06:30,0.66018,0.66050,0.66002,0.66027,642
2016.05.05 07:00,0.66026,0.66091,0.66024,0.66085,671
2016.05.05 07:30,0.66085,0.66126,0.66041,0.66115,596
2016.05.05 08:00,0.66114,0.66166,0.66113,0.66139,896
2016.05.05 08:30,0.66138,0.66165,0.66105,0.66106,688
2016.05.05 09:00,0.66108,0.66155,0.66083,0.66093,1798
2016.05.05 09:30,0.66092,0.66176,0.66083,0.66139,1994
2016.05.05 10:00,0.66138,0.66150,0.66056,0.66117,3303
2016.05.05 10:30,0.66120,0.66131,0.66031,0.66087,2504
2016.05.05 11:00,0.66087,0.66162,0.66026,0.66116,2944
2016.05.05 11:30,0.66116,0.66238,0.66102,0.66237,2745
2016.05.05 12:00,0.66236,0.66245,0.66160,0.66186,2247
2016.05.05 12:30,0.66186,0.66229,0.66156,0.66211,1886
2016.05.05 13:00,0.66211,0.66308,0.66187,0.66272,2970
2016.05.05 13:30,0.66273,0.66349,0.66264,0.66299,2702
2016.05.05 14:00,0.66302,0.66372,0.66290,0.66332,2437
2016.05.05 14:30,0.66337,0.66495,0.66332,0.66467,2997
2016.05.05 15:00,0.66461,0.66515,0.66425,0.66426,3147
2016.05.05 15:30,0.66426,0.66626,0.66401,0.66589,4351
2016.05.05 16:00,0.66590,0.66627,0.66545,0.66591,3449
2016.05.05 16:30,0.66591,0.66668,0.66536,0.66639,4792
2016.05.05 17:00,0.66639,0.66751,0.66608,0.66658,4602
2016.05.05 17:30,0.66657,0.66744,0.66656,0.66715,3871
2016.05.05 18:00,0.66716,0.66735,0.66634,0.66706,3467
2016.05.05 18:30,0.66706,0.66806,0.66701,0.66746,2113
2016.05.05 19:00,0.66746,0.66806,0.66734,0.66787,1824
2016.05.05 19:30,0.66788,0.66789,0.66697,0.66716,1877
2016.05.05 20:00,0.66716,0.66716,0.66611,0.66637,2012
2016.05.05 20:30,0.66636,0.66664,0.66597,0.66646,1810
2016.05.05 21:00,0.66643,0.66708,0.66628,0.66674,1274
2016.05.05 21:30,0.66673,0.66675,0.66623,0.66647,1130
2016.05.05 22:00,0.66648,0.66651,0.66609,0.66631,533
2016.05.05 22:30,0.66630,0.66631,0.66579,0.66583,460
2016.05.05 23:00,0.66585,0.66594,0.66563,0.66566,316
2016.05.05 23:30,0.66567,0.66591,0.66554,0.66591,300
2016.05.06 00:00,0.66591,0.66626,0.66560,0.66591,374
2016.05.06 00:30,0.66581,0.66625,0.66566,0.66586,848
2016.05.06 01:00,0.66589,0.66614,0.66561,0.66606,400
2016.05.06 01:30,0.66604,0.66620,0.66584,0.66597,256
2016.05.06 02:00,0.66598,0.66648,0.66596,0.66627,339
2016.05.06 02:30,0.66625,0.66670,0.66619,0.66664,419
2016.05.06 03:00,0.66660,0.66675,0.66619,0.66649,806
2016.05.06 03:30,0.66643,0.66680,0.66592,0.66629,757
2016.05.06 04:00,0.66628,0.66657,0.66582,0.66607,971
2016.05.06 04:30,0.66621,0.66621,0.66329,0.66371,2147
2016.05.06 05:00,0.66372,0.66418,0.66287,0.66345,1246
2016.05.06 05:30,0.66346,0.66380,0.66308,0.66349,879
2016.05.06 06:00,0.66347,0.66389,0.66309,0.66315,738
2016.05.06 06:30,0.66314,0.66359,0.66312,0.66338,954
2016.05.06 07:00,0.66337,0.66396,0.66334,0.66390,722
2016.05.06 07:30,0.66388,0.66396,0.66348,0.66371,478
2016.05.06 08:00,0.66370,0.66374,0.66318,0.66370,754
2016.05.06 08:30,0.66369,0.66407,0.66361,0.66379,605
2016.05.06 09:00,0.66383,0.66401,0.66284,0.66296,2163
2016.05.06 09:30,0.66291,0.66311,0.66124,0.66155,2437
2016.05.06 10:00,0.66156,0.66298,0.66087,0.66291,2654
2016.05.06 10:30,0.66291,0.66365,0.66207,0.66216,2630
2016.05.06 11:00,0.66216,0.66243,0.66141,0.66159,1832
2016.05.06 11:30,0.66159,0.66196,0.66125,0.66168,2002
2016.05.06 12:00,0.66166,0.66194,0.66121,0.66152,1900
2016.05.06 12:30,0.66151,0.66169,0.66086,0.66150,1949
2016.05.06 13:00,0.66149,0.66166,0.66088,0.66103,1667
2016.05.06 13:30,0.66103,0.66206,0.66093,0.66155,1764
2016.05.06 14:00,0.66156,0.66189,0.66117,0.66153,1484
2016.05.06 14:30,0.66157,0.66275,0.66153,0.66269,2162
2016.05.06 15:00,0.66270,0.66386,0.66084,0.66084,2776
2016.05.06 15:30,0.65935,0.66448,0.65933,0.66044,7250
2016.05.06 16:00,0.66047,0.66242,0.66043,0.66147,4634
2016.05.06 16:30,0.66146,0.66325,0.66116,0.66256,5174
2016.05.06 17:00,0.66256,0.66428,0.66251,0.66306,4584
2016.05.06 17:30,0.66306,0.66333,0.66146,0.66179,3698
2016.05.06 18:00,0.66179,0.66346,0.66148,0.66303,2951
2016.05.06 18:30,0.66301,0.66384,0.66297,0.66326,1821
2016.05.06 19:00,0.66326,0.66358,0.66285,0.66301,1781
2016.05.06 19:30,0.66301,0.66389,0.66289,0.66371,1518
2016.05.06 20:00,0.66371,0.66473,0.66364,0.66416,1495
2016.05.06 20:30,0.66416,0.66452,0.66351,0.66408,1918
2016.05.06 21:00,0.66404,0.66500,0.66404,0.66468,1577
2016.05.06 21:30,0.66467,0.66474,0.66401,0.66401,1385
2016.05.06 22:00,0.66401,0.66470,0.66401,0.66446,610
2016.05.06 22:30,0.66446,0.66466,0.66417,0.66446,347
2016.05.06 23:00,0.66446,0.66514,0.66446,0.66514,258
2016.05.06 23:30,0.66511,0.66541,0.66276,0.66507,249
2016.05.09 00:00,0.66314,0.66386,0.66276,0.66346,261
2016.05.09 00:30,0.66341,0.66391,0.66326,0.66389,215
2016.05.09 01:00,0.66390,0.66480,0.66387,0.66466,715
2016.05.09 01:30,0.66455,0.66533,0.66454,0.66478,390
2016.05.09 02:00,0.66479,0.66542,0.66479,0.66524,486
2016.05.09 02:30,0.66516,0.66535,0.66468,0.66518,539
2016.05.09 03:00,0.66517,0.66561,0.66482,0.66549,926
2016.05.09 03:30,0.66548,0.66548,0.66430,0.66479,886
2016.05.09 04:00,0.66482,0.66517,0.66435,0.66487,845
2016.05.09 04:30,0.66488,0.66534,0.66469,0.66529,766
2016.05.09 05:00,0.66528,0.66556,0.66444,0.66448,569
2016.05.09 05:30,0.66449,0.66468,0.66413,0.66448,553
2016.05.09 06:00,0.66447,0.66481,0.66428,0.66457,462
2016.05.09 06:30,0.66455,0.66456,0.66422,0.66439,595
2016.05.09 07:00,0.66440,0.66465,0.66404,0.66454,587
2016.05.09 07:30,0.66455,0.66455,0.66400,0.66423,517
2016.05.09 08:00,0.66422,0.66426,0.66383,0.66420,461
2016.05.09 08:30,0.66419,0.66451,0.66394,0.66426,806
2016.05.09 09:00,0.66425,0.66441,0.66367,0.66391,1634
2016.05.09 09:30,0.66391,0.66393,0.66247,0.66263,2225
2016.05.09 10:00,0.66262,0.66291,0.66091,0.66092,2564
2016.05.09 10:30,0.66093,0.66173,0.66036,0.66066,3025
2016.05.09 11:00,0.66066,0.66158,0.66066,0.66142,2528
2016.05.09 11:30,0.66144,0.66181,0.66091,0.66178,2524
2016.05.09 12:00,0.66178,0.66265,0.66140,0.66192,2390
2016.05.09 12:30,0.66191,0.66219,0.66129,0.66219,2079
2016.05.09 13:00,0.66218,0.66299,0.66177,0.66201,2381
2016.05.09 13:30,0.66201,0.66216,0.66134,0.66144,1635
2016.05.09 14:00,0.66146,0.66152,0.66071,0.66111,2351
2016.05.09 14:30,0.66109,0.66150,0.65965,0.65975,2691
2016.05.09 15:00,0.65974,0.66019,0.65696,0.65738,3485
2016.05.09 15:30,0.65736,0.65750,0.65581,0.65581,2964
2016.05.09 16:00,0.65581,0.65651,0.65562,0.65609,3211
2016.05.09 16:30,0.65607,0.65775,0.65591,0.65691,3369
2016.05.09 17:00,0.65690,0.65859,0.65654,0.65716,3795
2016.05.09 17:30,0.65716,0.65790,0.65676,0.65785,3733
2016.05.09 18:00,0.65785,0.65795,0.65629,0.65705,3270
2016.05.09 18:30,0.65705,0.65761,0.65686,0.65706,1790
2016.05.09 19:00,0.65706,0.65735,0.65672,0.65735,1485
2016.05.09 19:30,0.65734,0.65736,0.65686,0.65711,1184
2016.05.09 20:00,0.65711,0.65724,0.65676,0.65689,1183
2016.05.09 20:30,0.65688,0.65756,0.65665,0.65744,1197
2016.05.09 21:00,0.65741,0.65799,0.65699,0.65799,947
2016.05.09 21:30,0.65798,0.65810,0.65752,0.65798,1111
2016.05.09 22:00,0.65799,0.65800,0.65758,0.65762,308
2016.05.09 22:30,0.65759,0.65764,0.65684,0.65705,426
2016.05.09 23:00,0.65708,0.65775,0.65707,0.65760,299
2016.05.09 23:30,0.65761,0.65766,0.65681,0.65701,263
2016.05.10 00:00,0.65701,0.65751,0.65626,0.65640,280
2016.05.10 00:30,0.65656,0.65694,0.65632,0.65681,645
2016.05.10 01:00,0.65681,0.65743,0.65674,0.65721,628
2016.05.10 01:30,0.65723,0.65765,0.65662,0.65764,546
2016.05.10 02:00,0.65763,0.65803,0.65754,0.65782,398
2016.05.10 02:30,0.65781,0.65806,0.65718,0.65725,463
2016.05.10 03:00,0.65726,0.65730,0.65459,0.65509,1407
2016.05.10 03:30,0.65510,0.65516,0.65359,0.65444,1080
2016.05.10 04:00,0.65445,0.65446,0.65347,0.65399,1064
2016.05.10 04:30,0.65397,0.65496,0.65367,0.65488,1149
2016.05.10 05:00,0.65492,0.65608,0.65481,0.65533,1185
2016.05.10 05:30,0.65533,0.65578,0.65515,0.65539,704
2016.05.10 06:00,0.65538,0.65609,0.65528,0.65606,683
2016.05.10 06:30,0.65608,0.65612,0.65550,0.65564,795
2016.05.10 07:00,0.65566,0.65584,0.65494,0.65503,972
2016.05.10 07:30,0.65504,0.65574,0.65502,0.65545,509
2016.05.10 08:00,0.65546,0.65562,0.65490,0.65510,576
2016.05.10 08:30,0.65511,0.65549,0.65479,0.65523,912
2016.05.10 09:00,0.65517,0.65577,0.65456,0.65569,1635
2016.05.10 09:30,0.65568,0.65642,0.65526,0.65553,2377
2016.05.10 10:00,0.65552,0.65610,0.65481,0.65512,3111
2016.05.10 10:30,0.65511,0.65533,0.65427,0.65455,2838
2016.05.10 11:00,0.65454,0.65497,0.65401,0.65486,2427
2016.05.10 11:30,0.65487,0.65692,0.65438,0.65666,3053
2016.05.10 12:00,0.65666,0.65672,0.65526,0.65583,2491
2016.05.10 12:30,0.65584,0.65689,0.65564,0.65650,2284
2016.05.10 13:00,0.65653,0.65738,0.65641,0.65715,1830
2016.05.10 13:30,0.65715,0.65719,0.65589,0.65626,2552
2016.05.10 14:00,0.65629,0.65655,0.65559,0.65574,2661
2016.05.10 14:30,0.65577,0.65601,0.65376,0.65527,2778
2016.05.10 15:00,0.65528,0.65638,0.65509,0.65589,3029
2016.05.10 15:30,0.65594,0.65663,0.65531,0.65592,2655
2016.05.10 16:00,0.65591,0.65619,0.65496,0.65554,3137
2016.05.10 16:30,0.65555,0.65730,0.65516,0.65713,4238
2016.05.10 17:00,0.65714,0.65775,0.65684,0.65743,3620
2016.05.10 17:30,0.65742,0.65825,0.65667,0.65721,4522
2016.05.10 18:00,0.65721,0.65769,0.65666,0.65701,2903
2016.05.10 18:30,0.65701,0.65780,0.65686,0.65710,2159
2016.05.10 19:00,0.65709,0.65819,0.65706,0.65819,1358
2016.05.10 19:30,0.65821,0.65850,0.65769,0.65787,1480
2016.05.10 20:00,0.65789,0.65813,0.65763,0.65799,1389
2016.05.10 20:30,0.65799,0.65873,0.65793,0.65838,1050
2016.05.10 21:00,0.65838,0.65930,0.65832,0.65924,1200
2016.05.10 21:30,0.65923,0.65924,0.65879,0.65896,1125
2016.05.10 22:00,0.65897,0.65984,0.65862,0.65962,481
2016.05.10 22:30,0.65960,0.65973,0.65911,0.65956,455
2016.05.10 23:00,0.65957,0.65960,0.65892,0.65896,255
2016.05.10 23:30,0.65895,0.66003,0.65841,0.65841,509
2016.05.11 00:00,0.65901,0.66594,0.65876,0.66413,1261
2016.05.11 00:30,0.66414,0.66418,0.66255,0.66311,827
2016.05.11 01:00,0.66311,0.66345,0.66185,0.66206,1594
2016.05.11 01:30,0.66209,0.66223,0.66148,0.66167,665
2016.05.11 02:00,0.66168,0.66433,0.66138,0.66422,1038
2016.05.11 02:30,0.66423,0.66479,0.66282,0.66291,908
2016.05.11 03:00,0.66290,0.66470,0.66263,0.66448,1106
2016.05.11 03:30,0.66449,0.66529,0.66338,0.66353,1245
2016.05.11 04:00,0.66350,0.66467,0.66319,0.66435,1099
2016.05.11 04:30,0.66436,0.66443,0.66223,0.66278,1665
2016.05.11 05:00,0.66277,0.66339,0.66147,0.66228,1148
2016.05.11 05:30,0.66229,0.66272,0.66145,0.66212,775
2016.05.11 06:00,0.66211,0.66255,0.66188,0.66223,684
2016.05.11 06:30,0.66221,0.66275,0.66118,0.66156,752
2016.05.11 07:00,0.66159,0.66209,0.66108,0.66128,711
2016.05.11 07:30,0.66127,0.66180,0.66119,0.66178,543
2016.05.11 08:00,0.66175,0.66236,0.66156,0.66212,699
2016.05.11 08:30,0.66211,0.66260,0.66193,0.66250,924
2016.05.11 09:00,0.66253,0.66289,0.66162,0.66194,1808
2016.05.11 09:30,0.66190,0.66212,0.66139,0.66143,1812
2016.05.11 10:00,0.66143,0.66191,0.66060,0.66158,3029
2016.05.11 10:30,0.66157,0.66171,0.66046,0.66091,2433
2016.05.11 11:00,0.66088,0.66149,0.66031,0.66046,2592
2016.05.11 11:30,0.66046,0.66111,0.65997,0.66091,2362
2016.05.11 12:00,0.66089,0.66174,0.66079,0.66174,2085
2016.05.11 12:30,0.66175,0.66175,0.66103,0.66156,1891
2016.05.11 13:00,0.66153,0.66269,0.66136,0.66252,1641
2016.05.11 13:30,0.66253,0.66328,0.66243,0.66316,1993
2016.05.11 14:00,0.66317,0.66325,0.66248,0.66273,2010
2016.05.11 14:30,0.66275,0.66276,0.66158,0.66166,1591
2016.05.11 15:00,0.66166,0.66214,0.66099,0.66193,2683
2016.05.11 15:30,0.66194,0.66214,0.66126,0.66169,2215
2016.05.11 16:00,0.66167,0.66195,0.66129,0.66166,2510
2016.05.11 16:30,0.66167,0.66199,0.66112,0.66169,3914
2016.05.11 17:00,0.66169,0.66180,0.66037,0.66059,3177
2016.05.11 17:30,0.66059,0.66267,0.66059,0.66248,4245
2016.05.11 18:00,0.66250,0.66359,0.66188,0.66321,3464
2016.05.11 18:30,0.66322,0.66387,0.66298,0.66353,2216
2016.05.11 19:00,0.66353,0.66377,0.66319,0.66362,1598
2016.05.11 19:30,0.66363,0.66450,0.66358,0.66391,1325
2016.05.11 20:00,0.66391,0.66434,0.66358,0.66371,1580
2016.05.11 20:30,0.66368,0.66406,0.66365,0.66368,1298
2016.05.11 21:00,0.66367,0.66373,0.66296,0.66343,1080
2016.05.11 21:30,0.66339,0.66348,0.66292,0.66304,935
2016.05.11 22:00,0.66303,0.66324,0.66270,0.66309,537
2016.05.11 22:30,0.66308,0.66316,0.66252,0.66255,419
2016.05.11 23:00,0.66258,0.66282,0.66231,0.66238,255
2016.05.11 23:30,0.66241,0.66244,0.66125,0.66166,453
2016.05.12 00:00,0.66166,0.66226,0.66126,0.66177,510
2016.05.12 00:30,0.66182,0.66197,0.66143,0.66161,763
2016.05.12 01:00,0.66161,0.66207,0.66160,0.66204,943
2016.05.12 01:30,0.66204,0.66212,0.66162,0.66189,659
2016.05.12 02:00,0.66188,0.66193,0.66133,0.66174,538
2016.05.12 02:30,0.66173,0.66207,0.66133,0.66145,612
2016.05.12 03:00,0.66144,0.66192,0.66128,0.66159,791
2016.05.12 03:30,0.66156,0.66317,0.66156,0.66301,915
2016.05.12 04:00,0.66298,0.66328,0.66233,0.66310,1338
2016.05.12 04:30,0.66306,0.66306,0.66159,0.66168,1136
2016.05.12 05:00,0.66166,0.66221,0.66166,0.66200,806
2016.05.12 05:30,0.66201,0.66204,0.66148,0.66172,818
2016.05.12 06:00,0.66173,0.66237,0.66166,0.66227,563
2016.05.12 06:30,0.66223,0.66237,0.66185,0.66230,537
2016.05.12 07:00,0.66228,0.66278,0.66202,0.66247,503
2016.05.12 07:30,0.66248,0.66339,0.66245,0.66335,661
2016.05.12 08:00,0.66336,0.66356,0.66307,0.66343,518
2016.05.12 08:30,0.66342,0.66343,0.66273,0.66322,610
2016.05.12 09:00,0.66323,0.66335,0.66234,0.66253,1302
2016.05.12 09:30,0.66252,0.66327,0.66238,0.66286,1531
2016.05.12 10:00,0.66287,0.66316,0.66204,0.66226,2408
2016.05.12 10:30,0.66226,0.66310,0.66196,0.66292,2341
2016.05.12 11:00,0.66293,0.66322,0.66191,0.66227,1901
2016.05.12 11:30,0.66222,0.66282,0.66118,0.66196,2725
2016.05.12 12:00,0.66196,0.66214,0.66054,0.66092,2655
2016.05.12 12:30,0.66093,0.66178,0.66046,0.66137,2179
2016.05.12 13:00,0.66141,0.66172,0.66113,0.66137,1955
2016.05.12 13:30,0.66137,0.66232,0.66137,0.66171,1743
2016.05.12 14:00,0.66166,0.66228,0.66121,0.66121,2171
2016.05.12 14:30,0.66121,0.66187,0.66106,0.66131,2487
2016.05.12 15:00,0.66131,0.66166,0.66076,0.66106,2576
2016.05.12 15:30,0.66096,0.66178,0.66066,0.66131,3127
2016.05.12 16:00,0.66132,0.66291,0.66124,0.66268,2789
2016.05.12 16:30,0.66269,0.66269,0.66061,0.66081,4067
2016.05.12 17:00,0.66081,0.66164,0.66050,0.66091,2871
2016.05.12 17:30,0.66087,0.66156,0.66003,0.66074,2595
2016.05.12 18:00,0.66073,0.66164,0.66014,0.66155,2884
2016.05.12 18:30,0.66157,0.66164,0.66026,0.66028,2404
2016.05.12 19:00,0.66028,0.66060,0.65986,0.66046,1867
2016.05.12 19:30,0.66047,0.66087,0.66000,0.66081,1560
2016.05.12 20:00,0.66081,0.66091,0.66019,0.66052,1598
2016.05.12 20:30,0.66053,0.66111,0.66008,0.66110,1250
2016.05.12 21:00,0.66109,0.66149,0.66064,0.66123,1231
2016.05.12 21:30,0.66120,0.66215,0.66098,0.66200,896
2016.05.12 22:00,0.66201,0.66201,0.66144,0.66153,501
2016.05.12 22:30,0.66152,0.66183,0.66133,0.66177,585
2016.05.12 23:00,0.66178,0.66188,0.66099,0.66128,431
2016.05.12 23:30,0.66126,0.66176,0.66111,0.66116,551
2016.05.13 00:00,0.66106,0.66182,0.66056,0.66181,249
2016.05.13 00:30,0.66160,0.66206,0.66121,0.66174,1096
2016.05.13 01:00,0.66176,0.66176,0.66129,0.66141,508
2016.05.13 01:30,0.66142,0.66243,0.65949,0.66243,860
2016.05.13 02:00,0.66244,0.66269,0.66224,0.66226,517
2016.05.13 02:30,0.66228,0.66241,0.66161,0.66179,514
2016.05.13 03:00,0.66180,0.66214,0.66118,0.66122,633
2016.05.13 03:30,0.66121,0.66172,0.66103,0.66157,817
2016.05.13 04:00,0.66156,0.66156,0.66073,0.66077,1080
2016.05.13 04:30,0.66078,0.66078,0.65957,0.66008,1275
2016.05.13 05:00,0.66006,0.66052,0.65995,0.66052,879
2016.05.13 05:30,0.66051,0.66052,0.65988,0.66005,757
2016.05.13 06:00,0.66004,0.66055,0.65993,0.66043,626
2016.05.13 06:30,0.66044,0.66079,0.66021,0.66068,533
2016.05.13 07:00,0.66069,0.66073,0.66024,0.66027,569
2016.05.13 07:30,0.66026,0.66049,0.66007,0.66043,461
2016.05.13 08:00,0.66040,0.66101,0.66039,0.66094,549
2016.05.13 08:30,0.66093,0.66143,0.66089,0.66124,639
2016.05.13 09:00,0.66124,0.66167,0.66092,0.66103,2750
2016.05.13 09:30,0.66109,0.66189,0.66081,0.66130,2146
2016.05.13 10:00,0.66129,0.66170,0.66046,0.66086,2802
2016.05.13 10:30,0.66086,0.66228,0.66056,0.66176,2706
2016.05.13 11:00,0.66176,0.66221,0.66101,0.66110,2706
2016.05.13 11:30,0.66113,0.66119,0.65976,0.66006,2434
2016.05.13 12:00,0.66007,0.66040,0.65921,0.65996,1766
2016.05.13 12:30,0.65998,0.66081,0.65977,0.66076,2048
2016.05.13 13:00,0.66077,0.66101,0.66011,0.66041,1566
2016.05.13 13:30,0.66043,0.66100,0.66009,0.66036,1517
2016.05.13 14:00,0.66036,0.66076,0.65989,0.65995,1968
2016.05.13 14:30,0.65996,0.66022,0.65948,0.65978,1928
2016.05.13 15:00,0.65978,0.66064,0.65971,0.66001,2202
2016.05.13 15:30,0.66032,0.66123,0.65951,0.66042,5544
2016.05.13 16:00,0.66041,0.66062,0.65926,0.65950,4241
2016.05.13 16:30,0.65948,0.66060,0.65926,0.65996,4151
2016.05.13 17:00,0.65997,0.66044,0.65926,0.65967,5169
2016.05.13 17:30,0.65966,0.66071,0.65945,0.66043,3974
2016.05.13 18:00,0.66043,0.66151,0.66006,0.66133,2769
2016.05.13 18:30,0.66134,0.66164,0.66079,0.66128,2267
2016.05.13 19:00,0.66126,0.66171,0.66094,0.66128,1969
2016.05.13 19:30,0.66131,0.66218,0.66114,0.66191,1941
2016.05.13 20:00,0.66190,0.66215,0.66167,0.66186,1749
2016.05.13 20:30,0.66187,0.66193,0.66106,0.66135,1287
2016.05.13 21:00,0.66132,0.66145,0.66072,0.66112,1158
2016.05.13 21:30,0.66111,0.66111,0.66023,0.66028,1032
2016.05.13 22:00,0.66029,0.66061,0.65987,0.66007,517
2016.05.13 22:30,0.66006,0.66045,0.65971,0.65994,414
2016.05.13 23:00,0.65992,0.66014,0.65951,0.66011,302
2016.05.13 23:30,0.66016,0.66031,0.65770,0.65770,372
2016.05.16 00:00,0.65931,0.65966,0.65886,0.65936,146
2016.05.16 00:30,0.65936,0.65995,0.65901,0.65993,291
2016.05.16 01:00,0.65994,0.66019,0.65900,0.65926,918
2016.05.16 01:30,0.65926,0.65946,0.65895,0.65903,569
2016.05.16 02:00,0.65902,0.66011,0.65902,0.66000,554
2016.05.16 02:30,0.65999,0.66011,0.65961,0.65964,636
2016.05.16 03:00,0.65963,0.66035,0.65924,0.66000,1240
2016.05.16 03:30,0.65999,0.66009,0.65894,0.65924,770
2016.05.16 04:00,0.65927,0.65951,0.65908,0.65916,695
2016.05.16 04:30,0.65917,0.65921,0.65836,0.65851,921
2016.05.16 05:00,0.65849,0.65971,0.65844,0.65964,716
2016.05.16 05:30,0.65962,0.66045,0.65957,0.66031,752
2016.05.16 06:00,0.66030,0.66089,0.66026,0.66059,600
2016.05.16 06:30,0.66058,0.66144,0.66047,0.66129,536
2016.05.16 07:00,0.66131,0.66142,0.66115,0.66115,199
2016.05.16 07:30,0.66116,0.66124,0.66072,0.66091,585
2016.05.16 08:00,0.66094,0.66114,0.66039,0.66079,632
2016.05.16 08:30,0.66080,0.66109,0.66045,0.66046,445
2016.05.16 09:00,0.66048,0.66119,0.66041,0.66082,1507
2016.05.16 09:30,0.66084,0.66158,0.66072,0.66151,1280
2016.05.16 10:00,0.66151,0.66206,0.66107,0.66115,2516
2016.05.16 10:30,0.66117,0.66216,0.66101,0.66208,1935
2016.05.16 11:00,0.66209,0.66288,0.66186,0.66254,1906
2016.05.16 11:30,0.66250,0.66281,0.66236,0.66262,2357
2016.05.16 12:00,0.66262,0.66320,0.66233,0.66298,1541
2016.05.16 12:30,0.66298,0.66345,0.66234,0.66278,1493
2016.05.16 13:00,0.66275,0.66360,0.66242,0.66302,1680
2016.05.16 13:30,0.66301,0.66374,0.66286,0.66341,1893
2016.05.16 14:00,0.66341,0.66393,0.66329,0.66381,1803
2016.05.16 14:30,0.66380,0.66412,0.66336,0.66363,1634
2016.05.16 15:00,0.66361,0.66370,0.66286,0.66286,2485
2016.05.16 15:30,0.66281,0.66371,0.66260,0.66304,2858
2016.05.16 16:00,0.66305,0.66308,0.66233,0.66271,2110
2016.05.16 16:30,0.66266,0.66326,0.66251,0.66299,2673
2016.05.16 17:00,0.66297,0.66381,0.66275,0.66349,2415
2016.05.16 17:30,0.66348,0.66367,0.66266,0.66328,3287
2016.05.16 18:00,0.66327,0.66400,0.66327,0.66393,1844
2016.05.16 18:30,0.66395,0.66476,0.66383,0.66466,1414
2016.05.16 19:00,0.66467,0.66476,0.66393,0.66393,981
2016.05.16 19:30,0.66394,0.66411,0.66375,0.66407,1015
2016.05.16 20:00,0.66406,0.66422,0.66382,0.66417,1022
2016.05.16 20:30,0.66416,0.66431,0.66380,0.66422,801
2016.05.16 21:00,0.66421,0.66433,0.66399,0.66417,829
2016.05.16 21:30,0.66416,0.66430,0.66383,0.66391,653
2016.05.16 22:00,0.66390,0.66424,0.66390,0.66408,336
2016.05.16 22:30,0.66405,0.66405,0.66369,0.66391,335
2016.05.16 23:00,0.66391,0.66402,0.66361,0.66384,198
2016.05.16 23:30,0.66384,0.66384,0.66340,0.66351,269
2016.05.17 00:00,0.66346,0.66376,0.66317,0.66336,167
2016.05.17 00:30,0.66322,0.66336,0.66291,0.66291,317
2016.05.17 01:00,0.66291,0.66377,0.66291,0.66357,569
2016.05.17 01:30,0.66358,0.66359,0.66327,0.66356,447
2016.05.17 02:00,0.66355,0.66365,0.66313,0.66328,307
2016.05.17 02:30,0.66326,0.66348,0.66284,0.66340,839
2016.05.17 03:00,0.66337,0.66359,0.66268,0.66349,839
2016.05.17 03:30,0.66348,0.66359,0.66257,0.66292,767
2016.05.17 04:00,0.66291,0.66369,0.66281,0.66341,840
2016.05.17 04:30,0.66341,0.66598,0.66341,0.66541,2386
2016.05.17 05:00,0.66542,0.66764,0.66522,0.66692,1584
2016.05.17 05:30,0.66691,0.66830,0.66658,0.66725,1339
2016.05.17 06:00,0.66729,0.66742,0.66551,0.66571,1511
2016.05.17 06:30,0.66569,0.66620,0.66543,0.66560,749
2016.05.17 07:00,0.66561,0.66579,0.66521,0.66542,728
2016.05.17 07:30,0.66543,0.66565,0.66511,0.66553,597
2016.05.17 08:00,0.66554,0.66587,0.66504,0.66506,795
2016.05.17 08:30,0.66502,0.66566,0.66501,0.66531,708
2016.05.17 09:00,0.66535,0.66633,0.66512,0.66608,1977
2016.05.17 09:30,0.66609,0.66656,0.66557,0.66602,2189
2016.05.17 10:00,0.66601,0.66630,0.66560,0.66576,2073
2016.05.17 10:30,0.66577,0.66618,0.66521,0.66534,2157
2016.05.17 11:00,0.66532,0.66552,0.66412,0.66431,2618
2016.05.17 11:30,0.66431,0.66502,0.66414,0.66474,2476
2016.05.17 12:00,0.66475,0.66541,0.66441,0.66508,2116
2016.05.17 12:30,0.66507,0.66567,0.66501,0.66501,1612
2016.05.17 13:00,0.66501,0.66568,0.66486,0.66542,1380
2016.05.17 13:30,0.66544,0.66566,0.66498,0.66544,1203
2016.05.17 14:00,0.66545,0.66565,0.66479,0.66493,1589
2016.05.17 14:30,0.66491,0.66528,0.66447,0.66520,1369
2016.05.17 15:00,0.66519,0.66595,0.66496,0.66566,1777
2016.05.17 15:30,0.66561,0.66578,0.66459,0.66524,4325
2016.05.17 16:00,0.66530,0.66544,0.66433,0.66459,3525
2016.05.17 16:30,0.66461,0.66494,0.66361,0.66402,4333
2016.05.17 17:00,0.66405,0.66474,0.66361,0.66438,4067
2016.05.17 17:30,0.66436,0.66714,0.66419,0.66664,3450
2016.05.17 18:00,0.66666,0.66708,0.66621,0.66634,2897
2016.05.17 18:30,0.66634,0.66764,0.66618,0.66738,2132
2016.05.17 19:00,0.66739,0.66742,0.66681,0.66706,1285
2016.05.17 19:30,0.66706,0.66706,0.66635,0.66647,1288
2016.05.17 20:00,0.66646,0.66678,0.66624,0.66648,1391
2016.05.17 20:30,0.66651,0.66702,0.66646,0.66702,1142
2016.05.17 21:00,0.66698,0.66750,0.66654,0.66673,1176
2016.05.17 21:30,0.66671,0.66753,0.66656,0.66728,1014
2016.05.17 22:00,0.66727,0.66740,0.66660,0.66682,475
2016.05.17 22:30,0.66681,0.66747,0.66645,0.66744,817
2016.05.17 23:00,0.66743,0.66784,0.66735,0.66766,282
2016.05.17 23:30,0.66766,0.66789,0.66711,0.66746,359
2016.05.18 00:00,0.66741,0.66766,0.66714,0.66761,111
2016.05.18 00:30,0.66761,0.66771,0.66714,0.66741,414
2016.05.18 01:00,0.66741,0.66756,0.66723,0.66733,404
2016.05.18 01:30,0.66735,0.66747,0.66640,0.66644,754
2016.05.18 02:00,0.66645,0.66675,0.66622,0.66671,413
2016.05.18 02:30,0.66672,0.66683,0.66580,0.66640,765
2016.05.18 03:00,0.66641,0.66652,0.66511,0.66511,1122
2016.05.18 03:30,0.66510,0.66554,0.66468,0.66470,1049
2016.05.18 04:00,0.66471,0.66549,0.66464,0.66535,1114
2016.05.18 04:30,0.66539,0.66635,0.66499,0.66592,1335
2016.05.18 05:00,0.66593,0.66682,0.66586,0.66669,784
2016.05.18 05:30,0.66668,0.66747,0.66662,0.66729,1071
2016.05.18 06:00,0.66728,0.66728,0.66650,0.66664,750
2016.05.18 06:30,0.66665,0.66691,0.66618,0.66625,836
2016.05.18 07:00,0.66626,0.66723,0.66626,0.66716,926
2016.05.18 07:30,0.66718,0.66750,0.66703,0.66717,660
2016.05.18 08:00,0.66719,0.66760,0.66712,0.66723,588
2016.05.18 08:30,0.66724,0.66746,0.66692,0.66701,693
2016.05.18 09:00,0.66706,0.66710,0.66496,0.66572,2463
2016.05.18 09:30,0.66568,0.66612,0.66451,0.66460,2111
2016.05.18 10:00,0.66461,0.66565,0.66461,0.66541,2939
2016.05.18 10:30,0.66542,0.66568,0.66511,0.66536,2541
2016.05.18 11:00,0.66535,0.66598,0.66496,0.66499,2277
2016.05.18 11:30,0.66500,0.66556,0.66430,0.66533,2148
2016.05.18 12:00,0.66532,0.66581,0.66477,0.66503,2386
2016.05.18 12:30,0.66499,0.66643,0.66499,0.66641,1590
2016.05.18 13:00,0.66641,0.66649,0.66582,0.66593,1553
2016.05.18 13:30,0.66593,0.66655,0.66591,0.66632,1867
2016.05.18 14:00,0.66633,0.66701,0.66586,0.66618,2805
2016.05.18 14:30,0.66618,0.66679,0.66574,0.66579,1765
2016.05.18 15:00,0.66578,0.66601,0.66476,0.66501,2711
2016.05.18 15:30,0.66505,0.66539,0.66368,0.66395,2765
2016.05.18 16:00,0.66395,0.66398,0.66261,0.66317,3426
2016.05.18 16:30,0.66318,0.66402,0.66272,0.66281,4236
2016.05.18 17:00,0.66281,0.66452,0.66246,0.66436,3732
2016.05.18 17:30,0.66436,0.66489,0.66407,0.66418,4254
2016.05.18 18:00,0.66417,0.66589,0.66406,0.66584,3030
2016.05.18 18:30,0.66589,0.66618,0.66540,0.66588,2401
2016.05.18 19:00,0.66589,0.66684,0.66586,0.66622,1607
2016.05.18 19:30,0.66625,0.66643,0.66608,0.66635,1590
2016.05.18 20:00,0.66636,0.66740,0.66628,0.66714,1725
2016.05.18 20:30,0.66713,0.66743,0.66636,0.66654,1735
2016.05.18 21:00,0.66653,0.66704,0.66378,0.66438,5747
2016.05.18 21:30,0.66439,0.66511,0.66387,0.66480,3043
2016.05.18 22:00,0.66478,0.66478,0.66379,0.66414,1346
2016.05.18 22:30,0.66413,0.66466,0.66387,0.66466,852
2016.05.18 23:00,0.66466,0.66557,0.66461,0.66551,474
2016.05.18 23:30,0.66549,0.66581,0.66516,0.66536,386
2016.05.19 00:00,0.66531,0.66559,0.66401,0.66451,369
2016.05.19 00:30,0.66446,0.66543,0.66401,0.66506,861
2016.05.19 01:00,0.66506,0.66698,0.66506,0.66689,857
2016.05.19 01:30,0.66690,0.66690,0.66610,0.66665,696
2016.05.19 02:00,0.66663,0.66714,0.66649,0.66660,817
2016.05.19 02:30,0.66658,0.66801,0.66628,0.66699,1100
2016.05.19 03:00,0.66702,0.66725,0.66647,0.66654,887
2016.05.19 03:30,0.66653,0.66653,0.66558,0.66607,898
2016.05.19 04:00,0.66608,0.66684,0.66497,0.66642,1168
2016.05.19 04:30,0.66642,0.66651,0.66505,0.66535,1603
2016.05.19 05:00,0.66534,0.66564,0.66512,0.66529,1013
2016.05.19 05:30,0.66528,0.66554,0.66492,0.66498,694
2016.05.19 06:00,0.66499,0.66557,0.66466,0.66518,921
2016.05.19 06:30,0.66519,0.66530,0.66498,0.66518,527
2016.05.19 07:00,0.66519,0.66527,0.66454,0.66472,884
2016.05.19 07:30,0.66471,0.66512,0.66459,0.66502,855
2016.05.19 08:00,0.66500,0.66516,0.66441,0.66483,783
2016.05.19 08:30,0.66482,0.66520,0.66427,0.66453,1082
2016.05.19 09:00,0.66453,0.66548,0.66436,0.66497,2723
2016.05.19 09:30,0.66494,0.66583,0.66487,0.66547,2340
2016.05.19 10:00,0.66548,0.66782,0.66536,0.66740,3274
2016.05.19 10:30,0.66741,0.66783,0.66647,0.66695,2961
2016.05.19 11:00,0.66694,0.66713,0.66507,0.66516,2985
2016.05.19 11:30,0.66517,0.66596,0.66508,0.66576,2676
2016.05.19 12:00,0.66574,0.66700,0.66569,0.66666,2322
2016.05.19 12:30,0.66666,0.66699,0.66604,0.66656,2373
2016.05.19 13:00,0.66651,0.66736,0.66628,0.66706,1884
2016.05.19 13:30,0.66706,0.66803,0.66690,0.66756,2432
2016.05.19 14:00,0.66753,0.66794,0.66719,0.66743,2036
2016.05.19 14:30,0.66738,0.66801,0.66648,0.66664,2808
2016.05.19 15:00,0.66663,0.66770,0.66656,0.66716,3114
2016.05.19 15:30,0.66711,0.66753,0.66528,0.66636,4480
2016.05.19 16:00,0.66635,0.66716,0.66589,0.66690,4143
2016.05.19 16:30,0.66687,0.66723,0.66596,0.66604,4576
2016.05.19 17:00,0.66606,0.66674,0.66586,0.66641,4014
2016.05.19 17:30,0.66641,0.66767,0.66623,0.66662,6324
2016.05.19 18:00,0.66663,0.66727,0.66639,0.66662,4688
2016.05.19 18:30,0.66661,0.66735,0.66623,0.66729,2550
2016.05.19 19:00,0.66728,0.66824,0.66714,0.66721,2213
2016.05.19 19:30,0.66720,0.66767,0.66703,0.66729,1512
2016.05.19 20:00,0.66730,0.66758,0.66716,0.66737,1812
2016.05.19 20:30,0.66736,0.66816,0.66721,0.66797,1662
2016.05.19 21:00,0.66793,0.66851,0.66770,0.66835,949
2016.05.19 21:30,0.66834,0.66841,0.66773,0.66788,858
2016.05.19 22:00,0.66786,0.66804,0.66734,0.66778,745
2016.05.19 22:30,0.66777,0.66848,0.66753,0.66801,780
2016.05.19 23:00,0.66798,0.66810,0.66769,0.66769,372
2016.05.19 23:30,0.66770,0.66784,0.66754,0.66756,329
2016.05.20 00:00,0.66751,0.66781,0.66722,0.66781,96
2016.05.20 00:30,0.66776,0.66786,0.66725,0.66746,312
2016.05.20 01:00,0.66741,0.66753,0.66714,0.66738,348
2016.05.20 01:30,0.66735,0.66894,0.66720,0.66875,656
2016.05.20 02:00,0.66872,0.66924,0.66810,0.66901,941
2016.05.20 02:30,0.66903,0.67023,0.66862,0.66959,1035
2016.05.20 03:00,0.66958,0.67045,0.66933,0.67004,1142
2016.05.20 03:30,0.67003,0.67025,0.66930,0.66981,750
2016.05.20 04:00,0.66980,0.67072,0.66948,0.67072,975
2016.05.20 04:30,0.67069,0.67069,0.66979,0.67034,976
2016.05.20 05:00,0.67035,0.67122,0.67022,0.67086,1026
2016.05.20 05:30,0.67084,0.67097,0.67035,0.67046,916
2016.05.20 06:00,0.67045,0.67060,0.67004,0.67011,522
2016.05.20 06:30,0.67009,0.67050,0.66980,0.66980,563
2016.05.20 07:00,0.66979,0.67067,0.66976,0.67064,643
2016.05.20 07:30,0.67063,0.67063,0.66986,0.66988,476
2016.05.20 08:00,0.66989,0.67042,0.66970,0.67038,580
2016.05.20 08:30,0.67037,0.67050,0.66980,0.67039,836
2016.05.20 09:00,0.67039,0.67068,0.66998,0.67048,1525
2016.05.20 09:30,0.67049,0.67096,0.66992,0.67006,1754
2016.05.20 10:00,0.67007,0.67101,0.66977,0.67031,2442
2016.05.20 10:30,0.67032,0.67107,0.66994,0.66995,2404
2016.05.20 11:00,0.66993,0.67056,0.66956,0.67046,2116
2016.05.20 11:30,0.67047,0.67078,0.66985,0.66988,1862
2016.05.20 12:00,0.66988,0.67037,0.66876,0.66897,1991
2016.05.20 12:30,0.66898,0.66956,0.66888,0.66910,1586
2016.05.20 13:00,0.66910,0.66993,0.66903,0.66907,1310
2016.05.20 13:30,0.66907,0.66977,0.66882,0.66950,1472
2016.05.20 14:00,0.66951,0.67023,0.66951,0.67019,1444
2016.05.20 14:30,0.67020,0.67108,0.66987,0.67104,1488
2016.05.20 15:00,0.67104,0.67154,0.67058,0.67140,2098
2016.05.20 15:30,0.67142,0.67178,0.67093,0.67160,2158
2016.05.20 16:00,0.67160,0.67193,0.67045,0.67062,2268
2016.05.20 16:30,0.67059,0.67113,0.66929,0.66966,3809
2016.05.20 17:00,0.66966,0.67042,0.66933,0.66951,3272
2016.05.20 17:30,0.66954,0.67078,0.66941,0.67076,3280
2016.05.20 18:00,0.67077,0.67115,0.67006,0.67070,3125
2016.05.20 18:30,0.67073,0.67110,0.67011,0.67031,1727
2016.05.20 19:00,0.67027,0.67090,0.67026,0.67071,1808
2016.05.20 19:30,0.67068,0.67074,0.67021,0.67047,1382
2016.05.20 20:00,0.67046,0.67056,0.67012,0.67028,1318
2016.05.20 20:30,0.67026,0.67052,0.66958,0.66975,1533
2016.05.20 21:00,0.66973,0.67002,0.66947,0.66978,1060
2016.05.20 21:30,0.66979,0.67015,0.66954,0.66961,835
2016.05.20 22:00,0.66962,0.66988,0.66959,0.66971,515
2016.05.20 22:30,0.66974,0.67059,0.66971,0.67034,371
2016.05.20 23:00,0.67035,0.67049,0.67031,0.67036,198
2016.05.20 23:30,0.67033,0.67051,0.66840,0.66840,404
2016.05.23 00:00,0.66981,0.67053,0.66858,0.67035,260
2016.05.23 00:30,0.67037,0.67089,0.67000,0.67023,387
2016.05.23 01:00,0.67023,0.67101,0.67014,0.67083,702
2016.05.23 01:30,0.67079,0.67124,0.67076,0.67086,319
2016.05.23 02:00,0.67087,0.67122,0.67024,0.67027,556
2016.05.23 02:30,0.67028,0.67058,0.67007,0.67039,760
2016.05.23 03:00,0.67038,0.67074,0.67018,0.67046,1036
2016.05.23 03:30,0.67045,0.67117,0.67042,0.67096,847
2016.05.23 04:00,0.67097,0.67097,0.66980,0.67010,1318
2016.05.23 04:30,0.67011,0.67109,0.66997,0.67108,1135
2016.05.23 05:00,0.67107,0.67138,0.67080,0.67098,1118
2016.05.23 05:30,0.67099,0.67174,0.67085,0.67162,1033
2016.05.23 06:00,0.67163,0.67264,0.67162,0.67230,1063
2016.05.23 06:30,0.67229,0.67274,0.67178,0.67243,1228
2016.05.23 07:00,0.67244,0.67262,0.67211,0.67231,889
2016.05.23 07:30,0.67230,0.67251,0.67219,0.67242,577
2016.05.23 08:00,0.67243,0.67276,0.67223,0.67234,642
2016.05.23 08:30,0.67231,0.67255,0.67197,0.67255,732
2016.05.23 09:00,0.67259,0.67334,0.67241,0.67289,1890
2016.05.23 09:30,0.67290,0.67295,0.67205,0.67260,1605
2016.05.23 10:00,0.67261,0.67300,0.67128,0.67138,3037
2016.05.23 10:30,0.67136,0.67215,0.67105,0.67178,2246
2016.05.23 11:00,0.67181,0.67369,0.67172,0.67369,3151
2016.05.23 11:30,0.67368,0.67405,0.67293,0.67293,2279
2016.05.23 12:00,0.67291,0.67331,0.67247,0.67252,2129
2016.05.23 12:30,0.67248,0.67300,0.67147,0.67197,2376
2016.05.23 13:00,0.67198,0.67201,0.67095,0.67103,2137
2016.05.23 13:30,0.67106,0.67143,0.67056,0.67106,1919
2016.05.23 14:00,0.67106,0.67121,0.67063,0.67091,1594
2016.05.23 14:30,0.67093,0.67166,0.67087,0.67107,1596
2016.05.23 15:00,0.67106,0.67151,0.67036,0.67089,2466
2016.05.23 15:30,0.67091,0.67122,0.67014,0.67024,2134
2016.05.23 16:00,0.67024,0.67043,0.66921,0.66922,2928
2016.05.23 16:30,0.66923,0.67063,0.66885,0.67054,2995
2016.05.23 17:00,0.67057,0.67134,0.67033,0.67082,3494
2016.05.23 17:30,0.67079,0.67087,0.66964,0.67016,3155
2016.05.23 18:00,0.67015,0.67070,0.66993,0.67061,2912
2016.05.23 18:30,0.67059,0.67068,0.66959,0.66972,2354
2016.05.23 19:00,0.66971,0.67028,0.66951,0.66995,1628
2016.05.23 19:30,0.66995,0.66999,0.66919,0.66933,1726
2016.05.23 20:00,0.66934,0.66984,0.66911,0.66926,2231
2016.05.23 20:30,0.66928,0.66961,0.66912,0.66928,1817
2016.05.23 21:00,0.66927,0.66942,0.66896,0.66938,1036
2016.05.23 21:30,0.66943,0.66950,0.66860,0.66919,1160
2016.05.23 22:00,0.66918,0.66952,0.66882,0.66900,433
2016.05.23 22:30,0.66899,0.66937,0.66866,0.66906,538
2016.05.23 23:00,0.66903,0.66941,0.66863,0.66934,267
2016.05.23 23:30,0.66936,0.66936,0.66854,0.66886,328
2016.05.24 00:00,0.66891,0.66951,0.66862,0.66936,142
2016.05.24 00:30,0.66936,0.66956,0.66848,0.66887,1429
2016.05.24 01:00,0.66883,0.66933,0.66823,0.66823,1017
2016.05.24 01:30,0.66823,0.66872,0.66818,0.66854,536
2016.05.24 02:00,0.66853,0.66859,0.66822,0.66829,311
2016.05.24 02:30,0.66827,0.66844,0.66786,0.66790,541
2016.05.24 03:00,0.66787,0.66793,0.66683,0.66707,1027
2016.05.24 03:30,0.66703,0.66763,0.66676,0.66701,1122
2016.05.24 04:00,0.66704,0.66821,0.66704,0.66787,924
2016.05.24 04:30,0.66788,0.66804,0.66602,0.66629,1371
2016.05.24 05:00,0.66630,0.66631,0.66524,0.66567,994
2016.05.24 05:30,0.66566,0.66650,0.66564,0.66634,839
2016.05.24 06:00,0.66635,0.66697,0.66534,0.66574,1188
2016.05.24 06:30,0.66575,0.66615,0.66533,0.66565,1631
2016.05.24 07:00,0.66563,0.66591,0.66527,0.66570,761
2016.05.24 07:30,0.66571,0.66589,0.66511,0.66564,879
2016.05.24 08:00,0.66562,0.66569,0.66529,0.66553,463
2016.05.24 08:30,0.66551,0.66575,0.66438,0.66511,1136
2016.05.24 09:00,0.66516,0.66602,0.66487,0.66581,2500
2016.05.24 09:30,0.66581,0.66605,0.66446,0.66446,2797
2016.05.24 10:00,0.66448,0.66561,0.66417,0.66546,2802
2016.05.24 10:30,0.66547,0.66656,0.66535,0.66589,3193
2016.05.24 11:00,0.66590,0.66657,0.66580,0.66592,2560
2016.05.24 11:30,0.66596,0.66756,0.66571,0.66747,2412
2016.05.24 12:00,0.66750,0.66754,0.66622,0.66647,2422
2016.05.24 12:30,0.66642,0.66764,0.66618,0.66636,2222
2016.05.24 13:00,0.66638,0.66756,0.66636,0.66744,1791
2016.05.24 13:30,0.66743,0.66751,0.66660,0.66662,1983
2016.05.24 14:00,0.66662,0.66715,0.66586,0.66590,1906
2016.05.24 14:30,0.66586,0.66715,0.66571,0.66655,1802
2016.05.24 15:00,0.66654,0.66763,0.66641,0.66713,3045
2016.05.24 15:30,0.66715,0.66805,0.66691,0.66719,2924
2016.05.24 16:00,0.66718,0.66729,0.66636,0.66699,2492
2016.05.24 16:30,0.66701,0.66801,0.66657,0.66657,3195
2016.05.24 17:00,0.66701,0.66841,0.66701,0.66828,3947
2016.05.24 17:30,0.66826,0.66904,0.66802,0.66903,3669
2016.05.24 18:00,0.66903,0.66959,0.66863,0.66919,3114
2016.05.24 18:30,0.66920,0.66922,0.66858,0.66885,2019
2016.05.24 19:00,0.66886,0.66911,0.66826,0.66861,1690
2016.05.24 19:30,0.66862,0.66882,0.66836,0.66860,1664
2016.05.24 20:00,0.66861,0.66886,0.66778,0.66831,1724
2016.05.24 20:30,0.66829,0.66829,0.66771,0.66813,1533
2016.05.24 21:00,0.66810,0.66857,0.66799,0.66834,940
2016.05.24 21:30,0.66833,0.66852,0.66809,0.66826,1074
2016.05.24 22:00,0.66827,0.66877,0.66809,0.66860,608
2016.05.24 22:30,0.66861,0.66881,0.66821,0.66866,472
2016.05.24 23:00,0.66869,0.66881,0.66843,0.66870,278
2016.05.24 23:30,0.66871,0.66906,0.66859,0.66886,310
2016.05.25 00:00,0.66891,0.66916,0.66857,0.66891,164
2016.05.25 00:30,0.66890,0.66916,0.66871,0.66914,233
2016.05.25 01:00,0.66916,0.66956,0.66881,0.66956,499
2016.05.25 01:30,0.66957,0.67167,0.66938,0.67164,800
2016.05.25 02:00,0.67163,0.67171,0.67038,0.67046,684
2016.05.25 02:30,0.67047,0.67049,0.67008,0.67009,614
2016.05.25 03:00,0.67010,0.67063,0.66976,0.67000,1001
2016.05.25 03:30,0.66999,0.67008,0.66956,0.66964,789
2016.05.25 04:00,0.66963,0.66970,0.66856,0.66861,1067
2016.05.25 04:30,0.66861,0.66942,0.66856,0.66936,1225
2016.05.25 05:00,0.66936,0.67026,0.66915,0.67023,922
2016.05.25 05:30,0.67023,0.67106,0.67001,0.67006,951
2016.05.25 06:00,0.67002,0.67096,0.66997,0.67029,1438
2016.05.25 06:30,0.67031,0.67050,0.66973,0.66982,1026
2016.05.25 07:00,0.66984,0.67008,0.66954,0.66958,522
2016.05.25 07:30,0.66959,0.66972,0.66926,0.66969,581
2016.05.25 08:00,0.66970,0.67008,0.66959,0.66968,738
2016.05.25 08:30,0.66969,0.66999,0.66923,0.66947,738
2016.05.25 09:00,0.66949,0.67024,0.66903,0.66997,1650
2016.05.25 09:30,0.66997,0.67038,0.66916,0.66983,2237
2016.05.25 10:00,0.66983,0.66983,0.66861,0.66917,2442
2016.05.25 10:30,0.66916,0.66935,0.66861,0.66880,2383
2016.05.25 11:00,0.66880,0.66897,0.66817,0.66878,2485
2016.05.25 11:30,0.66879,0.66985,0.66848,0.66951,2022
2016.05.25 12:00,0.66951,0.67033,0.66906,0.66981,2250
2016.05.25 12:30,0.66981,0.66997,0.66925,0.66957,1974
2016.05.25 13:00,0.66956,0.66994,0.66921,0.66963,1820
2016.05.25 13:30,0.66963,0.67048,0.66943,0.67045,1953
2016.05.25 14:00,0.67044,0.67092,0.67011,0.67041,2092
2016.05.25 14:30,0.67040,0.67073,0.66951,0.66964,2296
2016.05.25 15:00,0.66963,0.67018,0.66956,0.66996,1896
2016.05.25 15:30,0.66997,0.67076,0.66977,0.66997,2327
2016.05.25 16:00,0.66996,0.67001,0.66871,0.66925,2054
2016.05.25 16:30,0.66925,0.66953,0.66876,0.66899,3278
2016.05.25 17:00,0.66897,0.67012,0.66887,0.66971,4587
2016.05.25 17:30,0.66970,0.67017,0.66896,0.66923,4533
2016.05.25 18:00,0.66923,0.66957,0.66831,0.66856,4141
2016.05.25 18:30,0.66858,0.66911,0.66833,0.66857,2527
2016.05.25 19:00,0.66858,0.66911,0.66836,0.66891,1846
2016.05.25 19:30,0.66891,0.66950,0.66881,0.66941,1470
2016.05.25 20:00,0.66940,0.66997,0.66932,0.66996,1598
2016.05.25 20:30,0.66997,0.67012,0.66941,0.66960,1405
2016.05.25 21:00,0.66959,0.67041,0.66941,0.67033,1047
2016.05.25 21:30,0.67032,0.67061,0.67008,0.67059,1208
2016.05.25 22:00,0.67057,0.67073,0.66966,0.67011,1100
2016.05.25 22:30,0.67012,0.67026,0.66965,0.67023,568
2016.05.25 23:00,0.67021,0.67057,0.66996,0.67029,354
2016.05.25 23:30,0.67031,0.67031,0.66631,0.66736,1034
2016.05.26 00:00,0.66716,0.66781,0.66671,0.66684,264
2016.05.26 00:30,0.66681,0.66711,0.66546,0.66586,323
2016.05.26 01:00,0.66581,0.66676,0.66579,0.66666,620
2016.05.26 01:30,0.66667,0.66694,0.66546,0.66596,545
2016.05.26 02:00,0.66593,0.66596,0.66501,0.66504,478
2016.05.26 02:30,0.66503,0.66531,0.66436,0.66481,642
2016.05.26 03:00,0.66488,0.66608,0.66471,0.66489,947
2016.05.26 03:30,0.66493,0.66504,0.66435,0.66459,787
2016.05.26 04:00,0.66461,0.66509,0.66431,0.66476,808
2016.05.26 04:30,0.66471,0.66471,0.66265,0.66291,1351
2016.05.26 05:00,0.66291,0.66538,0.66276,0.66496,1176
2016.05.26 05:30,0.66495,0.66527,0.66445,0.66445,570
2016.05.26 06:00,0.66446,0.66496,0.66412,0.66421,544
2016.05.26 06:30,0.66419,0.66435,0.66365,0.66374,463
2016.05.26 07:00,0.66369,0.66436,0.66361,0.66424,513
2016.05.26 07:30,0.66421,0.66436,0.66393,0.66407,400
2016.05.26 08:00,0.66409,0.66458,0.66385,0.66416,467
2016.05.26 08:30,0.66414,0.66488,0.66414,0.66467,529
2016.05.26 09:00,0.66467,0.66474,0.66381,0.66391,1378
2016.05.26 09:30,0.66391,0.66410,0.66247,0.66262,1519
2016.05.26 10:00,0.66263,0.66449,0.66263,0.66411,1936
2016.05.26 10:30,0.66410,0.66558,0.66406,0.66496,2416
2016.05.26 11:00,0.66493,0.66606,0.66471,0.66571,2034
2016.05.26 11:30,0.66566,0.66719,0.66566,0.66626,2449
2016.05.26 12:00,0.66626,0.66678,0.66572,0.66617,1971
2016.05.26 12:30,0.66618,0.66693,0.66601,0.66648,1639
2016.05.26 13:00,0.66649,0.66798,0.66645,0.66748,2202
2016.05.26 13:30,0.66751,0.66803,0.66727,0.66800,2235
2016.05.26 14:00,0.66798,0.66810,0.66676,0.66740,1998
2016.05.26 14:30,0.66738,0.66771,0.66706,0.66753,2108
2016.05.26 15:00,0.66755,0.66790,0.66694,0.66741,2691
2016.05.26 15:30,0.66731,0.66824,0.66653,0.66821,4387
2016.05.26 16:00,0.66820,0.66827,0.66733,0.66733,3470
2016.05.26 16:30,0.66729,0.66770,0.66656,0.66720,4292
2016.05.26 17:00,0.66724,0.66806,0.66724,0.66801,3617
2016.05.26 17:30,0.66802,0.66841,0.66706,0.66721,3631
2016.05.26 18:00,0.66721,0.66796,0.66686,0.66791,2828
2016.05.26 18:30,0.66791,0.66841,0.66784,0.66816,1838
2016.05.26 19:00,0.66814,0.66829,0.66716,0.66736,2218
2016.05.26 19:30,0.66736,0.66747,0.66689,0.66703,1609
2016.05.26 20:00,0.66702,0.66737,0.66668,0.66696,1964
2016.05.26 20:30,0.66695,0.66723,0.66646,0.66696,1375
2016.05.26 21:00,0.66696,0.66714,0.66665,0.66712,938
2016.05.26 21:30,0.66713,0.66749,0.66680,0.66702,1339
2016.05.26 22:00,0.66703,0.66755,0.66641,0.66736,641
2016.05.26 22:30,0.66739,0.66800,0.66723,0.66797,437
2016.05.26 23:00,0.66798,0.66821,0.66511,0.66621,716
2016.05.26 23:30,0.66616,0.66681,0.66606,0.66656,402
2016.05.27 00:00,0.66656,0.66691,0.66620,0.66686,117
2016.05.27 00:30,0.66681,0.66726,0.66648,0.66676,229
2016.05.27 01:00,0.66671,0.66750,0.66651,0.66713,884
2016.05.27 01:30,0.66712,0.66777,0.66704,0.66775,597
2016.05.27 02:00,0.66774,0.66784,0.66750,0.66750,349
2016.05.27 02:30,0.66749,0.66782,0.66737,0.66758,681
2016.05.27 03:00,0.66756,0.66797,0.66722,0.66783,1236
2016.05.27 03:30,0.66784,0.66785,0.66720,0.66769,946
2016.05.27 04:00,0.66768,0.66787,0.66702,0.66707,1179
2016.05.27 04:30,0.66708,0.66778,0.66701,0.66765,890
2016.05.27 05:00,0.66767,0.66799,0.66741,0.66784,832
2016.05.27 05:30,0.66785,0.66789,0.66679,0.66715,871
2016.05.27 06:00,0.66714,0.66760,0.66692,0.66736,615
2016.05.27 06:30,0.66737,0.66769,0.66717,0.66765,641
2016.05.27 07:00,0.66764,0.66779,0.66717,0.66719,517
2016.05.27 07:30,0.66720,0.66736,0.66699,0.66733,441
2016.05.27 08:00,0.66731,0.66762,0.66705,0.66736,507
2016.05.27 08:30,0.66737,0.66793,0.66736,0.66736,619
2016.05.27 09:00,0.66740,0.66779,0.66628,0.66710,2431
2016.05.27 09:30,0.66711,0.66742,0.66607,0.66611,1591
2016.05.27 10:00,0.66611,0.66638,0.66526,0.66551,2522
2016.05.27 10:30,0.66551,0.66648,0.66551,0.66623,2286
2016.05.27 11:00,0.66625,0.66637,0.66557,0.66571,1810
2016.05.27 11:30,0.66571,0.66676,0.66563,0.66610,1912
2016.05.27 12:00,0.66611,0.66703,0.66611,0.66693,1931
2016.05.27 12:30,0.66695,0.66786,0.66691,0.66771,1691
2016.05.27 13:00,0.66772,0.66791,0.66718,0.66725,1816
2016.05.27 13:30,0.66726,0.66767,0.66709,0.66714,1483
2016.05.27 14:00,0.66716,0.66744,0.66652,0.66683,1456
2016.05.27 14:30,0.66682,0.66729,0.66671,0.66695,1602
2016.05.27 15:00,0.66694,0.66729,0.66682,0.66701,1834
2016.05.27 15:30,0.66701,0.66779,0.66611,0.66627,4287
2016.05.27 16:00,0.66627,0.66627,0.66541,0.66601,3344
2016.05.27 16:30,0.66601,0.66625,0.66546,0.66546,3040
2016.05.27 17:00,0.66546,0.66626,0.66544,0.66586,4348
2016.05.27 17:30,0.66586,0.66628,0.66546,0.66617,3389
2016.05.27 18:00,0.66620,0.66667,0.66571,0.66652,2899
2016.05.27 18:30,0.66651,0.66712,0.66633,0.66710,2173
2016.05.27 19:00,0.66712,0.66712,0.66642,0.66664,1614
2016.05.27 19:30,0.66662,0.66694,0.66625,0.66648,1398
2016.05.27 20:00,0.66650,0.66658,0.66600,0.66606,1746
2016.05.27 20:30,0.66607,0.66620,0.66481,0.66501,4364
2016.05.27 21:00,0.66501,0.66536,0.66459,0.66514,2036
2016.05.27 21:30,0.66517,0.66589,0.66517,0.66546,1105
2016.05.27 22:00,0.66547,0.66556,0.66501,0.66530,525
2016.05.27 22:30,0.66528,0.66593,0.66496,0.66561,519
2016.05.27 23:00,0.66561,0.66616,0.66527,0.66606,286
2016.05.27 23:30,0.66611,0.66685,0.66543,0.66593,479
2016.05.30 00:00,0.66536,0.66548,0.66496,0.66541,97
2016.05.30 00:30,0.66549,0.66583,0.66525,0.66565,149
2016.05.30 01:00,0.66565,0.66601,0.66560,0.66589,485
2016.05.30 01:30,0.66590,0.66651,0.66585,0.66611,807
2016.05.30 02:00,0.66596,0.66659,0.66596,0.66616,776
2016.05.30 02:30,0.66619,0.66652,0.66549,0.66560,1108
2016.05.30 03:00,0.66564,0.66618,0.66457,0.66461,1551
2016.05.30 03:30,0.66462,0.66495,0.66400,0.66479,1723
2016.05.30 04:00,0.66482,0.66504,0.66403,0.66416,1567
2016.05.30 04:30,0.66416,0.66472,0.66375,0.66455,1582
2016.05.30 05:00,0.66454,0.66524,0.66430,0.66514,1061
2016.05.30 05:30,0.66513,0.66612,0.66500,0.66510,869
2016.05.30 06:00,0.66508,0.66577,0.66505,0.66544,1046
2016.05.30 06:30,0.66543,0.66585,0.66536,0.66550,794
2016.05.30 07:00,0.66547,0.66566,0.66511,0.66528,716
2016.05.30 07:30,0.66529,0.66529,0.66473,0.66503,647
2016.05.30 08:00,0.66502,0.66524,0.66475,0.66504,679
2016.05.30 08:30,0.66505,0.66538,0.66484,0.66486,869
2016.05.30 09:00,0.66488,0.66512,0.66448,0.66505,1399
2016.05.30 09:30,0.66505,0.66534,0.66486,0.66486,1257
2016.05.30 10:00,0.66488,0.66561,0.66475,0.66496,1683
2016.05.30 10:30,0.66497,0.66532,0.66455,0.66504,1809
2016.05.30 11:00,0.66504,0.66525,0.66386,0.66394,1538
2016.05.30 11:30,0.66393,0.66451,0.66310,0.66449,1643
2016.05.30 12:00,0.66450,0.66464,0.66394,0.66423,1408
2016.05.30 12:30,0.66421,0.66470,0.66407,0.66464,1377
2016.05.30 13:00,0.66467,0.66506,0.66460,0.66474,1377
2016.05.30 13:30,0.66473,0.66487,0.66446,0.66467,1249
2016.05.30 14:00,0.66467,0.66511,0.66467,0.66505,1074
2016.05.30 14:30,0.66503,0.66528,0.66493,0.66503,1032
2016.05.30 15:00,0.66506,0.66522,0.66487,0.66500,1292
2016.05.30 15:30,0.66501,0.66502,0.66470,0.66487,1125
2016.05.30 16:00,0.66487,0.66505,0.66435,0.66470,886
2016.05.30 16:30,0.66471,0.66491,0.66459,0.66475,835
2016.05.30 17:00,0.66475,0.66492,0.66458,0.66486,1098
2016.05.30 17:30,0.66487,0.66492,0.66451,0.66476,1215
2016.05.30 18:00,0.66475,0.66550,0.66467,0.66545,1070
2016.05.30 18:30,0.66546,0.66556,0.66472,0.66476,883
2016.05.30 19:00,0.66476,0.66491,0.66443,0.66466,728
2016.05.30 19:30,0.66466,0.66479,0.66453,0.66470,981
2016.05.30 20:00,0.66471,0.66482,0.66417,0.66449,676
2016.05.30 20:30,0.66448,0.66475,0.66423,0.66474,530
2016.05.30 21:00,0.66467,0.66487,0.66441,0.66451,651
2016.05.30 21:30,0.66447,0.66466,0.66435,0.66446,394
2016.05.30 22:00,0.66446,0.66451,0.66434,0.66446,294
2016.05.30 22:30,0.66441,0.66441,0.66416,0.66431,312
2016.05.30 23:00,0.66431,0.66436,0.66343,0.66383,326
2016.05.30 23:30,0.66386,0.66411,0.66370,0.66391,297
2016.05.31 00:00,0.66401,0.66406,0.66362,0.66375,100
2016.05.31 00:30,0.66381,0.66386,0.66346,0.66371,310
2016.05.31 01:00,0.66371,0.66388,0.66346,0.66378,786
2016.05.31 01:30,0.66379,0.66438,0.66376,0.66421,498
2016.05.31 02:00,0.66417,0.66485,0.66408,0.66482,565
2016.05.31 02:30,0.66481,0.66507,0.66468,0.66489,707
2016.05.31 03:00,0.66488,0.66556,0.66485,0.66514,1216
2016.05.31 03:30,0.66513,0.66582,0.66498,0.66511,1237
2016.05.31 04:00,0.66511,0.66578,0.66500,0.66527,1364
2016.05.31 04:30,0.66541,0.66701,0.66532,0.66684,2307
2016.05.31 05:00,0.66683,0.66698,0.66619,0.66669,1215
2016.05.31 05:30,0.66668,0.66697,0.66658,0.66683,839
2016.05.31 06:00,0.66682,0.66722,0.66679,0.66718,855
2016.05.31 06:30,0.66717,0.66753,0.66697,0.66731,1272
2016.05.31 07:00,0.66732,0.66762,0.66700,0.66745,1024
2016.05.31 07:30,0.66746,0.66770,0.66727,0.66766,785
2016.05.31 08:00,0.66767,0.66799,0.66724,0.66735,870
2016.05.31 08:30,0.66734,0.66751,0.66710,0.66721,633
2016.05.31 09:00,0.66719,0.66795,0.66714,0.66794,2022
2016.05.31 09:30,0.66794,0.66795,0.66596,0.66623,2143
2016.05.31 10:00,0.66621,0.66674,0.66589,0.66618,2462
2016.05.31 10:30,0.66622,0.66635,0.66571,0.66616,2059
2016.05.31 11:00,0.66614,0.66615,0.66475,0.66563,2602
2016.05.31 11:30,0.66562,0.66620,0.66554,0.66585,1821
2016.05.31 12:00,0.66589,0.66614,0.66576,0.66611,1906
2016.05.31 12:30,0.66611,0.66655,0.66569,0.66655,1849
2016.05.31 13:00,0.66652,0.66741,0.66637,0.66717,2063
2016.05.31 13:30,0.66716,0.66725,0.66642,0.66651,1747
2016.05.31 14:00,0.66652,0.66857,0.66622,0.66775,2803
2016.05.31 14:30,0.66776,0.66821,0.66755,0.66812,1846
2016.05.31 15:00,0.66811,0.66861,0.66787,0.66826,2360
2016.05.31 15:30,0.66797,0.66840,0.66686,0.66721,2652
2016.05.31 16:00,0.66717,0.66819,0.66716,0.66809,2328
2016.05.31 16:30,0.66808,0.66914,0.66757,0.66826,2776
2016.05.31 17:00,0.66826,0.67002,0.66823,0.66977,3497
2016.05.31 17:30,0.66981,0.67263,0.66946,0.67242,5504
2016.05.31 18:00,0.67241,0.67299,0.67131,0.67213,4366
2016.05.31 18:30,0.67213,0.67269,0.67192,0.67214,2254
2016.05.31 19:00,0.67211,0.67227,0.67144,0.67177,2158
2016.05.31 19:30,0.67178,0.67195,0.67104,0.67108,1905
2016.05.31 20:00,0.67107,0.67173,0.67104,0.67142,1762
2016.05.31 20:30,0.67145,0.67179,0.67131,0.67164,1200
2016.05.31 21:00,0.67161,0.67162,0.67063,0.67100,1908
2016.05.31 21:30,0.67101,0.67146,0.67058,0.67126,1760
2016.05.31 22:00,0.67122,0.67129,0.67048,0.67091,871
2016.05.31 22:30,0.67093,0.67178,0.67088,0.67174,702
2016.05.31 23:00,0.67180,0.67263,0.67176,0.67203,613
2016.05.31 23:30,0.67202,0.67220,0.67172,0.67186,311
2016.06.01 00:00,0.67191,0.67236,0.67148,0.67165,253
2016.06.01 00:30,0.67164,0.67216,0.67140,0.67196,184
2016.06.01 01:00,0.67192,0.67263,0.67165,0.67221,1123
2016.06.01 01:30,0.67224,0.67484,0.67179,0.67426,711
2016.06.01 02:00,0.67428,0.67525,0.67390,0.67424,1042
2016.06.01 02:30,0.67421,0.67448,0.67323,0.67336,858
2016.06.01 03:00,0.67331,0.67385,0.67314,0.67333,1367
2016.06.01 03:30,0.67331,0.67406,0.67293,0.67375,1282
2016.06.01 04:00,0.67365,0.67497,0.67346,0.67466,1684
2016.06.01 04:30,0.67471,0.67668,0.67362,0.67552,3037
2016.06.01 05:00,0.67554,0.67653,0.67487,0.67507,1434
2016.06.01 05:30,0.67508,0.67516,0.67372,0.67419,1150
2016.06.01 06:00,0.67416,0.67494,0.67409,0.67469,1109
2016.06.01 06:30,0.67470,0.67500,0.67407,0.67490,947
2016.06.01 07:00,0.67489,0.67534,0.67461,0.67469,844
2016.06.01 07:30,0.67470,0.67483,0.67433,0.67463,619
2016.06.01 08:00,0.67462,0.67513,0.67423,0.67426,1580
2016.06.01 08:30,0.67427,0.67491,0.67404,0.67474,1293
2016.06.01 09:00,0.67476,0.67504,0.67338,0.67342,2242
2016.06.01 09:30,0.67343,0.67373,0.67311,0.67321,2177
2016.06.01 10:00,0.67322,0.67429,0.67283,0.67426,2209
2016.06.01 10:30,0.67421,0.67482,0.67404,0.67426,2956
2016.06.01 11:00,0.67426,0.67605,0.67411,0.67456,2995
2016.06.01 11:30,0.67456,0.67471,0.67390,0.67407,2393
2016.06.01 12:00,0.67408,0.67465,0.67383,0.67436,3032
2016.06.01 12:30,0.67435,0.67435,0.67333,0.67383,2051
2016.06.01 13:00,0.67382,0.67434,0.67332,0.67336,2126
2016.06.01 13:30,0.67335,0.67384,0.67286,0.67311,1911
2016.06.01 14:00,0.67313,0.67351,0.67254,0.67340,2326
2016.06.01 14:30,0.67337,0.67480,0.67328,0.67476,2642
2016.06.01 15:00,0.67476,0.67515,0.67394,0.67399,3472
2016.06.01 15:30,0.67397,0.67424,0.67323,0.67350,3003
2016.06.01 16:00,0.67350,0.67363,0.67166,0.67222,3818
2016.06.01 16:30,0.67221,0.67249,0.67137,0.67141,3441
2016.06.01 17:00,0.67146,0.67312,0.67097,0.67194,5240
2016.06.01 17:30,0.67192,0.67274,0.67121,0.67214,4859
2016.06.01 18:00,0.67213,0.67395,0.67204,0.67311,4052
2016.06.01 18:30,0.67307,0.67343,0.67277,0.67297,2618
2016.06.01 19:00,0.67296,0.67348,0.67271,0.67303,2549
2016.06.01 19:30,0.67301,0.67365,0.67295,0.67343,2153
2016.06.01 20:00,0.67343,0.67394,0.67305,0.67345,2323
2016.06.01 20:30,0.67342,0.67417,0.67341,0.67374,1441
2016.06.01 21:00,0.67373,0.67396,0.67313,0.67382,1484
2016.06.01 21:30,0.67381,0.67424,0.67362,0.67400,1290
2016.06.01 22:00,0.67401,0.67401,0.67303,0.67317,760
2016.06.01 22:30,0.67321,0.67346,0.67291,0.67331,510
2016.06.01 23:00,0.67332,0.67341,0.67303,0.67321,299
2016.06.01 23:30,0.67326,0.67331,0.67271,0.67321,287
2016.06.02 00:00,0.67321,0.67366,0.67241,0.67294,234
2016.06.02 00:30,0.67291,0.67338,0.67235,0.67326,571
2016.06.02 01:00,0.67326,0.67412,0.67326,0.67378,1700
2016.06.02 01:30,0.67377,0.67429,0.67358,0.67413,1162
2016.06.02 02:00,0.67414,0.67441,0.67384,0.67420,931
2016.06.02 02:30,0.67421,0.67444,0.67374,0.67378,507
2016.06.02 03:00,0.67379,0.67407,0.67281,0.67307,1503
2016.06.02 03:30,0.67308,0.67339,0.67288,0.67299,941
2016.06.02 04:00,0.67300,0.67422,0.67295,0.67416,1440
2016.06.02 04:30,0.67411,0.67484,0.67309,0.67323,2154
2016.06.02 05:00,0.67321,0.67375,0.67232,0.67278,1859
2016.06.02 05:30,0.67275,0.67335,0.67250,0.67333,1399
2016.06.02 06:00,0.67332,0.67419,0.67317,0.67371,1575
2016.06.02 06:30,0.67370,0.67386,0.67338,0.67366,872
2016.06.02 07:00,0.67363,0.67378,0.67320,0.67344,1070
2016.06.02 07:30,0.67345,0.67345,0.67274,0.67281,1046
2016.06.02 08:00,0.67280,0.67306,0.67267,0.67297,845
2016.06.02 08:30,0.67299,0.67341,0.67278,0.67304,971
2016.06.02 09:00,0.67307,0.67336,0.67231,0.67249,2039
2016.06.02 09:30,0.67248,0.67251,0.67101,0.67122,2180
2016.06.02 10:00,0.67123,0.67168,0.67071,0.67106,3128
2016.06.02 10:30,0.67106,0.67179,0.67081,0.67122,2659
2016.06.02 11:00,0.67121,0.67141,0.67066,0.67071,2445
2016.06.02 11:30,0.67073,0.67160,0.67051,0.67146,2117
2016.06.02 12:00,0.67146,0.67168,0.66971,0.66996,2279
2016.06.02 12:30,0.66998,0.67010,0.66922,0.66938,1770
2016.06.02 13:00,0.66937,0.66977,0.66929,0.66958,1871
2016.06.02 13:30,0.66959,0.67054,0.66952,0.67014,1578
2016.06.02 14:00,0.67012,0.67125,0.67012,0.67120,1396
2016.06.02 14:30,0.67118,0.67125,0.66970,0.67087,1920
2016.06.02 15:00,0.67087,0.67132,0.67026,0.67081,3303
2016.06.02 15:30,0.67034,0.67147,0.66996,0.67127,6935
2016.06.02 16:00,0.67126,0.67208,0.67085,0.67204,4173
2016.06.02 16:30,0.67204,0.67438,0.67131,0.67408,5866
2016.06.02 17:00,0.67407,0.67476,0.67376,0.67400,3664
2016.06.02 17:30,0.67399,0.67483,0.67378,0.67476,3918
2016.06.02 18:00,0.67477,0.67517,0.67449,0.67458,3757
2016.06.02 18:30,0.67456,0.67490,0.67435,0.67461,2047
2016.06.02 19:00,0.67460,0.67490,0.67397,0.67463,1590
2016.06.02 19:30,0.67464,0.67483,0.67431,0.67456,1508
2016.06.02 20:00,0.67454,0.67470,0.67418,0.67431,1339
2016.06.02 20:30,0.67426,0.67442,0.67392,0.67414,1102
2016.06.02 21:00,0.67410,0.67434,0.67374,0.67374,806
2016.06.02 21:30,0.67375,0.67449,0.67375,0.67422,1246
2016.06.02 22:00,0.67420,0.67422,0.67346,0.67368,496
2016.06.02 22:30,0.67372,0.67372,0.67338,0.67356,337
2016.06.02 23:00,0.67354,0.67420,0.67325,0.67381,624
2016.06.02 23:30,0.67377,0.67411,0.67371,0.67401,351
2016.06.03 00:00,0.67401,0.67436,0.67353,0.67401,136
2016.06.03 00:30,0.67401,0.67431,0.67376,0.67411,175
2016.06.03 01:00,0.67406,0.67406,0.67319,0.67328,794
2016.06.03 01:30,0.67327,0.67386,0.67324,0.67378,524
2016.06.03 02:00,0.67379,0.67404,0.67362,0.67403,398
2016.06.03 02:30,0.67404,0.67500,0.67389,0.67464,1234
2016.06.03 03:00,0.67462,0.67534,0.67414,0.67514,1342
2016.06.03 03:30,0.67515,0.67534,0.67467,0.67471,1061
2016.06.03 04:00,0.67470,0.67512,0.67449,0.67502,906
2016.06.03 04:30,0.67501,0.67538,0.67451,0.67479,985
2016.06.03 05:00,0.67478,0.67533,0.67473,0.67529,721
2016.06.03 05:30,0.67530,0.67569,0.67504,0.67567,578
2016.06.03 06:00,0.67568,0.67577,0.67530,0.67567,638
2016.06.03 06:30,0.67568,0.67590,0.67516,0.67560,841
2016.06.03 07:00,0.67558,0.67627,0.67539,0.67583,1352
2016.06.03 07:30,0.67582,0.67620,0.67574,0.67591,795
2016.06.03 08:00,0.67590,0.67680,0.67588,0.67641,796
2016.06.03 08:30,0.67640,0.67689,0.67599,0.67638,940
2016.06.03 09:00,0.67639,0.67690,0.67586,0.67658,1835
2016.06.03 09:30,0.67661,0.67677,0.67577,0.67636,1530
2016.06.03 10:00,0.67631,0.67780,0.67631,0.67771,2444
2016.06.03 10:30,0.67770,0.67802,0.67701,0.67726,2350
2016.06.03 11:00,0.67726,0.67862,0.67702,0.67828,2333
2016.06.03 11:30,0.67830,0.67833,0.67720,0.67744,2067
2016.06.03 12:00,0.67747,0.67793,0.67721,0.67771,2108
2016.06.03 12:30,0.67772,0.67777,0.67723,0.67729,1840
2016.06.03 13:00,0.67730,0.67858,0.67715,0.67852,1624
2016.06.03 13:30,0.67851,0.67944,0.67830,0.67888,1733
2016.06.03 14:00,0.67888,0.67894,0.67830,0.67839,1842
2016.06.03 14:30,0.67838,0.67843,0.67786,0.67787,2187
2016.06.03 15:00,0.67783,0.67894,0.67548,0.67553,2115
2016.06.03 15:30,0.67556,0.68072,0.67504,0.67943,10508
2016.06.03 16:00,0.67943,0.68007,0.67871,0.67876,7555
2016.06.03 16:30,0.67881,0.67975,0.67828,0.67856,5797
2016.06.03 17:00,0.67856,0.67912,0.67736,0.67766,6868
2016.06.03 17:30,0.67763,0.67864,0.67696,0.67846,5177
2016.06.03 18:00,0.67845,0.67874,0.67695,0.67720,4473
2016.06.03 18:30,0.67719,0.67876,0.67670,0.67873,2568
2016.06.03 19:00,0.67872,0.67874,0.67787,0.67829,2040
2016.06.03 19:30,0.67829,0.67844,0.67752,0.67801,2543
2016.06.03 20:00,0.67802,0.67805,0.67729,0.67745,2297
2016.06.03 20:30,0.67745,0.67774,0.67723,0.67755,2089
2016.06.03 21:00,0.67757,0.67789,0.67731,0.67773,1717
2016.06.03 21:30,0.67774,0.67915,0.67760,0.67912,1276
2016.06.03 22:00,0.67908,0.67908,0.67778,0.67795,617
2016.06.03 22:30,0.67796,0.67926,0.67795,0.67846,607
2016.06.03 23:00,0.67846,0.67861,0.67801,0.67801,590
2016.06.03 23:30,0.67806,0.67901,0.67801,0.67880,436
2016.06.06 00:00,0.67836,0.67846,0.67724,0.67746,252
2016.06.06 00:30,0.67741,0.67780,0.67711,0.67733,435
2016.06.06 01:00,0.67731,0.67800,0.67721,0.67744,1140
2016.06.06 01:30,0.67745,0.67843,0.67687,0.67707,894
2016.06.06 02:00,0.67708,0.67809,0.67700,0.67778,1491
2016.06.06 02:30,0.67786,0.67790,0.67644,0.67648,1632
2016.06.06 03:00,0.67650,0.67741,0.67640,0.67640,1675
2016.06.06 03:30,0.67641,0.67708,0.67596,0.67674,1514
2016.06.06 04:00,0.67671,0.67760,0.67659,0.67677,1229
2016.06.06 04:30,0.67678,0.67682,0.67589,0.67611,1056
2016.06.06 05:00,0.67610,0.67691,0.67599,0.67629,1014
2016.06.06 05:30,0.67630,0.67639,0.67584,0.67593,865
2016.06.06 06:00,0.67591,0.67602,0.67509,0.67535,1162
2016.06.06 06:30,0.67538,0.67600,0.67534,0.67592,1111
2016.06.06 07:00,0.67593,0.67623,0.67578,0.67589,1076
2016.06.06 07:30,0.67588,0.67592,0.67521,0.67561,811
2016.06.06 08:00,0.67562,0.67576,0.67524,0.67528,584
2016.06.06 08:30,0.67526,0.67564,0.67520,0.67529,921
2016.06.06 09:00,0.67529,0.67555,0.67460,0.67504,1923
2016.06.06 09:30,0.67505,0.67592,0.67477,0.67576,1906
2016.06.06 10:00,0.67575,0.67677,0.67556,0.67623,2947
2016.06.06 10:30,0.67626,0.67716,0.67599,0.67680,2422
2016.06.06 11:00,0.67677,0.67692,0.67571,0.67639,2646
2016.06.06 11:30,0.67639,0.67646,0.67398,0.67422,2452
2016.06.06 12:00,0.67423,0.67506,0.67402,0.67464,1722
2016.06.06 12:30,0.67463,0.67493,0.67378,0.67401,2033
2016.06.06 13:00,0.67402,0.67430,0.67352,0.67388,1960
2016.06.06 13:30,0.67386,0.67517,0.67384,0.67477,1940
2016.06.06 14:00,0.67476,0.67500,0.67427,0.67468,2063
2016.06.06 14:30,0.67466,0.67514,0.67431,0.67452,1724
2016.06.06 15:00,0.67453,0.67477,0.67377,0.67383,2333
2016.06.06 15:30,0.67386,0.67458,0.67301,0.67456,2521
2016.06.06 16:00,0.67456,0.67468,0.67405,0.67439,3087
2016.06.06 16:30,0.67439,0.67547,0.67382,0.67535,3598
2016.06.06 17:00,0.67538,0.67541,0.67411,0.67424,3841
2016.06.06 17:30,0.67424,0.67458,0.67391,0.67455,3696
2016.06.06 18:00,0.67453,0.67466,0.67391,0.67421,2790
2016.06.06 18:30,0.67423,0.67441,0.67342,0.67344,2053
2016.06.06 19:00,0.67341,0.67356,0.67231,0.67235,1937
2016.06.06 19:30,0.67237,0.67334,0.67173,0.67296,6322
2016.06.06 20:00,0.67296,0.67301,0.67231,0.67270,3822
2016.06.06 20:30,0.67271,0.67315,0.67261,0.67291,1969
2016.06.06 21:00,0.67290,0.67311,0.67233,0.67277,1549
2016.06.06 21:30,0.67279,0.67288,0.67214,0.67224,1388
2016.06.06 22:00,0.67223,0.67237,0.67185,0.67185,475
2016.06.06 22:30,0.67186,0.67231,0.67170,0.67231,535
2016.06.06 23:00,0.67232,0.67266,0.67216,0.67221,308
2016.06.06 23:30,0.67221,0.67226,0.67126,0.67128,476
2016.06.07 00:00,0.67096,0.67219,0.67096,0.67181,220
2016.06.07 00:30,0.67186,0.67199,0.67069,0.67091,622
2016.06.07 01:00,0.67086,0.67144,0.67068,0.67119,994
2016.06.07 01:30,0.67120,0.67125,0.67035,0.67046,874
2016.06.07 02:00,0.67048,0.67048,0.66971,0.66976,469
2016.06.07 02:30,0.66976,0.67067,0.66965,0.67051,726
2016.06.07 03:00,0.67052,0.67073,0.66976,0.66997,995
2016.06.07 03:30,0.66999,0.67082,0.66978,0.67051,1062
2016.06.07 04:00,0.67050,0.67085,0.67041,0.67084,968
2016.06.07 04:30,0.67085,0.67087,0.66998,0.66998,980
2016.06.07 05:00,0.66997,0.67145,0.66977,0.67030,1276
2016.06.07 05:30,0.67029,0.67035,0.66941,0.66955,892
2016.06.07 06:00,0.66957,0.66994,0.66898,0.66909,951
2016.06.07 06:30,0.66906,0.67047,0.66905,0.67038,710
2016.06.07 07:00,0.67037,0.67140,0.67012,0.67060,2102
2016.06.07 07:30,0.67043,0.67252,0.66967,0.67207,3073
2016.06.07 08:00,0.67209,0.67254,0.67154,0.67205,1300
2016.06.07 08:30,0.67204,0.67255,0.67166,0.67217,883
2016.06.07 09:00,0.67218,0.67311,0.67192,0.67223,1884
2016.06.07 09:30,0.67225,0.67303,0.67203,0.67292,1443
2016.06.07 10:00,0.67288,0.67295,0.67171,0.67214,2036
2016.06.07 10:30,0.67211,0.67248,0.67146,0.67147,2280
2016.06.07 11:00,0.67146,0.67210,0.67067,0.67122,2070
2016.06.07 11:30,0.67123,0.67146,0.67036,0.67082,1916
2016.06.07 12:00,0.67082,0.67162,0.67019,0.67023,2243
2016.06.07 12:30,0.67022,0.67082,0.66952,0.67055,2018
2016.06.07 13:00,0.67055,0.67158,0.67054,0.67128,1517
2016.06.07 13:30,0.67127,0.67276,0.67114,0.67236,1897
2016.06.07 14:00,0.67232,0.67342,0.67224,0.67312,1828
2016.06.07 14:30,0.67311,0.67424,0.67262,0.67272,2193
2016.06.07 15:00,0.67273,0.67283,0.67228,0.67271,1914
2016.06.07 15:30,0.67272,0.67324,0.67221,0.67316,2641
2016.06.07 16:00,0.67315,0.67340,0.67215,0.67217,2344
2016.06.07 16:30,0.67217,0.67299,0.67209,0.67292,3585
2016.06.07 17:00,0.67292,0.67390,0.67286,0.67364,3301
2016.06.07 17:30,0.67363,0.67455,0.67336,0.67387,3539
2016.06.07 18:00,0.67386,0.67445,0.67353,0.67443,2929
2016.06.07 18:30,0.67445,0.67456,0.67396,0.67417,2209
2016.06.07 19:00,0.67417,0.67424,0.67346,0.67358,1712
2016.06.07 19:30,0.67359,0.67369,0.67303,0.67303,1360
2016.06.07 20:00,0.67303,0.67338,0.67271,0.67274,1605
2016.06.07 20:30,0.67273,0.67293,0.67254,0.67258,980
2016.06.07 21:00,0.67259,0.67291,0.67247,0.67285,699
2016.06.07 21:30,0.67284,0.67315,0.67256,0.67261,1031
2016.06.07 22:00,0.67261,0.67287,0.67259,0.67278,582
2016.06.07 22:30,0.67281,0.67313,0.67249,0.67300,579
2016.06.07 23:00,0.67301,0.67354,0.67300,0.67352,370
2016.06.07 23:30,0.67351,0.67376,0.67311,0.67321,300
2016.06.08 00:00,0.67281,0.67331,0.67275,0.67311,173
2016.06.08 00:30,0.67311,0.67321,0.67225,0.67232,597
2016.06.08 01:00,0.67240,0.67333,0.67239,0.67261,1058
2016.06.08 01:30,0.67262,0.67300,0.67261,0.67277,372
2016.06.08 02:00,0.67278,0.67291,0.67205,0.67205,337
2016.06.08 02:30,0.67203,0.67216,0.67052,0.67057,938
2016.06.08 03:00,0.67060,0.67202,0.67017,0.67202,1287
2016.06.08 03:30,0.67201,0.67304,0.67191,0.67256,1043
2016.06.08 04:00,0.67254,0.67291,0.67232,0.67256,1271
2016.06.08 04:30,0.67256,0.67318,0.67238,0.67288,963
2016.06.08 05:00,0.67287,0.67287,0.67218,0.67278,853
2016.06.08 05:30,0.67277,0.67318,0.67274,0.67298,615
2016.06.08 06:00,0.67299,0.67354,0.67257,0.67302,1081
2016.06.08 06:30,0.67300,0.67361,0.67299,0.67343,780
2016.06.08 07:00,0.67342,0.67494,0.67327,0.67479,823
2016.06.08 07:30,0.67478,0.67537,0.67440,0.67515,932
2016.06.08 08:00,0.67516,0.67526,0.67425,0.67437,722
2016.06.08 08:30,0.67438,0.67513,0.67421,0.67481,705
2016.06.08 09:00,0.67482,0.67509,0.67404,0.67417,1493
2016.06.08 09:30,0.67418,0.67470,0.67377,0.67400,1516
2016.06.08 10:00,0.67401,0.67432,0.67335,0.67429,2145
2016.06.08 10:30,0.67427,0.67492,0.67406,0.67421,2048
2016.06.08 11:00,0.67422,0.67424,0.67323,0.67391,2055
2016.06.08 11:30,0.67394,0.67415,0.67346,0.67371,1859
2016.06.08 12:00,0.67368,0.67368,0.67259,0.67267,1780
2016.06.08 12:30,0.67264,0.67315,0.67227,0.67246,1528
2016.06.08 13:00,0.67245,0.67358,0.67221,0.67331,1692
2016.06.08 13:30,0.67331,0.67370,0.67290,0.67351,1773
2016.06.08 14:00,0.67352,0.67385,0.67263,0.67275,2183
2016.06.08 14:30,0.67273,0.67394,0.67254,0.67385,2241
2016.06.08 15:00,0.67386,0.67435,0.67355,0.67403,2357
2016.06.08 15:30,0.67404,0.67427,0.67261,0.67274,2776
2016.06.08 16:00,0.67280,0.67332,0.67280,0.67302,2032
2016.06.08 16:30,0.67301,0.67324,0.67250,0.67283,3723
2016.06.08 17:00,0.67280,0.67332,0.67242,0.67293,3620
2016.06.08 17:30,0.67289,0.67343,0.67267,0.67316,4156
2016.06.08 18:00,0.67318,0.67348,0.67276,0.67322,3169
2016.06.08 18:30,0.67323,0.67388,0.67321,0.67356,2044
2016.06.08 19:00,0.67357,0.67401,0.67258,0.67264,2234
2016.06.08 19:30,0.67265,0.67307,0.67205,0.67293,1941
2016.06.08 20:00,0.67294,0.67359,0.67291,0.67326,1831
2016.06.08 20:30,0.67327,0.67344,0.67270,0.67286,1628
2016.06.08 21:00,0.67286,0.67295,0.67239,0.67289,1342
2016.06.08 21:30,0.67292,0.67298,0.67229,0.67279,1133
2016.06.08 22:00,0.67280,0.67285,0.67231,0.67254,682
2016.06.08 22:30,0.67255,0.67322,0.67251,0.67302,836
2016.06.08 23:00,0.67306,0.67321,0.67245,0.67245,335
2016.06.08 23:30,0.67246,0.67321,0.67014,0.67128,1096
2016.06.09 00:00,0.67321,0.68206,0.67321,0.67851,2032
2016.06.09 00:30,0.67831,0.67993,0.67831,0.67954,1254
2016.06.09 01:00,0.67960,0.67961,0.67880,0.67915,1804
2016.06.09 01:30,0.67911,0.67981,0.67843,0.67849,655
2016.06.09 02:00,0.67847,0.68209,0.67821,0.68181,1495
2016.06.09 02:30,0.68177,0.68393,0.68164,0.68241,1926
2016.06.09 03:00,0.68239,0.68395,0.68239,0.68394,1373
2016.06.09 03:30,0.68393,0.68399,0.68174,0.68200,1530
2016.06.09 04:00,0.68202,0.68258,0.68093,0.68231,1993
2016.06.09 04:30,0.68231,0.68288,0.68171,0.68187,1836
2016.06.09 05:00,0.68188,0.68242,0.68127,0.68170,1046
2016.06.09 05:30,0.68169,0.68231,0.68130,0.68189,1052
2016.06.09 06:00,0.68191,0.68224,0.68167,0.68194,692
2016.06.09 06:30,0.68193,0.68357,0.68179,0.68343,1282
2016.06.09 07:00,0.68344,0.68495,0.68336,0.68411,1547
2016.06.09 07:30,0.68412,0.68441,0.68364,0.68389,1000
2016.06.09 08:00,0.68387,0.68406,0.68333,0.68372,882
2016.06.09 08:30,0.68373,0.68392,0.68331,0.68348,751
2016.06.09 09:00,0.68347,0.68407,0.68310,0.68366,1909
2016.06.09 09:30,0.68364,0.68513,0.68358,0.68448,1888
2016.06.09 10:00,0.68449,0.68449,0.68239,0.68301,3010
2016.06.09 10:30,0.68301,0.68397,0.68228,0.68297,3993
2016.06.09 11:00,0.68296,0.68549,0.68281,0.68407,3226
2016.06.09 11:30,0.68409,0.68457,0.68323,0.68408,1968
2016.06.09 12:00,0.68409,0.68427,0.68267,0.68328,2301
2016.06.09 12:30,0.68329,0.68403,0.68271,0.68285,1862
2016.06.09 13:00,0.68285,0.68306,0.68231,0.68249,2327
2016.06.09 13:30,0.68247,0.68333,0.68172,0.68330,2111
2016.06.09 14:00,0.68328,0.68343,0.68234,0.68280,2368
2016.06.09 14:30,0.68280,0.68390,0.68266,0.68378,1917
2016.06.09 15:00,0.68378,0.68481,0.68341,0.68344,2409
2016.06.09 15:30,0.68345,0.68418,0.68324,0.68407,3154
2016.06.09 16:00,0.68408,0.68500,0.68334,0.68486,3655
2016.06.09 16:30,0.68486,0.68744,0.68476,0.68704,4346
2016.06.09 17:00,0.68703,0.68703,0.68548,0.68670,3581
2016.06.09 17:30,0.68669,0.68912,0.68654,0.68801,4064
2016.06.09 18:00,0.68804,0.68826,0.68696,0.68756,3068
2016.06.09 18:30,0.68755,0.68771,0.68710,0.68742,2304
2016.06.09 19:00,0.68742,0.68772,0.68671,0.68688,2060
2016.06.09 19:30,0.68689,0.68747,0.68685,0.68712,2121
2016.06.09 20:00,0.68714,0.68736,0.68684,0.68732,2076
2016.06.09 20:30,0.68731,0.68735,0.68644,0.68692,1366
2016.06.09 21:00,0.68691,0.68717,0.68674,0.68704,1300
2016.06.09 21:30,0.68705,0.68717,0.68643,0.68685,1351
2016.06.09 22:00,0.68686,0.68714,0.68608,0.68660,1085
2016.06.09 22:30,0.68663,0.68699,0.68606,0.68631,1336
2016.06.09 23:00,0.68632,0.68663,0.68608,0.68622,398
2016.06.09 23:30,0.68619,0.68637,0.68451,0.68481,1328
2016.06.10 00:00,0.68491,0.68531,0.68434,0.68470,224
2016.06.10 00:30,0.68470,0.68501,0.68436,0.68496,367
2016.06.10 01:00,0.68492,0.68535,0.68452,0.68476,2052
2016.06.10 01:30,0.68476,0.68602,0.68473,0.68594,915
2016.06.10 02:00,0.68592,0.68653,0.68578,0.68639,890
2016.06.10 02:30,0.68638,0.68684,0.68558,0.68626,982
2016.06.10 03:00,0.68623,0.68623,0.68533,0.68537,1549
2016.06.10 03:30,0.68537,0.68601,0.68525,0.68531,1299
2016.06.10 04:00,0.68529,0.68563,0.68502,0.68561,1544
2016.06.10 04:30,0.68560,0.68598,0.68511,0.68511,1003
2016.06.10 05:00,0.68503,0.68516,0.68468,0.68475,926
2016.06.10 05:30,0.68474,0.68508,0.68438,0.68439,706
2016.06.10 06:00,0.68439,0.68454,0.68397,0.68443,553
2016.06.10 06:30,0.68444,0.68489,0.68414,0.68416,808
2016.06.10 07:00,0.68417,0.68435,0.68367,0.68397,610
2016.06.10 07:30,0.68396,0.68406,0.68334,0.68334,891
2016.06.10 08:00,0.68335,0.68394,0.68320,0.68386,692
2016.06.10 08:30,0.68387,0.68471,0.68384,0.68456,977
2016.06.10 09:00,0.68451,0.68506,0.68404,0.68422,2012
2016.06.10 09:30,0.68422,0.68441,0.68367,0.68405,1666
2016.06.10 10:00,0.68403,0.68403,0.68247,0.68268,2784
2016.06.10 10:30,0.68267,0.68318,0.68196,0.68302,2278
2016.06.10 11:00,0.68301,0.68373,0.68281,0.68338,2155
2016.06.10 11:30,0.68337,0.68403,0.68299,0.68402,2206
2016.06.10 12:00,0.68403,0.68451,0.68377,0.68413,2328
2016.06.10 12:30,0.68414,0.68540,0.68380,0.68537,2171
2016.06.10 13:00,0.68537,0.68594,0.68476,0.68489,2071
2016.06.10 13:30,0.68488,0.68493,0.68329,0.68372,1846
2016.06.10 14:00,0.68374,0.68408,0.68314,0.68383,1736
2016.06.10 14:30,0.68383,0.68383,0.68268,0.68269,1556
2016.06.10 15:00,0.68269,0.68301,0.68187,0.68226,2273
2016.06.10 15:30,0.68228,0.68305,0.68179,0.68200,2837
2016.06.10 16:00,0.68199,0.68250,0.68142,0.68193,2357
2016.06.10 16:30,0.68194,0.68336,0.68177,0.68264,4268
2016.06.10 17:00,0.68264,0.68321,0.68216,0.68250,3748
2016.06.10 17:30,0.68250,0.68282,0.68137,0.68168,4070
2016.06.10 18:00,0.68168,0.68207,0.68087,0.68134,3446
2016.06.10 18:30,0.68136,0.68183,0.68059,0.68068,2524
2016.06.10 19:00,0.68067,0.68088,0.67995,0.67998,1782
2016.06.10 19:30,0.67997,0.68009,0.67903,0.67913,1838
2016.06.10 20:00,0.67913,0.68000,0.67888,0.67944,1756
2016.06.10 20:30,0.67941,0.68021,0.67885,0.67978,3070
2016.06.10 21:00,0.67979,0.68023,0.67955,0.67992,2309
2016.06.10 21:30,0.67994,0.68051,0.67931,0.67939,2109
2016.06.10 22:00,0.67941,0.68059,0.67939,0.68059,768
2016.06.10 22:30,0.68060,0.68084,0.68037,0.68069,853
2016.06.10 23:00,0.68066,0.68086,0.68026,0.68067,357
2016.06.10 23:30,0.68081,0.68097,0.68000,0.68021,367
2016.06.13 00:00,0.67931,0.68091,0.67881,0.68009,399
2016.06.13 00:30,0.68003,0.68003,0.67859,0.67939,593
2016.06.13 01:00,0.67943,0.68004,0.67914,0.67947,1429
2016.06.13 01:30,0.67950,0.68048,0.67945,0.67971,673
2016.06.13 02:00,0.67974,0.68086,0.67964,0.68037,573
2016.06.13 02:30,0.68036,0.68037,0.67913,0.67966,1032
2016.06.13 03:00,0.67967,0.68007,0.67922,0.67984,934
2016.06.13 03:30,0.67985,0.68004,0.67877,0.67877,1044
2016.06.13 04:00,0.67878,0.67938,0.67799,0.67935,1857
2016.06.13 04:30,0.67934,0.67936,0.67860,0.67915,1225
2016.06.13 05:00,0.67906,0.67975,0.67886,0.67970,1272
2016.06.13 05:30,0.67969,0.68003,0.67934,0.67945,800
2016.06.13 06:00,0.67947,0.67955,0.67869,0.67951,733
2016.06.13 06:30,0.67952,0.67965,0.67914,0.67954,879
2016.06.13 07:00,0.67953,0.67953,0.67840,0.67843,674
2016.06.13 07:30,0.67839,0.67884,0.67795,0.67835,843
2016.06.13 08:00,0.67834,0.67919,0.67832,0.67893,1050
2016.06.13 08:30,0.67895,0.67941,0.67880,0.67889,895
2016.06.13 09:00,0.67887,0.67938,0.67856,0.67878,2383
2016.06.13 09:30,0.67880,0.67958,0.67867,0.67897,2304
2016.06.13 10:00,0.67898,0.68078,0.67890,0.68071,3290
2016.06.13 10:30,0.68071,0.68072,0.68005,0.68036,2338
2016.06.13 11:00,0.68035,0.68198,0.67994,0.68180,2382
2016.06.13 11:30,0.68179,0.68198,0.68066,0.68088,2777
2016.06.13 12:00,0.68089,0.68199,0.68072,0.68174,2341
2016.06.13 12:30,0.68173,0.68284,0.68171,0.68221,2500
2016.06.13 13:00,0.68222,0.68260,0.68181,0.68218,1962
2016.06.13 13:30,0.68217,0.68279,0.68206,0.68231,2171
2016.06.13 14:00,0.68235,0.68343,0.68230,0.68287,1919
2016.06.13 14:30,0.68287,0.68359,0.68271,0.68286,2227
2016.06.13 15:00,0.68287,0.68295,0.68172,0.68235,2457
2016.06.13 15:30,0.68236,0.68253,0.68147,0.68151,2178
2016.06.13 16:00,0.68152,0.68212,0.68141,0.68197,3169
2016.06.13 16:30,0.68199,0.68334,0.68177,0.68289,6014
2016.06.13 17:00,0.68288,0.68305,0.68104,0.68144,4480
2016.06.13 17:30,0.68146,0.68329,0.68146,0.68320,5263
2016.06.13 18:00,0.68319,0.68390,0.68251,0.68380,3551
2016.06.13 18:30,0.68381,0.68386,0.68215,0.68227,3263
2016.06.13 19:00,0.68226,0.68247,0.68180,0.68205,3149
2016.06.13 19:30,0.68203,0.68215,0.68119,0.68131,1584
2016.06.13 20:00,0.68131,0.68150,0.68105,0.68113,1331
2016.06.13 20:30,0.68113,0.68122,0.67991,0.67991,1166
2016.06.13 21:00,0.67988,0.67988,0.67892,0.67903,866
2016.06.13 21:30,0.67902,0.67945,0.67873,0.67942,1025
2016.06.13 22:00,0.67941,0.67943,0.67913,0.67920,424
2016.06.13 22:30,0.67921,0.67931,0.67884,0.67885,532
2016.06.13 23:00,0.67883,0.67929,0.67880,0.67920,321
2016.06.13 23:30,0.67921,0.68076,0.67901,0.68041,430
2016.06.14 00:00,0.68027,0.68056,0.67942,0.68011,214
2016.06.14 00:30,0.67990,0.68017,0.67929,0.67981,824
2016.06.14 01:00,0.67976,0.68000,0.67928,0.67965,655
2016.06.14 01:30,0.67962,0.67981,0.67800,0.67800,667
2016.06.14 02:00,0.67801,0.67809,0.67705,0.67725,784
2016.06.14 02:30,0.67726,0.67796,0.67681,0.67732,824
2016.06.14 03:00,0.67730,0.67874,0.67730,0.67871,1061
2016.06.14 03:30,0.67872,0.67885,0.67819,0.67855,911
2016.06.14 04:00,0.67856,0.67878,0.67816,0.67833,992
2016.06.14 04:30,0.67832,0.67863,0.67792,0.67813,567
2016.06.14 05:00,0.67812,0.67812,0.67632,0.67659,783
2016.06.14 05:30,0.67660,0.67729,0.67618,0.67679,934
2016.06.14 06:00,0.67679,0.67710,0.67665,0.67673,675
2016.06.14 06:30,0.67674,0.67696,0.67642,0.67683,624
2016.06.14 07:00,0.67682,0.67719,0.67674,0.67699,478
2016.06.14 07:30,0.67696,0.67770,0.67679,0.67737,874
2016.06.14 08:00,0.67735,0.67774,0.67675,0.67772,747
2016.06.14 08:30,0.67771,0.67790,0.67750,0.67780,889
2016.06.14 09:00,0.67784,0.67825,0.67747,0.67824,1752
2016.06.14 09:30,0.67824,0.68024,0.67816,0.67892,2419
2016.06.14 10:00,0.67890,0.67902,0.67571,0.67646,3936
2016.06.14 10:30,0.67646,0.67757,0.67626,0.67716,3418
2016.06.14 11:00,0.67714,0.67791,0.67678,0.67757,2994
2016.06.14 11:30,0.67757,0.67837,0.67607,0.67687,3305
2016.06.14 12:00,0.67686,0.67718,0.67616,0.67680,3419
2016.06.14 12:30,0.67681,0.67735,0.67616,0.67617,2673
2016.06.14 13:00,0.67617,0.67689,0.67613,0.67666,2287
2016.06.14 13:30,0.67665,0.67674,0.67576,0.67616,2137
2016.06.14 14:00,0.67617,0.67627,0.67550,0.67599,1804
2016.06.14 14:30,0.67600,0.67631,0.67531,0.67571,2104
2016.06.14 15:00,0.67569,0.67614,0.67524,0.67544,2586
2016.06.14 15:30,0.67545,0.67665,0.67521,0.67655,4721
2016.06.14 16:00,0.67655,0.67714,0.67635,0.67666,3064
2016.06.14 16:30,0.67666,0.67849,0.67661,0.67806,5540
2016.06.14 17:00,0.67806,0.67830,0.67642,0.67720,5453
2016.06.14 17:30,0.67718,0.67758,0.67425,0.67428,4624
2016.06.14 18:00,0.67428,0.67462,0.67393,0.67412,3327
2016.06.14 18:30,0.67411,0.67484,0.67351,0.67463,2885
2016.06.14 19:00,0.67464,0.67485,0.67400,0.67452,1842
2016.06.14 19:30,0.67451,0.67453,0.67387,0.67406,1736
2016.06.14 20:00,0.67404,0.67411,0.67333,0.67393,1700
2016.06.14 20:30,0.67393,0.67417,0.67340,0.67360,1352
2016.06.14 21:00,0.67361,0.67412,0.67349,0.67409,1158
2016.06.14 21:30,0.67408,0.67466,0.67364,0.67454,1199
2016.06.14 22:00,0.67455,0.67498,0.67421,0.67446,1027
2016.06.14 22:30,0.67448,0.67462,0.67417,0.67430,790
2016.06.14 23:00,0.67431,0.67461,0.67406,0.67410,486
2016.06.14 23:30,0.67406,0.67406,0.67321,0.67336,436
2016.06.15 00:00,0.67331,0.67381,0.67273,0.67286,350
2016.06.15 00:30,0.67271,0.67298,0.67194,0.67227,550
2016.06.15 01:00,0.67227,0.67296,0.67227,0.67268,595
2016.06.15 01:30,0.67267,0.67290,0.67248,0.67278,501
2016.06.15 02:00,0.67277,0.67304,0.67275,0.67289,540
2016.06.15 02:30,0.67290,0.67309,0.67245,0.67309,484
2016.06.15 03:00,0.67307,0.67307,0.67131,0.67146,971
2016.06.15 03:30,0.67146,0.67221,0.67046,0.67214,1314
2016.06.15 04:00,0.67213,0.67299,0.67210,0.67235,988
2016.06.15 04:30,0.67236,0.67320,0.67214,0.67284,1243
2016.06.15 05:00,0.67284,0.67419,0.67279,0.67368,1220
2016.06.15 05:30,0.67369,0.67470,0.67349,0.67449,829
2016.06.15 06:00,0.67448,0.67634,0.67435,0.67577,1049
2016.06.15 06:30,0.67582,0.67609,0.67536,0.67554,707
2016.06.15 07:00,0.67556,0.67679,0.67554,0.67675,653
2016.06.15 07:30,0.67674,0.67692,0.67622,0.67652,690
2016.06.15 08:00,0.67651,0.67678,0.67607,0.67645,849
2016.06.15 08:30,0.67646,0.67798,0.67637,0.67798,812
2016.06.15 09:00,0.67798,0.67839,0.67752,0.67778,2485
2016.06.15 09:30,0.67779,0.67822,0.67736,0.67754,1949
2016.06.15 10:00,0.67752,0.67821,0.67727,0.67796,2806
2016.06.15 10:30,0.67796,0.67889,0.67781,0.67810,2586
2016.06.15 11:00,0.67809,0.67954,0.67781,0.67944,1961
2016.06.15 11:30,0.67943,0.67945,0.67807,0.67812,2220
2016.06.15 12:00,0.67812,0.67854,0.67802,0.67835,2102
2016.06.15 12:30,0.67835,0.67905,0.67815,0.67888,1787
2016.06.15 13:00,0.67889,0.67987,0.67855,0.67933,1958
2016.06.15 13:30,0.67936,0.67946,0.67775,0.67816,1680
2016.06.15 14:00,0.67816,0.67827,0.67727,0.67775,1978
2016.06.15 14:30,0.67777,0.67794,0.67727,0.67749,1808
2016.06.15 15:00,0.67748,0.67797,0.67670,0.67678,2003
2016.06.15 15:30,0.67679,0.67778,0.67646,0.67755,2481
2016.06.15 16:00,0.67755,0.67775,0.67686,0.67728,2489
2016.06.15 16:30,0.67732,0.67793,0.67668,0.67711,3575
2016.06.15 17:00,0.67710,0.67727,0.67516,0.67554,3520
2016.06.15 17:30,0.67558,0.67723,0.67558,0.67685,4683
2016.06.15 18:00,0.67685,0.67729,0.67651,0.67704,3248
2016.06.15 18:30,0.67704,0.67772,0.67685,0.67766,2118
2016.06.15 19:00,0.67765,0.67816,0.67688,0.67816,1878
2016.06.15 19:30,0.67811,0.67839,0.67764,0.67786,1779
2016.06.15 20:00,0.67785,0.67848,0.67772,0.67782,1398
2016.06.15 20:30,0.67782,0.67798,0.67662,0.67711,1733
2016.06.15 21:00,0.67723,0.67939,0.67634,0.67738,7950
2016.06.15 21:30,0.67738,0.67797,0.67592,0.67599,5277
2016.06.15 22:00,0.67594,0.67698,0.67592,0.67660,2230
2016.06.15 22:30,0.67659,0.67691,0.67584,0.67592,1455
2016.06.15 23:00,0.67591,0.67627,0.67555,0.67612,603
2016.06.15 23:30,0.67611,0.67615,0.67566,0.67566,361
2016.06.16 00:00,0.67576,0.67601,0.67530,0.67582,123
2016.06.16 00:30,0.67581,0.67660,0.67568,0.67656,382
2016.06.16 01:00,0.67662,0.67666,0.67597,0.67623,1249
2016.06.16 01:30,0.67623,0.68129,0.67537,0.68009,1660
2016.06.16 02:00,0.68006,0.68006,0.67898,0.67954,734
2016.06.16 02:30,0.67953,0.68031,0.67920,0.67986,1041
2016.06.16 03:00,0.67983,0.67988,0.67884,0.67978,909
2016.06.16 03:30,0.67979,0.68079,0.67953,0.68021,1270
2016.06.16 04:00,0.68021,0.68036,0.67951,0.68016,1293
2016.06.16 04:30,0.67967,0.68064,0.67918,0.67955,1714
2016.06.16 05:00,0.67954,0.67965,0.67850,0.67863,1181
2016.06.16 05:30,0.67866,0.67930,0.67796,0.67904,2648
2016.06.16 06:00,0.67906,0.67963,0.67884,0.67901,1447
2016.06.16 06:30,0.67900,0.67959,0.67859,0.67870,1536
2016.06.16 07:00,0.67869,0.67916,0.67857,0.67861,1007
2016.06.16 07:30,0.67858,0.67877,0.67779,0.67856,1452
2016.06.16 08:00,0.67857,0.67861,0.67771,0.67818,1813
2016.06.16 08:30,0.67814,0.67922,0.67809,0.67890,1452
2016.06.16 09:00,0.67894,0.67896,0.67715,0.67727,2801
2016.06.16 09:30,0.67728,0.67736,0.67413,0.67418,3849
2016.06.16 10:00,0.67420,0.67682,0.67366,0.67614,3551
2016.06.16 10:30,0.67616,0.67667,0.67566,0.67611,3101
2016.06.16 11:00,0.67611,0.67715,0.67592,0.67676,2764
2016.06.16 11:30,0.67673,0.67733,0.67592,0.67670,2607
2016.06.16 12:00,0.67673,0.67786,0.67640,0.67772,1997
2016.06.16 12:30,0.67768,0.67787,0.67710,0.67764,1970
2016.06.16 13:00,0.67763,0.67936,0.67757,0.67931,2542
2016.06.16 13:30,0.67928,0.68035,0.67902,0.67986,2475
2016.06.16 14:00,0.67986,0.68068,0.67958,0.67968,3412
2016.06.16 14:30,0.67971,0.68000,0.67937,0.67983,2842
2016.06.16 15:00,0.67985,0.68021,0.67869,0.67891,3239
2016.06.16 15:30,0.67891,0.68025,0.67866,0.67987,3629
2016.06.16 16:00,0.67986,0.68010,0.67887,0.67937,3020
2016.06.16 16:30,0.67937,0.67955,0.67755,0.67775,4441
2016.06.16 17:00,0.67774,0.67814,0.67528,0.67545,3947
2016.06.16 17:30,0.67544,0.67591,0.67453,0.67506,4801
2016.06.16 18:00,0.67505,0.67659,0.67488,0.67658,4367
2016.06.16 18:30,0.67661,0.67668,0.67551,0.67572,4153
2016.06.16 19:00,0.67573,0.68015,0.67558,0.67993,3395
2016.06.16 19:30,0.67992,0.68278,0.67949,0.68116,5231
2016.06.16 20:00,0.68117,0.68214,0.68032,0.68044,4212
2016.06.16 20:30,0.68045,0.68070,0.67978,0.67993,3039
2016.06.16 21:00,0.67990,0.68065,0.67919,0.67948,2598
2016.06.16 21:30,0.67947,0.67966,0.67872,0.67898,2046
2016.06.16 22:00,0.67891,0.67906,0.67846,0.67856,1043
2016.06.16 22:30,0.67858,0.67886,0.67816,0.67828,723
2016.06.16 23:00,0.67829,0.67906,0.67826,0.67906,459
2016.06.16 23:30,0.67901,0.67946,0.67887,0.67946,423
2016.06.17 00:00,0.67946,0.67991,0.67932,0.67986,134
2016.06.17 00:30,0.67986,0.68039,0.67931,0.68029,885
2016.06.17 01:00,0.68024,0.68071,0.67985,0.68062,1347
2016.06.17 01:30,0.68063,0.68085,0.67995,0.68023,1024
2016.06.17 02:00,0.68024,0.68108,0.68001,0.68069,770
2016.06.17 02:30,0.68066,0.68151,0.68003,0.68128,1398
2016.06.17 03:00,0.68122,0.68169,0.68077,0.68137,1946
2016.06.17 03:30,0.68136,0.68136,0.67992,0.68083,1851
2016.06.17 04:00,0.68084,0.68161,0.68084,0.68156,1802
2016.06.17 04:30,0.68157,0.68177,0.67985,0.68009,1205
2016.06.17 05:00,0.68008,0.68034,0.67930,0.67970,1410
2016.06.17 05:30,0.67971,0.67998,0.67933,0.67962,789
2016.06.17 06:00,0.67963,0.67979,0.67917,0.67936,1023
2016.06.17 06:30,0.67935,0.67955,0.67879,0.67901,835
2016.06.17 07:00,0.67900,0.67925,0.67796,0.67798,1324
2016.06.17 07:30,0.67795,0.67913,0.67763,0.67884,984
2016.06.17 08:00,0.67886,0.67945,0.67857,0.67941,1040
2016.06.17 08:30,0.67940,0.67970,0.67894,0.67943,986
2016.06.17 09:00,0.67944,0.67946,0.67836,0.67843,2488
2016.06.17 09:30,0.67843,0.67896,0.67817,0.67887,2279
2016.06.17 10:00,0.67888,0.68033,0.67845,0.68010,2645
2016.06.17 10:30,0.68011,0.68071,0.67941,0.67976,3302
2016.06.17 11:00,0.67968,0.68018,0.67862,0.67865,3309
2016.06.17 11:30,0.67862,0.67897,0.67794,0.67869,2230
2016.06.17 12:00,0.67868,0.67981,0.67866,0.67906,2021
2016.06.17 12:30,0.67906,0.67918,0.67839,0.67862,2139
2016.06.17 13:00,0.67860,0.67869,0.67806,0.67836,1569
2016.06.17 13:30,0.67837,0.67839,0.67776,0.67812,1537
2016.06.17 14:00,0.67809,0.67861,0.67748,0.67760,2076
2016.06.17 14:30,0.67760,0.67776,0.67663,0.67683,2314
2016.06.17 15:00,0.67684,0.67837,0.67662,0.67821,2551
2016.06.17 15:30,0.67816,0.67904,0.67796,0.67838,2482
2016.06.17 16:00,0.67838,0.68039,0.67824,0.67960,2336
2016.06.17 16:30,0.67961,0.67966,0.67867,0.67904,3564
2016.06.17 17:00,0.67899,0.67944,0.67878,0.67878,3414
2016.06.17 17:30,0.67877,0.67952,0.67769,0.67812,4211
2016.06.17 18:00,0.67809,0.67809,0.67715,0.67761,3240
2016.06.17 18:30,0.67762,0.67813,0.67731,0.67776,2014
2016.06.17 19:00,0.67779,0.67831,0.67760,0.67766,1570
2016.06.17 19:30,0.67768,0.67790,0.67679,0.67707,1633
2016.06.17 20:00,0.67705,0.67769,0.67676,0.67750,1556
2016.06.17 20:30,0.67749,0.67769,0.67739,0.67755,1132
2016.06.17 21:00,0.67750,0.67791,0.67727,0.67783,1216
2016.06.17 21:30,0.67786,0.67878,0.67745,0.67873,1096
2016.06.17 22:00,0.67870,0.67875,0.67801,0.67807,525
2016.06.17 22:30,0.67808,0.67811,0.67776,0.67791,440
2016.06.17 23:00,0.67791,0.67791,0.67697,0.67706,302
2016.06.17 23:30,0.67706,0.67721,0.67549,0.67700,539
2016.06.20 00:00,0.67751,0.68061,0.67751,0.68021,213
2016.06.20 00:30,0.68020,0.68125,0.67958,0.68069,403
2016.06.20 01:00,0.68063,0.68119,0.67878,0.67971,1228
2016.06.20 01:30,0.67953,0.68151,0.67946,0.68118,1547
2016.06.20 02:00,0.68117,0.68128,0.67923,0.67926,1645
2016.06.20 02:30,0.67925,0.68045,0.67919,0.67973,1872
2016.06.20 03:00,0.67972,0.68037,0.67886,0.67918,1841
2016.06.20 03:30,0.67919,0.68002,0.67894,0.67931,1708
2016.06.20 04:00,0.67936,0.67994,0.67898,0.67980,1240
2016.06.20 04:30,0.67982,0.68044,0.67923,0.68009,1317
2016.06.20 05:00,0.68006,0.68103,0.67990,0.68096,880
2016.06.20 05:30,0.68103,0.68164,0.68071,0.68080,1041
2016.06.20 06:00,0.68081,0.68087,0.68036,0.68071,821
2016.06.20 06:30,0.68069,0.68135,0.68040,0.68113,969
2016.06.20 07:00,0.68112,0.68151,0.68104,0.68125,678
2016.06.20 07:30,0.68124,0.68199,0.68091,0.68156,1063
2016.06.20 08:00,0.68157,0.68269,0.68154,0.68255,660
2016.06.20 08:30,0.68254,0.68258,0.68174,0.68202,815
2016.06.20 09:00,0.68205,0.68245,0.68171,0.68195,1968
2016.06.20 09:30,0.68193,0.68222,0.68162,0.68190,2078
2016.06.20 10:00,0.68191,0.68200,0.68106,0.68106,2368
2016.06.20 10:30,0.68106,0.68169,0.68047,0.68106,2521
2016.06.20 11:00,0.68112,0.68229,0.68101,0.68208,2295
2016.06.20 11:30,0.68207,0.68368,0.68186,0.68367,2325
2016.06.20 12:00,0.68369,0.68399,0.68282,0.68293,2001
2016.06.20 12:30,0.68292,0.68302,0.68186,0.68237,1718
2016.06.20 13:00,0.68240,0.68356,0.68231,0.68281,1861
2016.06.20 13:30,0.68279,0.68291,0.68216,0.68238,1918
2016.06.20 14:00,0.68240,0.68256,0.68181,0.68183,1689
2016.06.20 14:30,0.68183,0.68243,0.68162,0.68186,1605
2016.06.20 15:00,0.68188,0.68299,0.68185,0.68238,2537
2016.06.20 15:30,0.68239,0.68320,0.68211,0.68294,2521
2016.06.20 16:00,0.68295,0.68356,0.68253,0.68267,2417
2016.06.20 16:30,0.68273,0.68352,0.68230,0.68281,2966
2016.06.20 17:00,0.68283,0.68356,0.68281,0.68310,2830
2016.06.20 17:30,0.68309,0.68341,0.68195,0.68196,3224
2016.06.20 18:00,0.68195,0.68313,0.68171,0.68301,2600
2016.06.20 18:30,0.68301,0.68362,0.68268,0.68326,2347
2016.06.20 19:00,0.68326,0.68341,0.68288,0.68336,1521
2016.06.20 19:30,0.68335,0.68418,0.68331,0.68379,1145
2016.06.20 20:00,0.68375,0.68396,0.68293,0.68340,2048
2016.06.20 20:30,0.68339,0.68423,0.68297,0.68419,2101
2016.06.20 21:00,0.68420,0.68484,0.68414,0.68464,1130
2016.06.20 21:30,0.68462,0.68464,0.68384,0.68397,880
2016.06.20 22:00,0.68396,0.68398,0.68370,0.68376,593
2016.06.20 22:30,0.68375,0.68391,0.68361,0.68377,623
2016.06.20 23:00,0.68376,0.68413,0.68349,0.68388,747
2016.06.20 23:30,0.68386,0.68456,0.68354,0.68446,925
2016.06.21 00:00,0.68441,0.68441,0.68346,0.68416,281
2016.06.21 00:30,0.68416,0.68436,0.68336,0.68341,593
2016.06.21 01:00,0.68346,0.68366,0.68293,0.68323,1656
2016.06.21 01:30,0.68322,0.68355,0.68307,0.68322,597
2016.06.21 02:00,0.68317,0.68469,0.68317,0.68403,566
2016.06.21 02:30,0.68396,0.68446,0.68346,0.68397,738
2016.06.21 03:00,0.68396,0.68468,0.68373,0.68455,1331
2016.06.21 03:30,0.68456,0.68494,0.68409,0.68469,853
2016.06.21 04:00,0.68468,0.68481,0.68422,0.68431,668
2016.06.21 04:30,0.68426,0.68502,0.68373,0.68468,1225
2016.06.21 05:00,0.68469,0.68487,0.68425,0.68444,929
2016.06.21 05:30,0.68442,0.68460,0.68338,0.68352,761
2016.06.21 06:00,0.68354,0.68369,0.68328,0.68342,606
2016.06.21 06:30,0.68343,0.68343,0.68281,0.68298,738
2016.06.21 07:00,0.68295,0.68308,0.68267,0.68287,426
2016.06.21 07:30,0.68288,0.68345,0.68288,0.68329,575
2016.06.21 08:00,0.68330,0.68350,0.68264,0.68266,792
2016.06.21 08:30,0.68267,0.68300,0.68258,0.68271,1044
2016.06.21 09:00,0.68271,0.68364,0.68271,0.68344,1494
2016.06.21 09:30,0.68344,0.68379,0.68296,0.68362,1358
2016.06.21 10:00,0.68360,0.68482,0.68317,0.68482,2407
2016.06.21 10:30,0.68482,0.68524,0.68428,0.68429,1619
2016.06.21 11:00,0.68430,0.68524,0.68428,0.68478,1928
2016.06.21 11:30,0.68479,0.68601,0.68468,0.68593,1786
2016.06.21 12:00,0.68592,0.68685,0.68583,0.68616,1572
2016.06.21 12:30,0.68617,0.68678,0.68529,0.68538,1477
2016.06.21 13:00,0.68539,0.68562,0.68480,0.68498,1243
2016.06.21 13:30,0.68501,0.68511,0.68444,0.68468,1660
2016.06.21 14:00,0.68470,0.68490,0.68444,0.68480,1605
2016.06.21 14:30,0.68482,0.68561,0.68458,0.68551,1621
2016.06.21 15:00,0.68547,0.68764,0.68540,0.68757,2521
2016.06.21 15:30,0.68758,0.68758,0.68527,0.68599,3566
2016.06.21 16:00,0.68600,0.68672,0.68568,0.68631,4025
2016.06.21 16:30,0.68632,0.68644,0.68496,0.68598,4639
2016.06.21 17:00,0.68599,0.68639,0.68460,0.68494,3629
2016.06.21 17:30,0.68495,0.68524,0.68266,0.68294,3990
2016.06.21 18:00,0.68295,0.68477,0.68292,0.68469,2943
2016.06.21 18:30,0.68464,0.68485,0.68415,0.68460,1789
2016.06.21 19:00,0.68464,0.68582,0.68445,0.68582,1065
2016.06.21 19:30,0.68582,0.68610,0.68546,0.68570,1443
2016.06.21 20:00,0.68570,0.68575,0.68446,0.68470,1154
2016.06.21 20:30,0.68469,0.68524,0.68448,0.68522,1142
2016.06.21 21:00,0.68521,0.68647,0.68494,0.68642,1066
2016.06.21 21:30,0.68643,0.68701,0.68634,0.68662,1218
2016.06.21 22:00,0.68660,0.68660,0.68567,0.68585,767
2016.06.21 22:30,0.68584,0.68586,0.68489,0.68525,833
2016.06.21 23:00,0.68526,0.68527,0.68466,0.68492,510
2016.06.21 23:30,0.68491,0.68511,0.68451,0.68486,611
2016.06.22 00:00,0.68496,0.68546,0.68434,0.68521,166
2016.06.22 00:30,0.68506,0.68571,0.68462,0.68516,452
2016.06.22 01:00,0.68516,0.68533,0.68501,0.68512,531
2016.06.22 01:30,0.68512,0.68524,0.68481,0.68514,585
2016.06.22 02:00,0.68513,0.68572,0.68479,0.68556,603
2016.06.22 02:30,0.68557,0.68593,0.68517,0.68535,864
2016.06.22 03:00,0.68533,0.68615,0.68520,0.68562,1095
2016.06.22 03:30,0.68563,0.68608,0.68510,0.68519,755
2016.06.22 04:00,0.68520,0.68621,0.68512,0.68587,966
2016.06.22 04:30,0.68586,0.68615,0.68492,0.68576,1286
2016.06.22 05:00,0.68575,0.68581,0.68520,0.68554,671
2016.06.22 05:30,0.68555,0.68593,0.68467,0.68480,614
2016.06.22 06:00,0.68479,0.68538,0.68454,0.68530,624
2016.06.22 06:30,0.68529,0.68632,0.68490,0.68616,703
2016.06.22 07:00,0.68615,0.68638,0.68587,0.68615,498
2016.06.22 07:30,0.68616,0.68734,0.68608,0.68731,636
2016.06.22 08:00,0.68730,0.68730,0.68654,0.68655,580
2016.06.22 08:30,0.68654,0.68677,0.68607,0.68670,654
2016.06.22 09:00,0.68672,0.68713,0.68621,0.68634,1447
2016.06.22 09:30,0.68635,0.68730,0.68629,0.68679,1561
2016.06.22 10:00,0.68677,0.68697,0.68595,0.68596,2100
2016.06.22 10:30,0.68599,0.68641,0.68566,0.68566,1987
2016.06.22 11:00,0.68566,0.68583,0.68541,0.68576,1467
2016.06.22 11:30,0.68577,0.68598,0.68511,0.68566,1641
2016.06.22 12:00,0.68566,0.68658,0.68529,0.68635,1241
2016.06.22 12:30,0.68633,0.68676,0.68599,0.68644,1437
2016.06.22 13:00,0.68643,0.68674,0.68572,0.68575,1438
2016.06.22 13:30,0.68574,0.68611,0.68523,0.68589,1493
2016.06.22 14:00,0.68588,0.68673,0.68551,0.68657,1433
2016.06.22 14:30,0.68656,0.68841,0.68645,0.68774,1460
2016.06.22 15:00,0.68773,0.68834,0.68759,0.68777,1841
2016.06.22 15:30,0.68778,0.68939,0.68770,0.68841,2161
2016.06.22 16:00,0.68841,0.68842,0.68649,0.68672,2307
2016.06.22 16:30,0.68672,0.68716,0.68412,0.68517,3888
2016.06.22 17:00,0.68518,0.68706,0.68478,0.68650,4336
2016.06.22 17:30,0.68650,0.68795,0.68616,0.68750,3685
2016.06.22 18:00,0.68750,0.68810,0.68711,0.68756,2575
2016.06.22 18:30,0.68754,0.68754,0.68602,0.68636,3631
2016.06.22 19:00,0.68635,0.68671,0.68614,0.68645,1795
2016.06.22 19:30,0.68645,0.68737,0.68640,0.68730,2070
2016.06.22 20:00,0.68729,0.68731,0.68594,0.68646,2428
2016.06.22 20:30,0.68646,0.68675,0.68611,0.68630,2284
2016.06.22 21:00,0.68629,0.68684,0.68610,0.68683,1619
2016.06.22 21:30,0.68685,0.68762,0.68685,0.68726,1190
2016.06.22 22:00,0.68725,0.68748,0.68681,0.68702,919
2016.06.22 22:30,0.68700,0.68780,0.68677,0.68766,1042
2016.06.22 23:00,0.68764,0.68791,0.68615,0.68681,775
2016.06.22 23:30,0.68681,0.68681,0.68545,0.68553,291
2016.06.23 00:00,0.68547,0.68731,0.68490,0.68647,459
2016.06.23 00:30,0.68652,0.68781,0.68582,0.68756,1070
2016.06.23 01:00,0.68764,0.68847,0.68762,0.68846,2496
2016.06.23 01:30,0.68840,0.68863,0.68792,0.68795,441
2016.06.23 02:00,0.68796,0.68816,0.68688,0.68752,1075
2016.06.23 02:30,0.68746,0.68765,0.68684,0.68692,756
2016.06.23 03:00,0.68691,0.68789,0.68689,0.68752,994
2016.06.23 03:30,0.68750,0.68763,0.68710,0.68760,728
2016.06.23 04:00,0.68759,0.68807,0.68740,0.68788,753
2016.06.23 04:30,0.68787,0.68859,0.68786,0.68834,987
2016.06.23 05:00,0.68835,0.68840,0.68775,0.68787,699
2016.06.23 05:30,0.68789,0.68831,0.68768,0.68791,813
2016.06.23 06:00,0.68788,0.68848,0.68777,0.68789,612
2016.06.23 06:30,0.68787,0.68828,0.68784,0.68828,556
2016.06.23 07:00,0.68829,0.68841,0.68809,0.68818,558
2016.06.23 07:30,0.68820,0.68846,0.68805,0.68840,489
2016.06.23 08:00,0.68841,0.68922,0.68829,0.68920,462
2016.06.23 08:30,0.68918,0.68934,0.68901,0.68909,782
2016.06.23 09:00,0.68910,0.69015,0.68891,0.68953,3273
2016.06.23 09:30,0.68952,0.68966,0.68872,0.68882,1687
2016.06.23 10:00,0.68883,0.68969,0.68847,0.68951,2692
2016.06.23 10:30,0.68951,0.68968,0.68930,0.68948,161
