Date,Open,High,Low,Close,Volume
2016.03.22 17:30,1.46995,1.47261,1.46957,1.47232,5164
2016.03.22 18:00,1.47232,1.47240,1.47026,1.47083,4930
2016.03.22 18:30,1.47083,1.47256,1.47059,1.47217,4580
2016.03.22 19:00,1.47217,1.47341,1.47139,1.47288,4788
2016.03.22 19:30,1.47286,1.47345,1.47149,1.47297,4954
2016.03.22 20:00,1.47297,1.47307,1.47166,1.47258,3366
2016.03.22 20:30,1.47255,1.47284,1.47164,1.47264,2910
2016.03.22 21:00,1.47263,1.47335,1.47184,1.47219,2675
2016.03.22 21:30,1.47218,1.47228,1.47113,1.47131,2561
2016.03.22 22:00,1.47131,1.47247,1.47116,1.47202,1653
2016.03.22 22:30,1.47204,1.47271,1.47113,1.47120,1448
2016.03.22 23:00,1.47117,1.47275,1.47086,1.47257,1335
2016.03.22 23:30,1.47257,1.47270,1.47101,1.47244,2246
2016.03.23 00:00,1.47250,1.47284,1.47123,1.47218,2788
2016.03.23 00:30,1.47222,1.47315,1.47211,1.47306,1277
2016.03.23 01:00,1.47309,1.47382,1.47226,1.47302,1943
2016.03.23 01:30,1.47302,1.47353,1.47221,1.47245,2230
2016.03.23 02:00,1.47244,1.47370,1.47102,1.47130,3054
2016.03.23 02:30,1.47132,1.47161,1.46803,1.46833,2968
2016.03.23 03:00,1.46832,1.46949,1.46614,1.46717,3574
2016.03.23 03:30,1.46716,1.46955,1.46697,1.46904,3219
2016.03.23 04:00,1.46903,1.47099,1.46898,1.46980,2667
2016.03.23 04:30,1.46983,1.47006,1.46864,1.46935,2080
2016.03.23 05:00,1.46938,1.46973,1.46804,1.46948,1780
2016.03.23 05:30,1.46949,1.47010,1.46927,1.47010,1909
2016.03.23 06:00,1.47011,1.47154,1.46839,1.47109,2880
2016.03.23 06:30,1.47108,1.47338,1.47094,1.47126,1937
2016.03.23 07:00,1.47130,1.47191,1.47072,1.47163,2061
2016.03.23 07:30,1.47165,1.47264,1.47157,1.47184,1986
2016.03.23 08:00,1.47186,1.47209,1.46984,1.47019,2663
2016.03.23 08:30,1.47019,1.47019,1.46797,1.46960,3032
2016.03.23 09:00,1.46957,1.47303,1.46869,1.47274,6009
2016.03.23 09:30,1.47277,1.47499,1.47186,1.47406,4921
2016.03.23 10:00,1.47408,1.47408,1.47030,1.47177,5485
2016.03.23 10:30,1.47180,1.47228,1.46926,1.47026,4552
2016.03.23 11:00,1.47026,1.47408,1.47020,1.47404,4473
2016.03.23 11:30,1.47401,1.47466,1.47279,1.47436,3911
2016.03.23 12:00,1.47437,1.47644,1.47421,1.47478,4028
2016.03.23 12:30,1.47477,1.47632,1.47412,1.47481,4636
2016.03.23 13:00,1.47478,1.47562,1.47208,1.47252,3931
2016.03.23 13:30,1.47252,1.47406,1.47209,1.47404,4348
2016.03.23 14:00,1.47403,1.47681,1.47313,1.47649,5371
2016.03.23 14:30,1.47649,1.47669,1.47448,1.47667,5774
2016.03.23 15:00,1.47665,1.47983,1.47657,1.47852,6237
2016.03.23 15:30,1.47853,1.48099,1.47820,1.47915,6700
2016.03.23 16:00,1.47908,1.48256,1.47850,1.47966,7575
2016.03.23 16:30,1.47963,1.48198,1.47884,1.47965,7178
2016.03.23 17:00,1.47964,1.48288,1.47906,1.48277,5669
2016.03.23 17:30,1.48276,1.48441,1.48177,1.48332,5464
2016.03.23 18:00,1.48332,1.48367,1.48178,1.48351,5361
2016.03.23 18:30,1.48349,1.48364,1.48157,1.48226,4444
2016.03.23 19:00,1.48226,1.48418,1.48223,1.48284,3695
2016.03.23 19:30,1.48290,1.48416,1.48251,1.48274,3182
2016.03.23 20:00,1.48274,1.48520,1.48241,1.48517,2135
2016.03.23 20:30,1.48518,1.48595,1.48406,1.48505,2200
2016.03.23 21:00,1.48503,1.48682,1.48500,1.48585,1918
2016.03.23 21:30,1.48584,1.48588,1.48482,1.48552,2209
2016.03.23 22:00,1.48547,1.48605,1.48501,1.48527,1532
2016.03.23 22:30,1.48525,1.48534,1.48364,1.48383,1705
2016.03.23 23:00,1.48401,1.48503,1.48299,1.48418,956
2016.03.23 23:30,1.48418,1.48449,1.48344,1.48358,2072
2016.03.24 00:00,1.48361,1.48469,1.48331,1.48407,1579
2016.03.24 00:30,1.48409,1.48495,1.48371,1.48449,1550
2016.03.24 01:00,1.48449,1.48518,1.48350,1.48366,1890
2016.03.24 01:30,1.48367,1.48511,1.48338,1.48354,2027
2016.03.24 02:00,1.48356,1.48622,1.48331,1.48601,2674
2016.03.24 02:30,1.48600,1.49092,1.48600,1.48952,3840
2016.03.24 03:00,1.48951,1.49088,1.48859,1.48992,4376
2016.03.24 03:30,1.48986,1.49060,1.48772,1.48781,3218
2016.03.24 04:00,1.48780,1.48835,1.48477,1.48635,3360
2016.03.24 04:30,1.48636,1.48807,1.48572,1.48765,2541
2016.03.24 05:00,1.48763,1.48888,1.48747,1.48829,2087
2016.03.24 05:30,1.48830,1.49030,1.48770,1.48985,2331
2016.03.24 06:00,1.48984,1.49039,1.48822,1.49028,1786
2016.03.24 06:30,1.49027,1.49048,1.48890,1.49024,1780
2016.03.24 07:00,1.49025,1.49094,1.48902,1.48964,1919
2016.03.24 07:30,1.48965,1.49059,1.48842,1.49058,2256
2016.03.24 08:00,1.49060,1.49174,1.49004,1.49036,3279
2016.03.24 08:30,1.49039,1.49132,1.48938,1.49114,2735
2016.03.24 09:00,1.49115,1.49245,1.48983,1.49065,5369
2016.03.24 09:30,1.49064,1.49246,1.48925,1.49141,4655
2016.03.24 10:00,1.49141,1.49142,1.48576,1.48696,6034
2016.03.24 10:30,1.48698,1.49139,1.48604,1.49007,5419
2016.03.24 11:00,1.49007,1.49170,1.48960,1.49053,4424
2016.03.24 11:30,1.49054,1.49056,1.48820,1.48926,3962
2016.03.24 12:00,1.48926,1.49023,1.48699,1.48752,4069
2016.03.24 12:30,1.48750,1.48892,1.48565,1.48702,5987
2016.03.24 13:00,1.48700,1.48882,1.48684,1.48752,4417
2016.03.24 13:30,1.48752,1.48884,1.48660,1.48714,4426
2016.03.24 14:00,1.48713,1.48719,1.48437,1.48525,4023
2016.03.24 14:30,1.48539,1.48713,1.48505,1.48540,5037
2016.03.24 15:00,1.48542,1.48625,1.48487,1.48547,4867
2016.03.24 15:30,1.48545,1.48656,1.48428,1.48444,5719
2016.03.24 16:00,1.48444,1.48560,1.48346,1.48451,6347
2016.03.24 16:30,1.48450,1.48451,1.48256,1.48382,4824
2016.03.24 17:00,1.48385,1.48652,1.48366,1.48582,4591
2016.03.24 17:30,1.48583,1.48671,1.48502,1.48510,4305
2016.03.24 18:00,1.48513,1.48560,1.48344,1.48426,4787
2016.03.24 18:30,1.48426,1.48607,1.48425,1.48526,3887
2016.03.24 19:00,1.48528,1.48573,1.48474,1.48523,4184
2016.03.24 19:30,1.48524,1.48562,1.48423,1.48475,2673
2016.03.24 20:00,1.48474,1.48529,1.48408,1.48445,2615
2016.03.24 20:30,1.48446,1.48474,1.48342,1.48442,1686
2016.03.24 21:00,1.48443,1.48516,1.48356,1.48389,2096
2016.03.24 21:30,1.48390,1.48431,1.48340,1.48389,1798
2016.03.24 22:00,1.48388,1.48504,1.48388,1.48474,1000
2016.03.24 22:30,1.48476,1.48559,1.48388,1.48424,1586
2016.03.24 23:00,1.48369,1.48504,1.48288,1.48460,883
2016.03.24 23:30,1.48464,1.48546,1.48402,1.48509,494
2016.03.25 00:00,1.48500,1.48751,1.48389,1.48555,2233
2016.03.25 00:30,1.48555,1.48595,1.48391,1.48521,1751
2016.03.25 01:00,1.48531,1.48535,1.48434,1.48460,788
2016.03.25 01:30,1.48452,1.48491,1.48250,1.48317,2669
2016.03.25 02:00,1.48321,1.48371,1.48158,1.48320,2118
2016.03.25 02:30,1.48321,1.48562,1.48203,1.48530,2522
2016.03.25 03:00,1.48527,1.48665,1.48393,1.48524,2501
2016.03.25 03:30,1.48524,1.48524,1.48356,1.48434,1593
2016.03.25 04:00,1.48435,1.48542,1.48368,1.48436,1789
2016.03.25 04:30,1.48435,1.48508,1.48392,1.48425,1206
2016.03.25 05:00,1.48425,1.48470,1.48350,1.48430,1537
2016.03.25 05:30,1.48418,1.48466,1.48389,1.48457,1111
2016.03.25 06:00,1.48457,1.48460,1.48317,1.48381,1023
2016.03.25 06:30,1.48381,1.48444,1.48297,1.48413,1221
2016.03.25 07:00,1.48413,1.48509,1.48304,1.48366,1562
2016.03.25 07:30,1.48364,1.48401,1.48293,1.48328,1517
2016.03.25 08:00,1.48328,1.48439,1.48260,1.48339,1000
2016.03.25 08:30,1.48333,1.48435,1.48294,1.48333,1202
2016.03.25 09:00,1.48331,1.48355,1.48119,1.48162,1572
2016.03.25 09:30,1.48166,1.48307,1.48131,1.48227,1327
2016.03.25 10:00,1.48229,1.48261,1.48131,1.48234,919
2016.03.25 10:30,1.48234,1.48285,1.48207,1.48257,571
2016.03.25 11:00,1.48269,1.48314,1.48228,1.48250,1022
2016.03.25 11:30,1.48242,1.48281,1.48212,1.48276,1885
2016.03.25 12:00,1.48276,1.48333,1.48275,1.48325,1414
2016.03.25 12:30,1.48326,1.48395,1.48310,1.48360,1229
2016.03.25 13:00,1.48363,1.48378,1.48299,1.48331,961
2016.03.25 13:30,1.48331,1.48482,1.48308,1.48388,1487
2016.03.25 14:00,1.48375,1.48496,1.48329,1.48349,880
2016.03.25 14:30,1.48261,1.48502,1.48235,1.48488,1659
2016.03.25 15:00,1.48489,1.48517,1.48319,1.48447,2257
2016.03.25 15:30,1.48451,1.48577,1.48374,1.48415,1229
2016.03.25 16:00,1.48414,1.48552,1.48337,1.48539,2149
2016.03.25 16:30,1.48533,1.48598,1.48446,1.48539,1402
2016.03.25 17:00,1.48542,1.48628,1.48433,1.48555,1031
2016.03.25 17:30,1.48553,1.48655,1.48499,1.48603,3735
2016.03.25 18:00,1.48612,1.48628,1.48552,1.48588,924
2016.03.25 18:30,1.48592,1.48702,1.48469,1.48670,1664
2016.03.25 19:00,1.48662,1.48776,1.48643,1.48706,633
2016.03.25 19:30,1.48707,1.48729,1.48591,1.48634,1424
2016.03.25 20:00,1.48639,1.48713,1.48600,1.48699,986
2016.03.25 20:30,1.48697,1.48736,1.48657,1.48720,684
2016.03.25 21:00,1.48718,1.48772,1.48707,1.48766,604
2016.03.25 21:30,1.48759,1.48844,1.48752,1.48810,1307
2016.03.25 22:00,1.48810,1.48851,1.48706,1.48745,747
2016.03.25 22:30,1.48744,1.48833,1.48441,1.48441,494
2016.03.25 23:00,1.48612,1.48612,1.48563,1.48563,2
2016.03.28 00:00,1.48452,1.48677,1.48441,1.48636,102
2016.03.28 00:30,1.48668,1.48829,1.48644,1.48682,631
2016.03.28 01:00,1.48669,1.48731,1.48413,1.48722,2905
2016.03.28 01:30,1.48719,1.48755,1.48616,1.48624,1069
2016.03.28 02:00,1.48632,1.48687,1.48498,1.48536,1803
2016.03.28 02:30,1.48537,1.48710,1.48525,1.48704,1202
2016.03.28 03:00,1.48704,1.48841,1.48613,1.48756,2430
2016.03.28 03:30,1.48757,1.48804,1.48645,1.48735,1633
2016.03.28 04:00,1.48732,1.48769,1.48611,1.48659,1794
2016.03.28 04:30,1.48658,1.48666,1.48591,1.48614,1183
2016.03.28 05:00,1.48617,1.48666,1.48526,1.48555,1563
2016.03.28 05:30,1.48556,1.48797,1.48548,1.48796,1181
2016.03.28 06:00,1.48795,1.48795,1.48635,1.48693,875
2016.03.28 06:30,1.48694,1.48718,1.48496,1.48524,1379
2016.03.28 07:00,1.48523,1.48611,1.48500,1.48562,890
2016.03.28 07:30,1.48564,1.48588,1.48493,1.48559,1249
2016.03.28 08:00,1.48560,1.48560,1.48461,1.48473,953
2016.03.28 08:30,1.48472,1.48472,1.48273,1.48317,1977
2016.03.28 09:00,1.48318,1.48371,1.48277,1.48280,2708
2016.03.28 09:30,1.48280,1.48383,1.48279,1.48376,1192
2016.03.28 10:00,1.48374,1.48427,1.48177,1.48201,2290
2016.03.28 10:30,1.48200,1.48263,1.48101,1.48141,2366
2016.03.28 11:00,1.48140,1.48264,1.48126,1.48248,2431
2016.03.28 11:30,1.48249,1.48277,1.48187,1.48190,1216
2016.03.28 12:00,1.48190,1.48337,1.48179,1.48252,1278
2016.03.28 12:30,1.48255,1.48308,1.48212,1.48222,1231
2016.03.28 13:00,1.48218,1.48272,1.48183,1.48202,1110
2016.03.28 13:30,1.48205,1.48249,1.48184,1.48205,1355
2016.03.28 14:00,1.48204,1.48273,1.48151,1.48223,1772
2016.03.28 14:30,1.48222,1.48313,1.48217,1.48246,1299
2016.03.28 15:00,1.48242,1.48347,1.48158,1.48231,2105
2016.03.28 15:30,1.48231,1.48317,1.47990,1.48143,4261
2016.03.28 16:00,1.48143,1.48375,1.48111,1.48290,4555
2016.03.28 16:30,1.48289,1.48373,1.48174,1.48314,5398
2016.03.28 17:00,1.48314,1.48507,1.48299,1.48483,3980
2016.03.28 17:30,1.48483,1.48650,1.48470,1.48507,5001
2016.03.28 18:00,1.48508,1.48629,1.48501,1.48566,3661
2016.03.28 18:30,1.48566,1.48578,1.48432,1.48489,3379
2016.03.28 19:00,1.48491,1.48572,1.48422,1.48488,2451
2016.03.28 19:30,1.48491,1.48525,1.48371,1.48443,2905
2016.03.28 20:00,1.48446,1.48565,1.48444,1.48542,1937
2016.03.28 20:30,1.48541,1.48666,1.48527,1.48644,1215
2016.03.28 21:00,1.48643,1.48659,1.48476,1.48520,1545
2016.03.28 21:30,1.48522,1.48570,1.48463,1.48481,1599
2016.03.28 22:00,1.48480,1.48536,1.48427,1.48464,1872
2016.03.28 22:30,1.48465,1.48471,1.48350,1.48413,1478
2016.03.28 23:00,1.48414,1.48447,1.48325,1.48396,1167
2016.03.28 23:30,1.48396,1.48409,1.48296,1.48354,1847
2016.03.29 00:00,1.48374,1.48447,1.48314,1.48427,498
2016.03.29 00:30,1.48427,1.48521,1.48404,1.48465,1644
2016.03.29 01:00,1.48478,1.48509,1.48392,1.48433,1774
2016.03.29 01:30,1.48431,1.48466,1.48347,1.48353,1023
2016.03.29 02:00,1.48354,1.48407,1.48246,1.48285,1744
2016.03.29 02:30,1.48292,1.48377,1.48223,1.48268,1572
2016.03.29 03:00,1.48271,1.48310,1.48168,1.48257,2421
2016.03.29 03:30,1.48258,1.48358,1.48166,1.48358,1985
2016.03.29 04:00,1.48357,1.48446,1.48233,1.48255,3808
2016.03.29 04:30,1.48257,1.48261,1.48109,1.48245,2625
2016.03.29 05:00,1.48242,1.48288,1.47951,1.47960,2104
2016.03.29 05:30,1.47963,1.48061,1.47858,1.48025,2448
2016.03.29 06:00,1.48024,1.48115,1.47941,1.48058,1578
2016.03.29 06:30,1.48057,1.48090,1.47922,1.47994,1972
2016.03.29 07:00,1.47995,1.48088,1.47892,1.48050,2505
2016.03.29 07:30,1.48051,1.48174,1.48024,1.48164,1969
2016.03.29 08:00,1.48161,1.48205,1.48073,1.48149,1826
2016.03.29 08:30,1.48150,1.48435,1.48072,1.48323,2593
2016.03.29 09:00,1.48324,1.48411,1.48209,1.48411,3326
2016.03.29 09:30,1.48409,1.48454,1.48334,1.48381,3559
2016.03.29 10:00,1.48379,1.48548,1.48230,1.48493,6166
2016.03.29 10:30,1.48492,1.48508,1.48361,1.48397,4364
2016.03.29 11:00,1.48395,1.48447,1.48249,1.48413,4957
2016.03.29 11:30,1.48413,1.48675,1.48380,1.48577,4442
2016.03.29 12:00,1.48575,1.48658,1.48527,1.48627,4282
2016.03.29 12:30,1.48628,1.48931,1.48576,1.48875,5522
2016.03.29 13:00,1.48874,1.48996,1.48677,1.48716,5028
2016.03.29 13:30,1.48715,1.49003,1.48669,1.48970,4306
2016.03.29 14:00,1.48970,1.49035,1.48853,1.48936,4784
2016.03.29 14:30,1.48938,1.49048,1.48742,1.48901,5320
2016.03.29 15:00,1.48901,1.49032,1.48834,1.48843,5422
2016.03.29 15:30,1.48842,1.48976,1.48831,1.48893,5277
2016.03.29 16:00,1.48895,1.49002,1.48753,1.48788,6433
2016.03.29 16:30,1.48788,1.48954,1.48696,1.48713,7448
2016.03.29 17:00,1.48713,1.48791,1.48424,1.48441,7159
2016.03.29 17:30,1.48434,1.48477,1.47793,1.47793,7396
2016.03.29 18:00,1.47791,1.48074,1.47673,1.47968,6143
2016.03.29 18:30,1.47968,1.48058,1.47949,1.48039,4685
2016.03.29 19:00,1.48039,1.48075,1.47585,1.47959,7879
2016.03.29 19:30,1.47959,1.48109,1.47786,1.48030,9691
2016.03.29 20:00,1.48030,1.48072,1.47798,1.47814,6932
2016.03.29 20:30,1.47817,1.47959,1.47790,1.47866,4317
2016.03.29 21:00,1.47865,1.47973,1.47782,1.47891,4063
2016.03.29 21:30,1.47894,1.47984,1.47793,1.47872,3290
2016.03.29 22:00,1.47875,1.47994,1.47831,1.47853,3038
2016.03.29 22:30,1.47852,1.47950,1.47796,1.47815,2332
2016.03.29 23:00,1.47814,1.47927,1.47801,1.47904,1770
2016.03.29 23:30,1.47905,1.48020,1.47872,1.47884,2061
2016.03.30 00:00,1.47894,1.48083,1.47886,1.47936,871
2016.03.30 00:30,1.47945,1.47945,1.47815,1.47888,1769
2016.03.30 01:00,1.47888,1.47932,1.47766,1.47852,6397
2016.03.30 01:30,1.47852,1.47950,1.47827,1.47950,2367
2016.03.30 02:00,1.47953,1.47953,1.47819,1.47883,2112
2016.03.30 02:30,1.47885,1.47934,1.47710,1.47826,2352
2016.03.30 03:00,1.47825,1.47873,1.47683,1.47833,4020
2016.03.30 03:30,1.47835,1.48033,1.47791,1.47989,3341
2016.03.30 04:00,1.47990,1.48114,1.47914,1.47995,3676
2016.03.30 04:30,1.47994,1.48002,1.47852,1.47951,2813
2016.03.30 05:00,1.47948,1.48093,1.47894,1.48028,2299
2016.03.30 05:30,1.48027,1.48058,1.47934,1.48025,2210
2016.03.30 06:00,1.48025,1.48149,1.47992,1.48145,1993
2016.03.30 06:30,1.48143,1.48166,1.48058,1.48084,2015
2016.03.30 07:00,1.48085,1.48177,1.48056,1.48168,1922
2016.03.30 07:30,1.48169,1.48321,1.48164,1.48294,2104
2016.03.30 08:00,1.48296,1.48307,1.48007,1.48073,2641
2016.03.30 08:30,1.48072,1.48085,1.47911,1.47930,2527
2016.03.30 09:00,1.47931,1.48060,1.47830,1.48034,5908
2016.03.30 09:30,1.48033,1.48060,1.47781,1.47918,5430
2016.03.30 10:00,1.47920,1.47950,1.47460,1.47518,8215
2016.03.30 10:30,1.47520,1.47603,1.47138,1.47283,7276
2016.03.30 11:00,1.47285,1.47553,1.47223,1.47505,6720
2016.03.30 11:30,1.47502,1.47806,1.47488,1.47709,5687
2016.03.30 12:00,1.47710,1.47767,1.47536,1.47616,5357
2016.03.30 12:30,1.47618,1.47852,1.47618,1.47772,4974
2016.03.30 13:00,1.47772,1.47787,1.47530,1.47541,4012
2016.03.30 13:30,1.47543,1.47721,1.47448,1.47687,4688
2016.03.30 14:00,1.47688,1.47738,1.47560,1.47597,5649
2016.03.30 14:30,1.47604,1.47846,1.47589,1.47740,5275
2016.03.30 15:00,1.47739,1.47803,1.47395,1.47486,7891
2016.03.30 15:30,1.47485,1.47530,1.47160,1.47391,7032
2016.03.30 16:00,1.47391,1.47495,1.47329,1.47390,6594
2016.03.30 16:30,1.47391,1.47499,1.47225,1.47257,7766
2016.03.30 17:00,1.47257,1.47637,1.47241,1.47596,8327
2016.03.30 17:30,1.47591,1.47712,1.47336,1.47520,9636
2016.03.30 18:00,1.47519,1.47832,1.47515,1.47756,8690
2016.03.30 18:30,1.47757,1.47920,1.47708,1.47766,6977
2016.03.30 19:00,1.47773,1.47792,1.47541,1.47684,5363
2016.03.30 19:30,1.47684,1.47814,1.47656,1.47713,5182
2016.03.30 20:00,1.47713,1.48077,1.47649,1.48013,4970
2016.03.30 20:30,1.48013,1.48024,1.47806,1.47841,3568
2016.03.30 21:00,1.47838,1.47893,1.47758,1.47771,2942
2016.03.30 21:30,1.47770,1.47903,1.47684,1.47690,3054
2016.03.30 22:00,1.47693,1.47759,1.47626,1.47710,2753
2016.03.30 22:30,1.47711,1.47799,1.47688,1.47769,2117
2016.03.30 23:00,1.47771,1.47796,1.47733,1.47757,1235
2016.03.30 23:30,1.47758,1.47821,1.47725,1.47740,2580
2016.03.31 00:00,1.47740,1.47778,1.47695,1.47717,761
2016.03.31 00:30,1.47719,1.47778,1.47698,1.47743,1990
2016.03.31 01:00,1.47742,1.47794,1.47721,1.47749,3325
2016.03.31 01:30,1.47747,1.47831,1.47712,1.47799,1284
2016.03.31 02:00,1.47798,1.47869,1.47779,1.47796,1570
2016.03.31 02:30,1.47797,1.47994,1.47756,1.47963,2102
2016.03.31 03:00,1.47962,1.47983,1.47749,1.47869,3726
2016.03.31 03:30,1.47864,1.48062,1.47748,1.47850,3577
2016.03.31 04:00,1.47848,1.48090,1.47711,1.47971,3650
2016.03.31 04:30,1.47973,1.47982,1.47760,1.47864,3088
2016.03.31 05:00,1.47863,1.47944,1.47828,1.47905,2040
2016.03.31 05:30,1.47907,1.48044,1.47828,1.47961,3024
2016.03.31 06:00,1.47961,1.48069,1.47940,1.47988,2588
2016.03.31 06:30,1.47989,1.48005,1.47822,1.47833,2278
2016.03.31 07:00,1.47834,1.47889,1.47757,1.47814,2269
2016.03.31 07:30,1.47813,1.47931,1.47756,1.47782,2478
2016.03.31 08:00,1.47781,1.47899,1.47685,1.47889,2537
2016.03.31 08:30,1.47888,1.47976,1.47835,1.47943,2081
2016.03.31 09:00,1.47942,1.48149,1.47913,1.48017,4270
2016.03.31 09:30,1.48019,1.48163,1.47963,1.48024,5236
2016.03.31 10:00,1.48022,1.48224,1.47773,1.47949,5997
2016.03.31 10:30,1.47949,1.48460,1.47870,1.48435,5984
2016.03.31 11:00,1.48434,1.48439,1.48031,1.48104,4395
2016.03.31 11:30,1.48104,1.48159,1.47871,1.48011,5540
2016.03.31 12:00,1.48011,1.48155,1.47930,1.48027,5894
2016.03.31 12:30,1.48027,1.48226,1.47953,1.48206,5011
2016.03.31 13:00,1.48207,1.48230,1.47971,1.47996,4525
2016.03.31 13:30,1.47996,1.48105,1.47951,1.48075,5223
2016.03.31 14:00,1.48076,1.48087,1.47742,1.47966,5418
2016.03.31 14:30,1.47965,1.48001,1.47750,1.47985,6738
2016.03.31 15:00,1.47984,1.48218,1.47975,1.48078,6138
2016.03.31 15:30,1.48078,1.48186,1.47851,1.47859,7281
2016.03.31 16:00,1.47862,1.48068,1.47795,1.48011,5949
2016.03.31 16:30,1.48011,1.48236,1.47832,1.48137,8188
2016.03.31 17:00,1.48143,1.48204,1.47710,1.48098,9250
2016.03.31 17:30,1.48100,1.48318,1.48074,1.48100,8808
2016.03.31 18:00,1.48100,1.48308,1.48004,1.48159,9064
2016.03.31 18:30,1.48159,1.48369,1.48084,1.48359,6005
2016.03.31 19:00,1.48360,1.48365,1.48205,1.48215,4721
2016.03.31 19:30,1.48217,1.48427,1.48198,1.48349,4470
2016.03.31 20:00,1.48350,1.48582,1.48341,1.48493,4063
2016.03.31 20:30,1.48493,1.48665,1.48477,1.48551,3773
2016.03.31 21:00,1.48550,1.48580,1.48495,1.48563,2833
2016.03.31 21:30,1.48564,1.48600,1.48324,1.48329,3084
2016.03.31 22:00,1.48336,1.48536,1.48312,1.48446,2666
2016.03.31 22:30,1.48445,1.48522,1.48405,1.48408,2896
2016.03.31 23:00,1.48407,1.48539,1.48381,1.48527,1596
2016.03.31 23:30,1.48531,1.48605,1.48489,1.48556,1542
2016.04.01 00:00,1.48542,1.48625,1.48506,1.48572,530
2016.04.01 00:30,1.48565,1.48610,1.48418,1.48461,1752
2016.04.01 01:00,1.48461,1.48504,1.48394,1.48424,2675
2016.04.01 01:30,1.48423,1.48480,1.48361,1.48367,1618
2016.04.01 02:00,1.48361,1.48448,1.48309,1.48427,1615
2016.04.01 02:30,1.48430,1.48450,1.48310,1.48362,1297
2016.04.01 03:00,1.48362,1.48446,1.48288,1.48299,3050
2016.04.01 03:30,1.48298,1.48335,1.47790,1.47860,3743
2016.04.01 04:00,1.47860,1.48130,1.47802,1.48055,4386
2016.04.01 04:30,1.48053,1.48543,1.48002,1.48251,3914
2016.04.01 05:00,1.48253,1.48567,1.48230,1.48467,3229
2016.04.01 05:30,1.48468,1.48481,1.48064,1.48299,2809
2016.04.01 06:00,1.48302,1.48493,1.48157,1.48394,2563
2016.04.01 06:30,1.48395,1.48749,1.48392,1.48741,2473
2016.04.01 07:00,1.48740,1.48827,1.48556,1.48603,2229
2016.04.01 07:30,1.48602,1.48671,1.48566,1.48625,1957
2016.04.01 08:00,1.48626,1.48760,1.48563,1.48573,2641
2016.04.01 08:30,1.48573,1.48640,1.48470,1.48547,2036
2016.04.01 09:00,1.48546,1.48607,1.48350,1.48365,4120
2016.04.01 09:30,1.48363,1.48511,1.48282,1.48297,4442
2016.04.01 10:00,1.48301,1.48472,1.48194,1.48229,5849
2016.04.01 10:30,1.48230,1.48354,1.48118,1.48328,4891
2016.04.01 11:00,1.48330,1.48556,1.48290,1.48416,4582
2016.04.01 11:30,1.48416,1.48638,1.48329,1.48495,4634
2016.04.01 12:00,1.48498,1.48511,1.48300,1.48394,4237
2016.04.01 12:30,1.48395,1.48723,1.48394,1.48696,5080
2016.04.01 13:00,1.48697,1.48768,1.48502,1.48662,4466
2016.04.01 13:30,1.48664,1.48843,1.48612,1.48808,5307
2016.04.01 14:00,1.48810,1.49031,1.48790,1.48966,5737
2016.04.01 14:30,1.48967,1.49107,1.48874,1.48877,4680
2016.04.01 15:00,1.48875,1.48912,1.48481,1.48483,6742
2016.04.01 15:30,1.48483,1.49676,1.48340,1.49666,13882
2016.04.01 16:00,1.49666,1.49739,1.49031,1.49108,9841
2016.04.01 16:30,1.49108,1.49434,1.49014,1.49263,8101
2016.04.01 17:00,1.49255,1.49466,1.48697,1.48808,10114
2016.04.01 17:30,1.48808,1.48859,1.48428,1.48450,7649
2016.04.01 18:00,1.48449,1.48569,1.48307,1.48354,6353
2016.04.01 18:30,1.48354,1.48430,1.48101,1.48408,6412
2016.04.01 19:00,1.48408,1.48559,1.48316,1.48468,5760
2016.04.01 19:30,1.48468,1.48509,1.48331,1.48461,4920
2016.04.01 20:00,1.48462,1.48515,1.48293,1.48378,4412
2016.04.01 20:30,1.48379,1.48418,1.48271,1.48287,3330
2016.04.01 21:00,1.48287,1.48399,1.48245,1.48388,2778
2016.04.01 21:30,1.48382,1.48406,1.48304,1.48363,2501
2016.04.01 22:00,1.48364,1.48421,1.48321,1.48374,2383
2016.04.01 22:30,1.48373,1.48407,1.48229,1.48259,3158
2016.04.01 23:00,1.48259,1.48386,1.48251,1.48295,1677
2016.04.01 23:30,1.48296,1.48414,1.48118,1.48276,1200
2016.04.04 00:00,1.48527,1.48597,1.48460,1.48536,414
2016.04.04 00:30,1.48536,1.48536,1.48383,1.48408,899
2016.04.04 01:00,1.48408,1.48440,1.48329,1.48334,1405
2016.04.04 01:30,1.48334,1.48472,1.48333,1.48458,1420
2016.04.04 02:00,1.48455,1.48579,1.48422,1.48516,1747
2016.04.04 02:30,1.48517,1.48625,1.48467,1.48613,1870
2016.04.04 03:00,1.48612,1.48840,1.48532,1.48766,3958
2016.04.04 03:30,1.48765,1.48862,1.48657,1.48717,3525
2016.04.04 04:00,1.48718,1.48828,1.48648,1.48648,2559
2016.04.04 04:30,1.48648,1.49346,1.48648,1.49200,3971
2016.04.04 05:00,1.49201,1.49239,1.49096,1.49151,2295
2016.04.04 05:30,1.49149,1.49283,1.49086,1.49114,2040
2016.04.04 06:00,1.49113,1.49188,1.49031,1.49074,2369
2016.04.04 06:30,1.49073,1.49268,1.49073,1.49190,2615
2016.04.04 07:00,1.49191,1.49289,1.49090,1.49280,2191
2016.04.04 07:30,1.49279,1.49294,1.49124,1.49126,1944
2016.04.04 08:00,1.49127,1.49189,1.49062,1.49072,2205
2016.04.04 08:30,1.49073,1.49166,1.49043,1.49084,2439
2016.04.04 09:00,1.49089,1.49319,1.49079,1.49242,4763
2016.04.04 09:30,1.49243,1.49490,1.49086,1.49143,5508
2016.04.04 10:00,1.49139,1.49538,1.49097,1.49527,6472
2016.04.04 10:30,1.49527,1.49573,1.49406,1.49489,5856
2016.04.04 11:00,1.49488,1.49533,1.49181,1.49196,5546
2016.04.04 11:30,1.49195,1.49284,1.49126,1.49207,3907
2016.04.04 12:00,1.49211,1.49269,1.49055,1.49119,4466
2016.04.04 12:30,1.49123,1.49154,1.48934,1.49089,4798
2016.04.04 13:00,1.49089,1.49174,1.48986,1.49165,4213
2016.04.04 13:30,1.49168,1.49326,1.49159,1.49263,3843
2016.04.04 14:00,1.49263,1.49290,1.49061,1.49194,4008
2016.04.04 14:30,1.49194,1.49202,1.48973,1.49002,4617
2016.04.04 15:00,1.49005,1.49292,1.48994,1.49186,5000
2016.04.04 15:30,1.49188,1.49363,1.49085,1.49132,5394
2016.04.04 16:00,1.49132,1.49375,1.49096,1.49373,4988
2016.04.04 16:30,1.49378,1.49517,1.49292,1.49487,7002
2016.04.04 17:00,1.49486,1.49628,1.49326,1.49579,8238
2016.04.04 17:30,1.49581,1.49613,1.49353,1.49459,7061
2016.04.04 18:00,1.49457,1.49589,1.49381,1.49563,6644
2016.04.04 18:30,1.49563,1.49766,1.49512,1.49544,5027
2016.04.04 19:00,1.49543,1.49546,1.49390,1.49490,4471
2016.04.04 19:30,1.49488,1.49588,1.49481,1.49548,4143
2016.04.04 20:00,1.49548,1.49645,1.49505,1.49629,3317
2016.04.04 20:30,1.49628,1.49677,1.49563,1.49667,3067
2016.04.04 21:00,1.49663,1.49873,1.49653,1.49820,2729
2016.04.04 21:30,1.49822,1.49869,1.49734,1.49752,2458
2016.04.04 22:00,1.49754,1.49788,1.49687,1.49716,2292
2016.04.04 22:30,1.49715,1.49837,1.49685,1.49812,2397
2016.04.04 23:00,1.49810,1.49867,1.49771,1.49822,1518
2016.04.04 23:30,1.49823,1.49878,1.49643,1.49643,1768
2016.04.05 00:00,1.49640,1.49836,1.49579,1.49759,485
2016.04.05 00:30,1.49781,1.49828,1.49717,1.49756,834
2016.04.05 01:00,1.49744,1.49842,1.49690,1.49818,3131
2016.04.05 01:30,1.49822,1.49921,1.49753,1.49756,1409
2016.04.05 02:00,1.49755,1.49786,1.49705,1.49714,1656
2016.04.05 02:30,1.49711,1.49871,1.49672,1.49871,2088
2016.04.05 03:00,1.49872,1.50276,1.49826,1.50136,4160
2016.04.05 03:30,1.50135,1.50251,1.50084,1.50143,3174
2016.04.05 04:00,1.50149,1.50171,1.50010,1.50111,3438
2016.04.05 04:30,1.50128,1.50479,1.50087,1.50421,3829
2016.04.05 05:00,1.50422,1.50567,1.50380,1.50421,3093
2016.04.05 05:30,1.50419,1.50534,1.50345,1.50493,2753
2016.04.05 06:00,1.50492,1.50511,1.50292,1.50295,2471
2016.04.05 06:30,1.50296,1.50460,1.50282,1.50418,2230
2016.04.05 07:00,1.50417,1.50433,1.49944,1.49944,2814
2016.04.05 07:30,1.49979,1.50350,1.49208,1.49596,6877
2016.04.05 08:00,1.49593,1.50042,1.49576,1.49930,4042
2016.04.05 08:30,1.49936,1.50031,1.49669,1.49767,3424
2016.04.05 09:00,1.49772,1.49906,1.49589,1.49875,5689
2016.04.05 09:30,1.49873,1.50023,1.49801,1.49889,6869
2016.04.05 10:00,1.49890,1.50118,1.49843,1.50015,8992
2016.04.05 10:30,1.50014,1.50325,1.49981,1.50078,6875
2016.04.05 11:00,1.50076,1.50223,1.49948,1.50071,5786
2016.04.05 11:30,1.50074,1.50312,1.50064,1.50260,5798
2016.04.05 12:00,1.50261,1.50388,1.50164,1.50318,5450
2016.04.05 12:30,1.50318,1.50886,1.50270,1.50757,5888
2016.04.05 13:00,1.50755,1.50899,1.50662,1.50742,4496
2016.04.05 13:30,1.50743,1.50803,1.50599,1.50633,4894
2016.04.05 14:00,1.50634,1.50701,1.50542,1.50581,4906
2016.04.05 14:30,1.50581,1.50836,1.50563,1.50723,5319
2016.04.05 15:00,1.50724,1.50927,1.50717,1.50737,6239
2016.04.05 15:30,1.50740,1.50932,1.50691,1.50845,6291
2016.04.05 16:00,1.50843,1.50890,1.50681,1.50824,5964
2016.04.05 16:30,1.50827,1.51136,1.50763,1.50887,8139
2016.04.05 17:00,1.50903,1.51028,1.50667,1.50767,9105
2016.04.05 17:30,1.50766,1.51064,1.50710,1.50884,7950
2016.04.05 18:00,1.50892,1.51042,1.50877,1.50998,6377
2016.04.05 18:30,1.50998,1.51376,1.50914,1.51189,7507
2016.04.05 19:00,1.51197,1.51565,1.51171,1.51441,7287
2016.04.05 19:30,1.51440,1.51530,1.51373,1.51479,4103
2016.04.05 20:00,1.51480,1.51539,1.51336,1.51354,3634
2016.04.05 20:30,1.51353,1.51419,1.51293,1.51323,3742
2016.04.05 21:00,1.51322,1.51360,1.51225,1.51251,2352
2016.04.05 21:30,1.51255,1.51259,1.50958,1.51014,2719
2016.04.05 22:00,1.51017,1.51069,1.50984,1.51015,2364
2016.04.05 22:30,1.51017,1.51088,1.50899,1.51068,2490
2016.04.05 23:00,1.51070,1.51105,1.51021,1.51102,1332
2016.04.05 23:30,1.51103,1.51103,1.50826,1.50848,1881
2016.04.06 00:00,1.50849,1.50992,1.50836,1.50957,1245
2016.04.06 00:30,1.50957,1.50967,1.50823,1.50911,1363
2016.04.06 01:00,1.50912,1.50930,1.50851,1.50898,2340
2016.04.06 01:30,1.50901,1.50917,1.50797,1.50876,1190
2016.04.06 02:00,1.50872,1.50921,1.50824,1.50870,1600
2016.04.06 02:30,1.50870,1.50895,1.50780,1.50831,2128
2016.04.06 03:00,1.50828,1.50876,1.50576,1.50696,3223
2016.04.06 03:30,1.50695,1.50819,1.50620,1.50771,2951
2016.04.06 04:00,1.50770,1.51058,1.50770,1.50980,3198
2016.04.06 04:30,1.50979,1.50980,1.50480,1.50516,4112
2016.04.06 05:00,1.50517,1.50543,1.50294,1.50462,3372
2016.04.06 05:30,1.50463,1.50474,1.50258,1.50434,3111
2016.04.06 06:00,1.50434,1.50469,1.50289,1.50355,2268
2016.04.06 06:30,1.50354,1.50375,1.50209,1.50275,2495
2016.04.06 07:00,1.50273,1.50400,1.50229,1.50393,2518
2016.04.06 07:30,1.50394,1.50463,1.50362,1.50442,2337
2016.04.06 08:00,1.50439,1.50439,1.50343,1.50402,2127
2016.04.06 08:30,1.50403,1.50443,1.50314,1.50398,2333
2016.04.06 09:00,1.50393,1.50403,1.50159,1.50198,4236
2016.04.06 09:30,1.50198,1.50301,1.50032,1.50126,4377
2016.04.06 10:00,1.50127,1.50612,1.50067,1.50407,6167
2016.04.06 10:30,1.50403,1.50432,1.49993,1.50195,6089
2016.04.06 11:00,1.50196,1.50550,1.50181,1.50338,5584
2016.04.06 11:30,1.50341,1.50439,1.50254,1.50269,5141
2016.04.06 12:00,1.50267,1.50372,1.50213,1.50322,4348
2016.04.06 12:30,1.50321,1.50435,1.50272,1.50374,4936
2016.04.06 13:00,1.50374,1.50481,1.50297,1.50416,4624
2016.04.06 13:30,1.50414,1.50523,1.50338,1.50521,4027
2016.04.06 14:00,1.50521,1.50539,1.50307,1.50368,4625
2016.04.06 14:30,1.50371,1.50574,1.50313,1.50522,6268
2016.04.06 15:00,1.50519,1.50541,1.50265,1.50338,6058
2016.04.06 15:30,1.50337,1.50697,1.50332,1.50564,6019
2016.04.06 16:00,1.50569,1.50642,1.50451,1.50474,6330
2016.04.06 16:30,1.50473,1.50610,1.50313,1.50442,7390
2016.04.06 17:00,1.50441,1.50650,1.50357,1.50540,8410
2016.04.06 17:30,1.50541,1.50597,1.50329,1.50410,7828
2016.04.06 18:00,1.50411,1.50412,1.50153,1.50250,6458
2016.04.06 18:30,1.50253,1.50349,1.49932,1.50104,9159
2016.04.06 19:00,1.50105,1.50227,1.50033,1.50200,5513
2016.04.06 19:30,1.50203,1.50326,1.50120,1.50291,4364
2016.04.06 20:00,1.50291,1.50332,1.50184,1.50289,3250
2016.04.06 20:30,1.50289,1.50312,1.50155,1.50182,3556
2016.04.06 21:00,1.50188,1.50397,1.50041,1.50299,9395
2016.04.06 21:30,1.50300,1.50380,1.50139,1.50200,3489
2016.04.06 22:00,1.50204,1.50245,1.50118,1.50172,2480
2016.04.06 22:30,1.50173,1.50191,1.49737,1.49865,2260
2016.04.06 23:00,1.49868,1.49964,1.49845,1.49963,1358
2016.04.06 23:30,1.49961,1.49987,1.49900,1.49900,1095
2016.04.07 00:00,1.49903,1.49998,1.49888,1.49929,506
2016.04.07 00:30,1.49922,1.49942,1.49830,1.49911,866
2016.04.07 01:00,1.49907,1.49936,1.49827,1.49886,2405
2016.04.07 01:30,1.49886,1.49944,1.49831,1.49908,1827
2016.04.07 02:00,1.49906,1.49918,1.49726,1.49759,1785
2016.04.07 02:30,1.49761,1.49844,1.49679,1.49771,2193
2016.04.07 03:00,1.49772,1.49927,1.49715,1.49725,3484
2016.04.07 03:30,1.49721,1.49871,1.49489,1.49825,4283
2016.04.07 04:00,1.49825,1.49934,1.49594,1.49892,4607
2016.04.07 04:30,1.49894,1.50108,1.49711,1.49730,4557
2016.04.07 05:00,1.49732,1.49960,1.49696,1.49787,3739
2016.04.07 05:30,1.49790,1.49926,1.49788,1.49882,3135
2016.04.07 06:00,1.49884,1.50199,1.49867,1.50094,3291
2016.04.07 06:30,1.50096,1.50141,1.50000,1.50001,2370
2016.04.07 07:00,1.50002,1.50085,1.49939,1.49966,1754
2016.04.07 07:30,1.49964,1.50022,1.49806,1.49848,2091
2016.04.07 08:00,1.49850,1.49855,1.49601,1.49652,3259
2016.04.07 08:30,1.49650,1.49808,1.49581,1.49802,3290
2016.04.07 09:00,1.49805,1.49824,1.49653,1.49792,6178
2016.04.07 09:30,1.49794,1.50336,1.49766,1.50293,7565
2016.04.07 10:00,1.50289,1.50543,1.50240,1.50440,7464
2016.04.07 10:30,1.50439,1.50640,1.50232,1.50296,7867
2016.04.07 11:00,1.50298,1.50380,1.49806,1.49893,7527
2016.04.07 11:30,1.49893,1.50265,1.49829,1.50184,6138
2016.04.07 12:00,1.50186,1.50611,1.50165,1.50586,6690
2016.04.07 12:30,1.50586,1.51068,1.50568,1.50822,7289
2016.04.07 13:00,1.50821,1.51130,1.50686,1.50712,5683
2016.04.07 13:30,1.50712,1.50750,1.50488,1.50551,5400
2016.04.07 14:00,1.50551,1.50933,1.50499,1.50895,5926
2016.04.07 14:30,1.50899,1.51087,1.50723,1.50951,6506
2016.04.07 15:00,1.50953,1.51133,1.50639,1.50673,6544
2016.04.07 15:30,1.50676,1.50928,1.50646,1.50745,5795
2016.04.07 16:00,1.50746,1.51005,1.50351,1.50997,7800
2016.04.07 16:30,1.50994,1.51146,1.50613,1.50775,9170
2016.04.07 17:00,1.50773,1.51337,1.50765,1.51337,9404
2016.04.07 17:30,1.51338,1.51537,1.51273,1.51380,8907
2016.04.07 18:00,1.51380,1.52010,1.51322,1.51831,8719
2016.04.07 18:30,1.51832,1.51888,1.51519,1.51706,5709
2016.04.07 19:00,1.51706,1.51828,1.51612,1.51741,5045
2016.04.07 19:30,1.51739,1.51769,1.51481,1.51546,4174
2016.04.07 20:00,1.51547,1.51681,1.51303,1.51309,4453
2016.04.07 20:30,1.51308,1.51569,1.51205,1.51560,4844
2016.04.07 21:00,1.51559,1.51623,1.51454,1.51466,3840
2016.04.07 21:30,1.51473,1.51602,1.51435,1.51558,2476
2016.04.07 22:00,1.51561,1.51616,1.51474,1.51483,2520
2016.04.07 22:30,1.51484,1.51571,1.51398,1.51461,2772
2016.04.07 23:00,1.51466,1.51516,1.51440,1.51505,1184
2016.04.07 23:30,1.51509,1.51583,1.51475,1.51515,1157
2016.04.08 00:00,1.51545,1.51640,1.51507,1.51546,610
2016.04.08 00:30,1.51552,1.51603,1.51429,1.51476,1610
2016.04.08 01:00,1.51478,1.51554,1.51367,1.51393,2942
2016.04.08 01:30,1.51395,1.51532,1.51363,1.51484,1916
2016.04.08 02:00,1.51481,1.51484,1.51344,1.51404,1646
2016.04.08 02:30,1.51403,1.51419,1.51261,1.51261,2462
2016.04.08 03:00,1.51260,1.51318,1.51099,1.51227,4606
2016.04.08 03:30,1.51222,1.51357,1.51168,1.51171,4382
2016.04.08 04:00,1.51170,1.51199,1.50919,1.50991,3621
2016.04.08 04:30,1.50990,1.51025,1.50695,1.50814,4237
2016.04.08 05:00,1.50813,1.51059,1.50802,1.50869,2854
2016.04.08 05:30,1.50870,1.50907,1.50744,1.50822,2523
2016.04.08 06:00,1.50823,1.50922,1.50733,1.50896,2408
2016.04.08 06:30,1.50895,1.50970,1.50852,1.50902,2406
2016.04.08 07:00,1.50903,1.50914,1.50732,1.50778,2202
2016.04.08 07:30,1.50781,1.50810,1.50683,1.50708,1988
2016.04.08 08:00,1.50712,1.50718,1.50474,1.50582,3052
2016.04.08 08:30,1.50581,1.50884,1.50544,1.50852,2915
2016.04.08 09:00,1.50852,1.50984,1.50714,1.50804,4175
2016.04.08 09:30,1.50804,1.51107,1.50734,1.50856,5549
2016.04.08 10:00,1.50856,1.50859,1.50533,1.50654,5867
2016.04.08 10:30,1.50655,1.50874,1.50467,1.50637,6559
2016.04.08 11:00,1.50638,1.50789,1.50410,1.50471,6140
2016.04.08 11:30,1.50468,1.50929,1.50449,1.50827,5609
2016.04.08 12:00,1.50824,1.51006,1.50778,1.50978,5194
2016.04.08 12:30,1.50978,1.50980,1.50809,1.50850,4335
2016.04.08 13:00,1.50853,1.50930,1.50659,1.50755,4765
2016.04.08 13:30,1.50755,1.50847,1.50669,1.50680,4639
2016.04.08 14:00,1.50680,1.50869,1.50655,1.50696,3607
2016.04.08 14:30,1.50698,1.50831,1.50604,1.50735,4287
2016.04.08 15:00,1.50734,1.51007,1.50658,1.50692,4836
2016.04.08 15:30,1.50693,1.50708,1.50301,1.50343,6320
2016.04.08 16:00,1.50344,1.50852,1.50253,1.50746,6376
2016.04.08 16:30,1.50747,1.50881,1.50646,1.50727,7160
2016.04.08 17:00,1.50731,1.50857,1.50489,1.50635,7705
2016.04.08 17:30,1.50636,1.50759,1.50504,1.50665,7235
2016.04.08 18:00,1.50665,1.50786,1.50397,1.50739,8345
2016.04.08 18:30,1.50740,1.51001,1.50719,1.50956,5412
2016.04.08 19:00,1.50959,1.51084,1.50882,1.51041,4530
2016.04.08 19:30,1.51040,1.51098,1.50846,1.50878,4144
2016.04.08 20:00,1.50878,1.51079,1.50836,1.51071,4419
2016.04.08 20:30,1.51070,1.51098,1.50938,1.50947,3441
2016.04.08 21:00,1.50948,1.50972,1.50830,1.50832,2918
2016.04.08 21:30,1.50833,1.50938,1.50829,1.50834,2881
2016.04.08 22:00,1.50835,1.50999,1.50835,1.50981,2295
2016.04.08 22:30,1.50982,1.51049,1.50863,1.50930,2851
2016.04.08 23:00,1.50931,1.50943,1.50859,1.50898,1127
2016.04.08 23:30,1.50895,1.50960,1.50717,1.50851,1333
2016.04.11 00:00,1.51118,1.51210,1.50968,1.51159,1026
2016.04.11 00:30,1.51136,1.51188,1.50892,1.51076,386
2016.04.11 01:00,1.51073,1.51076,1.50911,1.50931,3428
2016.04.11 01:30,1.50933,1.51009,1.50749,1.50782,1458
2016.04.11 02:00,1.50781,1.50817,1.50603,1.50693,2092
2016.04.11 02:30,1.50691,1.50779,1.50660,1.50763,1913
2016.04.11 03:00,1.50765,1.50935,1.50714,1.50923,2823
2016.04.11 03:30,1.50920,1.51193,1.50904,1.51081,3453
2016.04.11 04:00,1.51078,1.51503,1.51019,1.51271,3806
2016.04.11 04:30,1.51318,1.51582,1.51158,1.51182,3904
2016.04.11 05:00,1.51183,1.51272,1.51007,1.51054,3301
2016.04.11 05:30,1.51053,1.51178,1.50719,1.50827,3545
2016.04.11 06:00,1.50826,1.50954,1.50760,1.50841,2610
2016.04.11 06:30,1.50839,1.51005,1.50752,1.50926,2349
2016.04.11 07:00,1.50929,1.50967,1.50794,1.50884,2099
2016.04.11 07:30,1.50883,1.50942,1.50796,1.50809,2052
2016.04.11 08:00,1.50807,1.50807,1.50583,1.50637,2703
2016.04.11 08:30,1.50639,1.51030,1.50634,1.50843,3129
2016.04.11 09:00,1.50842,1.51325,1.50832,1.51317,3940
2016.04.11 09:30,1.51319,1.51409,1.51009,1.51047,3900
2016.04.11 10:00,1.51045,1.51390,1.51018,1.51337,5767
2016.04.11 10:30,1.51338,1.51395,1.50664,1.50799,6809
2016.04.11 11:00,1.50799,1.50831,1.50569,1.50747,6599
2016.04.11 11:30,1.50748,1.50826,1.50508,1.50819,5247
2016.04.11 12:00,1.50821,1.50884,1.50666,1.50671,4405
2016.04.11 12:30,1.50669,1.50721,1.50500,1.50631,4736
2016.04.11 13:00,1.50632,1.50819,1.50580,1.50751,4694
2016.04.11 13:30,1.50749,1.50776,1.50426,1.50500,4518
2016.04.11 14:00,1.50500,1.50616,1.50416,1.50597,4328
2016.04.11 14:30,1.50599,1.50702,1.50490,1.50657,3744
2016.04.11 15:00,1.50659,1.50680,1.50531,1.50571,5137
2016.04.11 15:30,1.50570,1.50633,1.50148,1.50274,5246
2016.04.11 16:00,1.50275,1.50319,1.49946,1.50200,6296
2016.04.11 16:30,1.50200,1.50440,1.50021,1.50047,8606
2016.04.11 17:00,1.50053,1.50221,1.49982,1.50174,7051
2016.04.11 17:30,1.50173,1.50534,1.50114,1.50496,6981
2016.04.11 18:00,1.50490,1.50524,1.50107,1.50167,6439
2016.04.11 18:30,1.50166,1.50364,1.50134,1.50174,5651
2016.04.11 19:00,1.50172,1.50235,1.49928,1.50087,4563
2016.04.11 19:30,1.50087,1.50174,1.49972,1.49993,3616
2016.04.11 20:00,1.49993,1.50130,1.49990,1.50105,3091
2016.04.11 20:30,1.50104,1.50128,1.49996,1.50029,3425
2016.04.11 21:00,1.50026,1.50125,1.49888,1.49892,2715
2016.04.11 21:30,1.49894,1.49982,1.49884,1.49936,2333
2016.04.11 22:00,1.49938,1.50083,1.49917,1.50018,2431
2016.04.11 22:30,1.50017,1.50157,1.50001,1.50129,2391
2016.04.11 23:00,1.50128,1.50220,1.50104,1.50108,1766
2016.04.11 23:30,1.50108,1.50211,1.50066,1.50066,1267
2016.04.12 00:00,1.50015,1.50150,1.50014,1.50084,1239
2016.04.12 00:30,1.50084,1.50158,1.50046,1.50155,3294
2016.04.12 01:00,1.50147,1.50253,1.50137,1.50193,2753
2016.04.12 01:30,1.50193,1.50305,1.50183,1.50234,1604
2016.04.12 02:00,1.50230,1.50324,1.50217,1.50317,1910
2016.04.12 02:30,1.50316,1.50384,1.50223,1.50260,1488
2016.04.12 03:00,1.50259,1.50331,1.49967,1.50108,3338
2016.04.12 03:30,1.50106,1.50251,1.50061,1.50247,2762
2016.04.12 04:00,1.50246,1.50427,1.50218,1.50266,2829
2016.04.12 04:30,1.50266,1.50266,1.49626,1.49695,4225
2016.04.12 05:00,1.49694,1.49875,1.49573,1.49722,3037
2016.04.12 05:30,1.49723,1.49859,1.49693,1.49818,1857
2016.04.12 06:00,1.49819,1.49836,1.49363,1.49436,2092
2016.04.12 06:30,1.49435,1.49512,1.49346,1.49491,2718
2016.04.12 07:00,1.49488,1.49503,1.49158,1.49327,2873
2016.04.12 07:30,1.49325,1.49395,1.49276,1.49371,2376
2016.04.12 08:00,1.49373,1.49458,1.49330,1.49380,3039
2016.04.12 08:30,1.49378,1.49682,1.49308,1.49637,2862
2016.04.12 09:00,1.49638,1.49895,1.49626,1.49661,5055
2016.04.12 09:30,1.49662,1.49683,1.49438,1.49478,5368
2016.04.12 10:00,1.49477,1.49646,1.49256,1.49608,7010
2016.04.12 10:30,1.49612,1.49771,1.49455,1.49694,5580
2016.04.12 11:00,1.49699,1.49929,1.49614,1.49621,7990
2016.04.12 11:30,1.49619,1.49621,1.49182,1.49346,7155
2016.04.12 12:00,1.49346,1.49356,1.49104,1.49120,5504
2016.04.12 12:30,1.49121,1.49228,1.49092,1.49105,4578
2016.04.12 13:00,1.49106,1.49137,1.48901,1.49053,5050
2016.04.12 13:30,1.49053,1.49129,1.48887,1.48906,4037
2016.04.12 14:00,1.48906,1.49024,1.48804,1.48992,5425
2016.04.12 14:30,1.48991,1.48995,1.48817,1.48944,3801
2016.04.12 15:00,1.48942,1.49017,1.48692,1.48787,6719
2016.04.12 15:30,1.48785,1.48812,1.48540,1.48745,6125
2016.04.12 16:00,1.48746,1.48947,1.48731,1.48821,5807
2016.04.12 16:30,1.48822,1.49136,1.48780,1.49076,9218
2016.04.12 17:00,1.49071,1.49180,1.48695,1.49128,8710
2016.04.12 17:30,1.49126,1.49126,1.48737,1.49028,9020
2016.04.12 18:00,1.49028,1.49093,1.48519,1.48708,7837
2016.04.12 18:30,1.48706,1.48836,1.48588,1.48789,5480
2016.04.12 19:00,1.48789,1.48789,1.48514,1.48547,4403
2016.04.12 19:30,1.48547,1.48553,1.48429,1.48490,3706
2016.04.12 20:00,1.48490,1.48536,1.48450,1.48497,3733
2016.04.12 20:30,1.48499,1.48500,1.48214,1.48242,3819
2016.04.12 21:00,1.48242,1.48456,1.48241,1.48312,3653
2016.04.12 21:30,1.48311,1.48328,1.48162,1.48206,2679
2016.04.12 22:00,1.48207,1.48276,1.48194,1.48266,2086
2016.04.12 22:30,1.48265,1.48273,1.48162,1.48221,1970
2016.04.12 23:00,1.48220,1.48285,1.48081,1.48126,1728
2016.04.12 23:30,1.48127,1.48230,1.48081,1.48115,1982
2016.04.13 00:00,1.48114,1.48274,1.48069,1.48245,1703
2016.04.13 00:30,1.48248,1.48279,1.48116,1.48140,2248
2016.04.13 01:00,1.48141,1.48235,1.48108,1.48159,3475
2016.04.13 01:30,1.48159,1.48220,1.48142,1.48190,1416
2016.04.13 02:00,1.48190,1.48228,1.48125,1.48183,1719
2016.04.13 02:30,1.48184,1.48252,1.48106,1.48110,1452
2016.04.13 03:00,1.48110,1.48110,1.47961,1.48072,2599
2016.04.13 03:30,1.48073,1.48297,1.48044,1.48174,2792
2016.04.13 04:00,1.48173,1.48215,1.48015,1.48037,2681
2016.04.13 04:30,1.48034,1.48102,1.47918,1.47951,2936
2016.04.13 05:00,1.47949,1.47949,1.47353,1.47420,4545
2016.04.13 05:30,1.47423,1.47665,1.47402,1.47561,3149
2016.04.13 06:00,1.47560,1.47701,1.47496,1.47675,2608
2016.04.13 06:30,1.47675,1.47728,1.47628,1.47664,1683
2016.04.13 07:00,1.47666,1.47713,1.47574,1.47623,1455
2016.04.13 07:30,1.47622,1.47677,1.47516,1.47642,1684
2016.04.13 08:00,1.47644,1.47681,1.47559,1.47636,1828
2016.04.13 08:30,1.47635,1.48034,1.47562,1.48017,2903
2016.04.13 09:00,1.48015,1.48226,1.47849,1.48216,4933
2016.04.13 09:30,1.48220,1.48448,1.48144,1.48443,6615
2016.04.13 10:00,1.48442,1.48467,1.48045,1.48110,7527
2016.04.13 10:30,1.48108,1.48306,1.48062,1.48180,6791
2016.04.13 11:00,1.48179,1.48259,1.48059,1.48116,6103
2016.04.13 11:30,1.48117,1.48179,1.47839,1.47863,6633
2016.04.13 12:00,1.47862,1.47862,1.47359,1.47469,7119
2016.04.13 12:30,1.47468,1.47683,1.47412,1.47502,6070
2016.04.13 13:00,1.47502,1.47690,1.47420,1.47473,5654
2016.04.13 13:30,1.47473,1.47611,1.47457,1.47530,4943
2016.04.13 14:00,1.47532,1.47735,1.47427,1.47647,4457
2016.04.13 14:30,1.47646,1.47731,1.47521,1.47588,4899
2016.04.13 15:00,1.47586,1.47833,1.47585,1.47670,5827
2016.04.13 15:30,1.47675,1.48047,1.47656,1.47754,8278
2016.04.13 16:00,1.47755,1.47786,1.47372,1.47591,5618
2016.04.13 16:30,1.47596,1.47632,1.47432,1.47451,8187
2016.04.13 17:00,1.47452,1.47644,1.47266,1.47600,7607
2016.04.13 17:30,1.47599,1.47741,1.47482,1.47707,7958
2016.04.13 18:00,1.47707,1.47716,1.47442,1.47491,7057
2016.04.13 18:30,1.47493,1.47663,1.47368,1.47454,5666
2016.04.13 19:00,1.47453,1.47659,1.47343,1.47622,5229
2016.04.13 19:30,1.47622,1.47642,1.47432,1.47505,4142
2016.04.13 20:00,1.47505,1.47580,1.47464,1.47478,3360
2016.04.13 20:30,1.47477,1.47483,1.47267,1.47285,3329
2016.04.13 21:00,1.47285,1.47344,1.47206,1.47318,2988
2016.04.13 21:30,1.47317,1.47387,1.47259,1.47315,2004
2016.04.13 22:00,1.47317,1.47349,1.47215,1.47282,1809
2016.04.13 22:30,1.47283,1.47391,1.47226,1.47337,2339
2016.04.13 23:00,1.47334,1.47408,1.47260,1.47393,1793
2016.04.13 23:30,1.47392,1.47425,1.47236,1.47258,1432
2016.04.14 00:00,1.47262,1.47319,1.47229,1.47284,624
2016.04.14 00:30,1.47283,1.47348,1.47274,1.47327,1200
2016.04.14 01:00,1.47322,1.47354,1.47268,1.47275,2355
2016.04.14 01:30,1.47275,1.47284,1.47169,1.47188,2101
2016.04.14 02:00,1.47188,1.47233,1.47174,1.47183,1580
2016.04.14 02:30,1.47178,1.47268,1.47101,1.47238,1755
2016.04.14 03:00,1.47240,1.47477,1.47148,1.47476,3641
2016.04.14 03:30,1.47474,1.47722,1.47459,1.47555,3880
2016.04.14 04:00,1.47553,1.47658,1.47337,1.47341,3825
2016.04.14 04:30,1.47347,1.47738,1.46881,1.47646,6536
2016.04.14 05:00,1.47645,1.47671,1.47279,1.47303,3725
2016.04.14 05:30,1.47303,1.47377,1.47225,1.47329,2697
2016.04.14 06:00,1.47330,1.47492,1.47283,1.47409,2202
2016.04.14 06:30,1.47422,1.47443,1.47334,1.47372,2029
2016.04.14 07:00,1.47371,1.47384,1.47102,1.47131,2203
2016.04.14 07:30,1.47129,1.47207,1.47016,1.47141,1908
2016.04.14 08:00,1.47142,1.47150,1.47005,1.47066,2419
2016.04.14 08:30,1.47067,1.47243,1.47053,1.47120,2001
2016.04.14 09:00,1.47123,1.47247,1.46977,1.47247,4460
2016.04.14 09:30,1.47247,1.47284,1.47102,1.47140,5524
2016.04.14 10:00,1.47138,1.47207,1.47034,1.47057,7105
2016.04.14 10:30,1.47058,1.47077,1.46699,1.46798,6043
2016.04.14 11:00,1.46798,1.46819,1.46636,1.46752,5946
2016.04.14 11:30,1.46752,1.46859,1.46497,1.46583,5245
2016.04.14 12:00,1.46584,1.46746,1.46386,1.46417,5218
2016.04.14 12:30,1.46419,1.46463,1.46080,1.46343,5474
2016.04.14 13:00,1.46341,1.46374,1.46201,1.46229,5415
2016.04.14 13:30,1.46229,1.46300,1.46040,1.46133,4567
2016.04.14 14:00,1.46135,1.46346,1.45930,1.46031,5700
2016.04.14 14:30,1.46031,1.46226,1.45939,1.46162,4603
2016.04.14 15:00,1.46163,1.46228,1.46015,1.46169,5489
2016.04.14 15:30,1.46165,1.46265,1.45853,1.46164,9769
2016.04.14 16:00,1.46164,1.46336,1.46010,1.46021,6990
2016.04.14 16:30,1.46023,1.46264,1.46019,1.46199,7414
2016.04.14 17:00,1.46199,1.46254,1.46061,1.46117,5566
2016.04.14 17:30,1.46116,1.46246,1.46076,1.46156,6179
2016.04.14 18:00,1.46161,1.46226,1.46063,1.46180,6047
2016.04.14 18:30,1.46180,1.46210,1.46068,1.46190,4981
2016.04.14 19:00,1.46187,1.46232,1.46077,1.46078,3200
2016.04.14 19:30,1.46080,1.46235,1.46031,1.46181,3668
2016.04.14 20:00,1.46182,1.46283,1.46149,1.46267,3264
2016.04.14 20:30,1.46264,1.46264,1.46144,1.46200,2548
2016.04.14 21:00,1.46196,1.46226,1.46096,1.46215,1700
2016.04.14 21:30,1.46221,1.46345,1.46215,1.46250,1960
2016.04.14 22:00,1.46248,1.46343,1.46157,1.46324,1990
2016.04.14 22:30,1.46325,1.46326,1.46250,1.46282,1922
2016.04.14 23:00,1.46284,1.46397,1.46238,1.46326,1884
2016.04.14 23:30,1.46324,1.46449,1.46316,1.46316,2107
2016.04.15 00:00,1.46316,1.46436,1.46272,1.46421,1392
2016.04.15 00:30,1.46417,1.46466,1.46367,1.46378,1040
2016.04.15 01:00,1.46381,1.46467,1.46374,1.46385,3064
2016.04.15 01:30,1.46385,1.46411,1.46320,1.46328,1423
2016.04.15 02:00,1.46325,1.46394,1.46302,1.46368,1800
2016.04.15 02:30,1.46372,1.46486,1.46343,1.46463,1558
2016.04.15 03:00,1.46466,1.46537,1.46357,1.46384,3040
2016.04.15 03:30,1.46383,1.46457,1.46307,1.46321,3390
2016.04.15 04:00,1.46320,1.46343,1.46058,1.46143,2440
2016.04.15 04:30,1.46144,1.46249,1.45852,1.45865,2538
2016.04.15 05:00,1.45853,1.46132,1.45670,1.45942,3942
2016.04.15 05:30,1.45944,1.46096,1.45864,1.46003,2498
2016.04.15 06:00,1.46000,1.46294,1.45974,1.46254,2066
2016.04.15 06:30,1.46255,1.46407,1.46249,1.46343,1528
2016.04.15 07:00,1.46342,1.46348,1.46234,1.46276,1213
2016.04.15 07:30,1.46278,1.46284,1.45938,1.46023,1983
2016.04.15 08:00,1.46022,1.46091,1.45956,1.45980,2009
2016.04.15 08:30,1.45981,1.46027,1.45866,1.45991,2631
2016.04.15 09:00,1.45990,1.46087,1.45691,1.45738,5000
2016.04.15 09:30,1.45739,1.45926,1.45731,1.45811,4414
2016.04.15 10:00,1.45812,1.46027,1.45719,1.45725,6463
2016.04.15 10:30,1.45728,1.46003,1.45600,1.45820,6069
2016.04.15 11:00,1.45819,1.45989,1.45806,1.45960,5014
2016.04.15 11:30,1.45960,1.46146,1.45883,1.45899,5349
2016.04.15 12:00,1.45902,1.45981,1.45702,1.45817,4751
2016.04.15 12:30,1.45816,1.45872,1.45694,1.45852,4074
2016.04.15 13:00,1.45852,1.46034,1.45811,1.45989,4979
2016.04.15 13:30,1.45991,1.46149,1.45986,1.46079,4050
2016.04.15 14:00,1.46080,1.46301,1.46072,1.46219,4908
2016.04.15 14:30,1.46219,1.46357,1.46123,1.46294,4540
2016.04.15 15:00,1.46293,1.46662,1.46260,1.46475,6499
2016.04.15 15:30,1.46481,1.46698,1.46430,1.46572,6155
2016.04.15 16:00,1.46573,1.46629,1.46400,1.46470,6148
2016.04.15 16:30,1.46478,1.46908,1.46409,1.46814,7375
2016.04.15 17:00,1.46809,1.47009,1.46778,1.46878,9330
2016.04.15 17:30,1.46878,1.46915,1.46602,1.46602,5900
2016.04.15 18:00,1.46604,1.46700,1.46408,1.46462,6220
2016.04.15 18:30,1.46462,1.46567,1.46248,1.46352,5283
2016.04.15 19:00,1.46351,1.46472,1.46239,1.46247,3738
2016.04.15 19:30,1.46255,1.46395,1.46227,1.46237,4305
2016.04.15 20:00,1.46242,1.46352,1.46201,1.46288,4311
2016.04.15 20:30,1.46288,1.46372,1.46193,1.46222,3313
2016.04.15 21:00,1.46219,1.46279,1.46181,1.46195,3151
2016.04.15 21:30,1.46196,1.46237,1.46164,1.46171,1644
2016.04.15 22:00,1.46172,1.46242,1.46157,1.46193,1770
2016.04.15 22:30,1.46194,1.46238,1.46148,1.46213,1905
2016.04.15 23:00,1.46212,1.46264,1.46087,1.46112,1358
2016.04.15 23:30,1.46108,1.46162,1.45834,1.46030,1401
2016.04.18 00:00,1.47521,1.47587,1.47162,1.47252,658
2016.04.18 00:30,1.47248,1.47423,1.47248,1.47354,848
2016.04.18 01:00,1.47349,1.47487,1.47240,1.47298,2657
2016.04.18 01:30,1.47296,1.47461,1.47128,1.47350,3366
2016.04.18 02:00,1.47352,1.47376,1.47178,1.47337,2800
2016.04.18 02:30,1.47338,1.48016,1.47309,1.47767,4102
2016.04.18 03:00,1.47772,1.47935,1.47696,1.47716,4404
2016.04.18 03:30,1.47717,1.47818,1.47438,1.47601,4112
2016.04.18 04:00,1.47600,1.47600,1.47093,1.47283,4438
2016.04.18 04:30,1.47282,1.47390,1.47203,1.47319,3523
2016.04.18 05:00,1.47317,1.47437,1.47084,1.47232,4354
2016.04.18 05:30,1.47234,1.47387,1.46965,1.47104,3482
2016.04.18 06:00,1.47105,1.47164,1.47021,1.47068,2457
2016.04.18 06:30,1.47067,1.47113,1.46964,1.46983,2175
2016.04.18 07:00,1.46984,1.47216,1.46983,1.47122,2031
2016.04.18 07:30,1.47121,1.47186,1.47034,1.47054,2165
2016.04.18 08:00,1.47055,1.47177,1.47038,1.47150,2014
2016.04.18 08:30,1.47152,1.47189,1.47049,1.47153,2593
2016.04.18 09:00,1.47154,1.47390,1.47154,1.47242,5522
2016.04.18 09:30,1.47244,1.47628,1.47165,1.47574,6687
2016.04.18 10:00,1.47574,1.47758,1.47297,1.47424,8192
2016.04.18 10:30,1.47425,1.47445,1.46865,1.47008,7814
2016.04.18 11:00,1.47005,1.47075,1.46798,1.47075,6477
2016.04.18 11:30,1.47076,1.47156,1.46660,1.46896,7118
2016.04.18 12:00,1.46896,1.46908,1.46708,1.46874,6469
2016.04.18 12:30,1.46874,1.46901,1.46620,1.46665,5458
2016.04.18 13:00,1.46663,1.46688,1.46430,1.46467,6331
2016.04.18 13:30,1.46463,1.46699,1.46427,1.46697,4345
2016.04.18 14:00,1.46700,1.46813,1.46546,1.46667,4630
2016.04.18 14:30,1.46668,1.46718,1.46556,1.46696,4938
2016.04.18 15:00,1.46695,1.46889,1.46483,1.46571,7314
2016.04.18 15:30,1.46570,1.46681,1.46254,1.46473,7977
2016.04.18 16:00,1.46474,1.46683,1.46403,1.46540,6697
2016.04.18 16:30,1.46540,1.46632,1.46366,1.46509,9648
2016.04.18 17:00,1.46508,1.46543,1.46207,1.46411,9205
2016.04.18 17:30,1.46411,1.46504,1.46110,1.46187,7691
2016.04.18 18:00,1.46186,1.46290,1.45829,1.45973,6898
2016.04.18 18:30,1.45975,1.46156,1.45900,1.46152,5743
2016.04.18 19:00,1.46152,1.46176,1.45932,1.46018,4142
2016.04.18 19:30,1.46017,1.46072,1.45954,1.46012,4689
2016.04.18 20:00,1.46014,1.46129,1.45990,1.46047,3720
2016.04.18 20:30,1.46048,1.46146,1.46012,1.46098,3445
2016.04.18 21:00,1.46096,1.46161,1.46091,1.46124,2276
2016.04.18 21:30,1.46125,1.46162,1.45986,1.46048,2081
2016.04.18 22:00,1.46049,1.46087,1.45999,1.46011,1492
2016.04.18 22:30,1.46008,1.46016,1.45890,1.45897,1871
2016.04.18 23:00,1.45898,1.46077,1.45898,1.46068,1102
2016.04.18 23:30,1.46069,1.46069,1.45901,1.45905,1064
2016.04.19 00:00,1.45905,1.45989,1.45835,1.45974,670
2016.04.19 00:30,1.45974,1.46007,1.45901,1.45932,1070
2016.04.19 01:00,1.45933,1.45974,1.45866,1.45946,1971
2016.04.19 01:30,1.45946,1.45967,1.45792,1.45845,1136
2016.04.19 02:00,1.45852,1.45873,1.45663,1.45795,1571
2016.04.19 02:30,1.45794,1.45812,1.45407,1.45525,2868
2016.04.19 03:00,1.45526,1.45649,1.45357,1.45641,3600
2016.04.19 03:30,1.45642,1.45667,1.45487,1.45553,2456
2016.04.19 04:00,1.45557,1.45586,1.45391,1.45553,2945
2016.04.19 04:30,1.45553,1.45733,1.45383,1.45662,3480
2016.04.19 05:00,1.45661,1.45751,1.45625,1.45703,2164
2016.04.19 05:30,1.45701,1.45744,1.45565,1.45583,2302
2016.04.19 06:00,1.45584,1.45716,1.45579,1.45694,1700
2016.04.19 06:30,1.45693,1.45721,1.45464,1.45509,1992
2016.04.19 07:00,1.45510,1.45643,1.45453,1.45549,1842
2016.04.19 07:30,1.45550,1.45625,1.45540,1.45578,1392
2016.04.19 08:00,1.45580,1.45603,1.45420,1.45523,2113
2016.04.19 08:30,1.45524,1.45562,1.45366,1.45405,2632
2016.04.19 09:00,1.45403,1.45501,1.45290,1.45424,6238
2016.04.19 09:30,1.45424,1.45505,1.45296,1.45420,6451
2016.04.19 10:00,1.45417,1.45605,1.45300,1.45547,7079
2016.04.19 10:30,1.45545,1.45578,1.45337,1.45411,5866
2016.04.19 11:00,1.45409,1.45665,1.45347,1.45578,6354
2016.04.19 11:30,1.45578,1.45794,1.45525,1.45777,5660
2016.04.19 12:00,1.45777,1.45999,1.45585,1.45981,5914
2016.04.19 12:30,1.45983,1.46023,1.45546,1.45553,5357
2016.04.19 13:00,1.45550,1.45636,1.45398,1.45440,5525
2016.04.19 13:30,1.45438,1.45531,1.45352,1.45471,5070
2016.04.19 14:00,1.45471,1.45473,1.45266,1.45426,5178
2016.04.19 14:30,1.45423,1.45560,1.45320,1.45543,5519
2016.04.19 15:00,1.45543,1.45546,1.45305,1.45395,6224
2016.04.19 15:30,1.45403,1.45693,1.45401,1.45556,8038
2016.04.19 16:00,1.45556,1.45855,1.45508,1.45776,7507
2016.04.19 16:30,1.45774,1.45783,1.45535,1.45583,10444
2016.04.19 17:00,1.45584,1.45722,1.45523,1.45609,9140
2016.04.19 17:30,1.45607,1.45735,1.45516,1.45620,6978
2016.04.19 18:00,1.45618,1.45688,1.45490,1.45675,6949
2016.04.19 18:30,1.45676,1.45736,1.45513,1.45726,5167
2016.04.19 19:00,1.45723,1.45883,1.45633,1.45787,4243
2016.04.19 19:30,1.45788,1.45900,1.45785,1.45816,3044
2016.04.19 20:00,1.45818,1.45835,1.45676,1.45740,3308
2016.04.19 20:30,1.45741,1.45789,1.45553,1.45556,2789
2016.04.19 21:00,1.45554,1.45611,1.45497,1.45541,2252
2016.04.19 21:30,1.45540,1.45610,1.45446,1.45459,1840
2016.04.19 22:00,1.45460,1.45494,1.45360,1.45424,1717
2016.04.19 22:30,1.45421,1.45461,1.45280,1.45302,2212
2016.04.19 23:00,1.45301,1.45344,1.45232,1.45256,1445
2016.04.19 23:30,1.45255,1.45352,1.45225,1.45320,1318
2016.04.20 00:00,1.45321,1.45387,1.45299,1.45347,768
2016.04.20 00:30,1.45344,1.45376,1.45279,1.45286,1704
2016.04.20 01:00,1.45301,1.45463,1.45275,1.45436,2021
2016.04.20 01:30,1.45436,1.45508,1.45404,1.45476,1759
2016.04.20 02:00,1.45478,1.45545,1.45448,1.45513,1071
2016.04.20 02:30,1.45514,1.45671,1.45483,1.45650,1443
2016.04.20 03:00,1.45650,1.45750,1.45472,1.45739,2996
2016.04.20 03:30,1.45741,1.45845,1.45665,1.45694,2225
2016.04.20 04:00,1.45696,1.45946,1.45664,1.45859,2758
2016.04.20 04:30,1.45859,1.45931,1.45789,1.45894,2026
2016.04.20 05:00,1.45893,1.45993,1.45843,1.45885,2188
2016.04.20 05:30,1.45886,1.45947,1.45796,1.45894,1676
2016.04.20 06:00,1.45897,1.46048,1.45802,1.46036,2181
2016.04.20 06:30,1.46035,1.46177,1.45975,1.46058,2393
2016.04.20 07:00,1.46057,1.46070,1.45911,1.45979,1668
2016.04.20 07:30,1.45977,1.46092,1.45915,1.45949,2115
2016.04.20 08:00,1.45950,1.46088,1.45950,1.46048,2334
2016.04.20 08:30,1.46049,1.46212,1.45988,1.46088,2553
2016.04.20 09:00,1.46095,1.46163,1.45956,1.45963,4909
2016.04.20 09:30,1.45963,1.46047,1.45787,1.45860,4518
2016.04.20 10:00,1.45860,1.45882,1.45635,1.45737,6342
2016.04.20 10:30,1.45736,1.45890,1.45688,1.45768,5660
2016.04.20 11:00,1.45767,1.45767,1.45411,1.45494,5612
2016.04.20 11:30,1.45493,1.45570,1.45239,1.45441,5834
2016.04.20 12:00,1.45438,1.45497,1.45280,1.45476,4648
2016.04.20 12:30,1.45477,1.45516,1.45348,1.45382,5103
2016.04.20 13:00,1.45384,1.45546,1.45381,1.45434,4176
2016.04.20 13:30,1.45436,1.45601,1.45406,1.45525,4474
2016.04.20 14:00,1.45527,1.45527,1.45341,1.45411,4373
2016.04.20 14:30,1.45409,1.45514,1.45314,1.45512,4695
2016.04.20 15:00,1.45513,1.45644,1.45423,1.45513,5755
2016.04.20 15:30,1.45516,1.45626,1.45463,1.45488,5219
2016.04.20 16:00,1.45487,1.45608,1.45446,1.45542,6691
2016.04.20 16:30,1.45543,1.45565,1.45136,1.45250,8465
2016.04.20 17:00,1.45250,1.45374,1.45129,1.45222,8243
2016.04.20 17:30,1.45222,1.45241,1.44981,1.45083,8855
2016.04.20 18:00,1.45083,1.45184,1.44797,1.44847,8475
2016.04.20 18:30,1.44845,1.44951,1.44699,1.44918,7017
2016.04.20 19:00,1.44919,1.45030,1.44898,1.44960,4888
2016.04.20 19:30,1.44960,1.45030,1.44896,1.45022,3995
2016.04.20 20:00,1.45020,1.45020,1.44803,1.44813,4369
2016.04.20 20:30,1.44816,1.44868,1.44660,1.44814,5083
2016.04.20 21:00,1.44813,1.44813,1.44641,1.44743,2862
2016.04.20 21:30,1.44741,1.44868,1.44707,1.44865,2830
2016.04.20 22:00,1.44873,1.44944,1.44732,1.44898,2993
2016.04.20 22:30,1.44897,1.44959,1.44860,1.44913,2317
2016.04.20 23:00,1.44911,1.45004,1.44886,1.44921,1480
2016.04.20 23:30,1.44923,1.45018,1.44869,1.44869,1411
2016.04.21 00:00,1.44854,1.44929,1.44800,1.44838,730
2016.04.21 00:30,1.44849,1.45011,1.44828,1.44961,1612
2016.04.21 01:00,1.44964,1.45028,1.44909,1.44926,1614
2016.04.21 01:30,1.44927,1.44973,1.44892,1.44944,1040
2016.04.21 02:00,1.44945,1.44953,1.44828,1.44869,1319
2016.04.21 02:30,1.44868,1.44893,1.44769,1.44874,1741
2016.04.21 03:00,1.44875,1.45115,1.44777,1.44983,2870
2016.04.21 03:30,1.44985,1.45030,1.44853,1.44953,2634
2016.04.21 04:00,1.44953,1.44958,1.44773,1.44905,2734
2016.04.21 04:30,1.44904,1.45046,1.44668,1.44764,3867
2016.04.21 05:00,1.44765,1.44939,1.44763,1.44889,2586
2016.04.21 05:30,1.44888,1.44943,1.44809,1.44848,2084
2016.04.21 06:00,1.44847,1.44863,1.44570,1.44572,2129
2016.04.21 06:30,1.44571,1.44673,1.44490,1.44579,1908
2016.04.21 07:00,1.44577,1.44663,1.44548,1.44592,1474
2016.04.21 07:30,1.44591,1.44669,1.44555,1.44655,1597
2016.04.21 08:00,1.44654,1.44778,1.44634,1.44728,1899
2016.04.21 08:30,1.44726,1.44732,1.44503,1.44584,2681
2016.04.21 09:00,1.44581,1.44734,1.44521,1.44581,4992
2016.04.21 09:30,1.44585,1.44745,1.44547,1.44686,5972
2016.04.21 10:00,1.44685,1.44739,1.44509,1.44604,6268
2016.04.21 10:30,1.44605,1.44647,1.44350,1.44534,6225
2016.04.21 11:00,1.44531,1.44594,1.44331,1.44389,6441
2016.04.21 11:30,1.44390,1.44620,1.44387,1.44597,5614
2016.04.21 12:00,1.44599,1.44737,1.44478,1.44618,5116
2016.04.21 12:30,1.44618,1.44727,1.44562,1.44710,4782
2016.04.21 13:00,1.44708,1.44728,1.44606,1.44629,4722
2016.04.21 13:30,1.44629,1.44826,1.44592,1.44809,4778
2016.04.21 14:00,1.44812,1.45066,1.44723,1.44978,5525
2016.04.21 14:30,1.44978,1.45129,1.44860,1.45031,6099
2016.04.21 15:00,1.45033,1.45262,1.44874,1.44889,8337
2016.04.21 15:30,1.44876,1.45484,1.44721,1.45396,12046
2016.04.21 16:00,1.45396,1.45839,1.45390,1.45803,10919
2016.04.21 16:30,1.45803,1.45904,1.45329,1.45475,11942
2016.04.21 17:00,1.45472,1.45512,1.45185,1.45388,9225
2016.04.21 17:30,1.45387,1.45440,1.45057,1.45283,9185
2016.04.21 18:00,1.45279,1.45507,1.45242,1.45438,7615
2016.04.21 18:30,1.45436,1.45706,1.45424,1.45664,5683
2016.04.21 19:00,1.45666,1.45769,1.45508,1.45555,4555
2016.04.21 19:30,1.45563,1.45810,1.45532,1.45668,3918
2016.04.21 20:00,1.45668,1.45974,1.45657,1.45852,3781
2016.04.21 20:30,1.45849,1.45982,1.45846,1.45881,3160
2016.04.21 21:00,1.45880,1.45979,1.45865,1.45937,2976
2016.04.21 21:30,1.45932,1.45962,1.45812,1.45816,2239
2016.04.21 22:00,1.45817,1.45955,1.45789,1.45922,2026
2016.04.21 22:30,1.45923,1.45944,1.45797,1.45810,1537
2016.04.21 23:00,1.45811,1.45869,1.45768,1.45843,1398
2016.04.21 23:30,1.45844,1.45906,1.45813,1.45832,1137
2016.04.22 00:00,1.45832,1.45913,1.45737,1.45799,883
2016.04.22 00:30,1.45805,1.45865,1.45764,1.45783,1033
2016.04.22 01:00,1.45785,1.45900,1.45782,1.45876,1375
2016.04.22 01:30,1.45869,1.45904,1.45792,1.45795,836
2016.04.22 02:00,1.45794,1.45823,1.45682,1.45771,1151
2016.04.22 02:30,1.45771,1.45835,1.45629,1.45765,1574
2016.04.22 03:00,1.45766,1.45824,1.45568,1.45598,2888
2016.04.22 03:30,1.45598,1.45692,1.45379,1.45534,2654
2016.04.22 04:00,1.45535,1.45678,1.45506,1.45644,2185
2016.04.22 04:30,1.45643,1.45643,1.45471,1.45526,2577
2016.04.22 05:00,1.45529,1.45669,1.45422,1.45473,2366
2016.04.22 05:30,1.45472,1.45738,1.45433,1.45630,2340
2016.04.22 06:00,1.45631,1.45763,1.45629,1.45762,1768
2016.04.22 06:30,1.45757,1.45918,1.45696,1.45903,1623
2016.04.22 07:00,1.45904,1.45910,1.45765,1.45820,1458
2016.04.22 07:30,1.45819,1.45931,1.45716,1.45812,3759
2016.04.22 08:00,1.45813,1.45828,1.45716,1.45757,2353
2016.04.22 08:30,1.45756,1.45801,1.45507,1.45527,2795
2016.04.22 09:00,1.45528,1.45621,1.45414,1.45599,4732
2016.04.22 09:30,1.45599,1.45727,1.45543,1.45697,5425
2016.04.22 10:00,1.45698,1.45843,1.45563,1.45718,6925
2016.04.22 10:30,1.45711,1.45906,1.45586,1.45731,6874
2016.04.22 11:00,1.45730,1.45740,1.45407,1.45604,5475
2016.04.22 11:30,1.45604,1.45673,1.45510,1.45578,4758
2016.04.22 12:00,1.45579,1.45664,1.45478,1.45505,4775
2016.04.22 12:30,1.45506,1.45726,1.45462,1.45681,4270
2016.04.22 13:00,1.45678,1.45678,1.45356,1.45447,4720
2016.04.22 13:30,1.45447,1.45567,1.45332,1.45402,5745
2016.04.22 14:00,1.45402,1.45581,1.45354,1.45491,5237
2016.04.22 14:30,1.45491,1.45609,1.45434,1.45470,4727
2016.04.22 15:00,1.45472,1.45768,1.45347,1.45643,6468
2016.04.22 15:30,1.45641,1.45789,1.45438,1.45746,7669
2016.04.22 16:00,1.45744,1.45762,1.45348,1.45473,8074
2016.04.22 16:30,1.45473,1.45508,1.45268,1.45295,8810
2016.04.22 17:00,1.45296,1.45385,1.45101,1.45233,8821
2016.04.22 17:30,1.45230,1.45660,1.45195,1.45483,8338
2016.04.22 18:00,1.45482,1.45832,1.45383,1.45756,7861
2016.04.22 18:30,1.45756,1.45805,1.45610,1.45707,5668
2016.04.22 19:00,1.45707,1.45878,1.45659,1.45767,5663
2016.04.22 19:30,1.45767,1.45815,1.45644,1.45759,4417
2016.04.22 20:00,1.45754,1.45758,1.45623,1.45717,4110
2016.04.22 20:30,1.45717,1.45794,1.45517,1.45540,3301
2016.04.22 21:00,1.45538,1.45632,1.45498,1.45610,2664
2016.04.22 21:30,1.45609,1.45702,1.45548,1.45645,2360
2016.04.22 22:00,1.45644,1.45706,1.45562,1.45645,2057
2016.04.22 22:30,1.45641,1.45641,1.45476,1.45489,1880
2016.04.22 23:00,1.45490,1.45609,1.45466,1.45570,1102
2016.04.22 23:30,1.45570,1.45685,1.45398,1.45400,1341
2016.04.25 00:00,1.45663,1.45758,1.45439,1.45487,554
2016.04.25 00:30,1.45486,1.45672,1.45482,1.45565,503
2016.04.25 01:00,1.45565,1.45768,1.45545,1.45719,3546
2016.04.25 01:30,1.45717,1.45752,1.45635,1.45659,1844
2016.04.25 02:00,1.45659,1.45750,1.45659,1.45671,1429
2016.04.25 02:30,1.45668,1.45731,1.45600,1.45656,1650
2016.04.25 03:00,1.45656,1.46000,1.45644,1.45793,3400
2016.04.25 03:30,1.45794,1.45917,1.45766,1.45885,2677
2016.04.25 04:00,1.45886,1.45954,1.45789,1.45846,2472
2016.04.25 04:30,1.45847,1.46094,1.45745,1.46069,2993
2016.04.25 05:00,1.46068,1.46073,1.45831,1.45967,2563
2016.04.25 05:30,1.45965,1.46014,1.45874,1.45974,2453
2016.04.25 06:00,1.45971,1.46059,1.45929,1.45970,2135
2016.04.25 06:30,1.45971,1.46011,1.45902,1.45926,1597
2016.04.25 07:00,1.45925,1.46037,1.45922,1.46027,1325
2016.04.25 07:30,1.46026,1.46079,1.45955,1.45978,1502
2016.04.25 08:00,1.45977,1.45985,1.45901,1.45943,1939
2016.04.25 08:30,1.45944,1.45950,1.45721,1.45725,2565
2016.04.25 09:00,1.45739,1.45887,1.45535,1.45554,3820
2016.04.25 09:30,1.45554,1.45654,1.45498,1.45600,4787
2016.04.25 10:00,1.45599,1.45990,1.45539,1.45958,6206
2016.04.25 10:30,1.45958,1.46067,1.45874,1.45939,4926
2016.04.25 11:00,1.45944,1.46059,1.45776,1.45811,5460
2016.04.25 11:30,1.45812,1.46027,1.45795,1.46003,5025
2016.04.25 12:00,1.46006,1.46218,1.45987,1.46051,4579
2016.04.25 12:30,1.46049,1.46069,1.45905,1.45973,4251
2016.04.25 13:00,1.45972,1.46023,1.45896,1.45932,4757
2016.04.25 13:30,1.45931,1.45932,1.45720,1.45876,4086
2016.04.25 14:00,1.45876,1.45923,1.45802,1.45859,4401
2016.04.25 14:30,1.45857,1.45857,1.45687,1.45737,4218
2016.04.25 15:00,1.45734,1.45945,1.45679,1.45903,5866
2016.04.25 15:30,1.45906,1.45925,1.45659,1.45735,5390
2016.04.25 16:00,1.45736,1.45951,1.45662,1.45766,6210
2016.04.25 16:30,1.45765,1.45905,1.45693,1.45840,7340
2016.04.25 17:00,1.45834,1.46017,1.45809,1.45874,6921
2016.04.25 17:30,1.45873,1.45941,1.45746,1.45800,6416
2016.04.25 18:00,1.45802,1.46046,1.45802,1.45986,6331
2016.04.25 18:30,1.45985,1.46085,1.45949,1.46064,4036
2016.04.25 19:00,1.46065,1.46143,1.46024,1.46105,3966
2016.04.25 19:30,1.46102,1.46132,1.45972,1.46017,3326
2016.04.25 20:00,1.46017,1.46162,1.46017,1.46085,3622
2016.04.25 20:30,1.46084,1.46195,1.46067,1.46104,2660
2016.04.25 21:00,1.46102,1.46148,1.45999,1.46138,2406
2016.04.25 21:30,1.46139,1.46152,1.46045,1.46067,1638
2016.04.25 22:00,1.46065,1.46205,1.46061,1.46139,1570
2016.04.25 22:30,1.46142,1.46151,1.46042,1.46076,1331
2016.04.25 23:00,1.46077,1.46090,1.45969,1.45993,1176
2016.04.25 23:30,1.45994,1.46081,1.45975,1.45997,1386
2016.04.26 00:00,1.45952,1.46081,1.45948,1.46014,899
2016.04.26 00:30,1.46014,1.46093,1.45983,1.46045,1203
2016.04.26 01:00,1.46045,1.46073,1.45982,1.46045,1149
2016.04.26 01:30,1.46042,1.46077,1.45998,1.46024,1308
2016.04.26 02:00,1.46025,1.46042,1.45926,1.45967,1173
2016.04.26 02:30,1.45968,1.46027,1.45922,1.46023,1414
2016.04.26 03:00,1.46019,1.46080,1.45926,1.46032,2300
2016.04.26 03:30,1.46031,1.46093,1.45959,1.46035,2301
2016.04.26 04:00,1.46037,1.46050,1.45870,1.45975,2453
2016.04.26 04:30,1.45974,1.46061,1.45915,1.46026,2253
2016.04.26 05:00,1.46027,1.46095,1.45922,1.45924,2558
2016.04.26 05:30,1.45925,1.46033,1.45910,1.46032,2335
2016.04.26 06:00,1.46033,1.46117,1.46005,1.46078,2127
2016.04.26 06:30,1.46079,1.46229,1.46068,1.46181,2269
2016.04.26 07:00,1.46183,1.46184,1.46033,1.46043,1625
2016.04.26 07:30,1.46045,1.46058,1.45948,1.46052,1989
2016.04.26 08:00,1.46053,1.46109,1.46008,1.46050,2076
2016.04.26 08:30,1.46050,1.46161,1.46010,1.46123,2011
2016.04.26 09:00,1.46124,1.46159,1.45987,1.46132,4139
2016.04.26 09:30,1.46132,1.46305,1.46062,1.46257,4769
2016.04.26 10:00,1.46257,1.46258,1.45998,1.46041,6722
2016.04.26 10:30,1.46040,1.46041,1.45540,1.45749,6927
2016.04.26 11:00,1.45750,1.45862,1.45697,1.45824,5918
2016.04.26 11:30,1.45827,1.46005,1.45755,1.45894,6054
2016.04.26 12:00,1.45895,1.45968,1.45659,1.45666,5558
2016.04.26 12:30,1.45666,1.45897,1.45582,1.45857,4719
2016.04.26 13:00,1.45857,1.45956,1.45766,1.45818,4256
2016.04.26 13:30,1.45817,1.45891,1.45737,1.45813,4071
2016.04.26 14:00,1.45814,1.45919,1.45766,1.45860,4163
2016.04.26 14:30,1.45855,1.45985,1.45841,1.45920,4838
2016.04.26 15:00,1.45920,1.46037,1.45871,1.45914,5714
2016.04.26 15:30,1.45885,1.46186,1.45885,1.46101,8354
2016.04.26 16:00,1.46097,1.46139,1.45872,1.46025,8460
2016.04.26 16:30,1.46025,1.46155,1.45987,1.46022,6796
2016.04.26 17:00,1.46025,1.46345,1.45974,1.46292,7892
2016.04.26 17:30,1.46294,1.46354,1.45998,1.46008,7207
2016.04.26 18:00,1.46010,1.46172,1.46006,1.46112,6644
2016.04.26 18:30,1.46114,1.46212,1.46078,1.46186,4937
2016.04.26 19:00,1.46182,1.46195,1.46032,1.46084,4175
2016.04.26 19:30,1.46084,1.46124,1.45988,1.45993,3808
2016.04.26 20:00,1.45992,1.46011,1.45798,1.45799,3820
2016.04.26 20:30,1.45800,1.45857,1.45773,1.45822,2251
2016.04.26 21:00,1.45821,1.45836,1.45738,1.45832,2284
2016.04.26 21:30,1.45831,1.45890,1.45792,1.45881,2093
2016.04.26 22:00,1.45880,1.45915,1.45751,1.45772,1722
2016.04.26 22:30,1.45773,1.45877,1.45706,1.45868,1957
2016.04.26 23:00,1.45867,1.45896,1.45735,1.45798,1515
2016.04.26 23:30,1.45801,1.45837,1.45718,1.45735,2323
2016.04.27 00:00,1.45731,1.45840,1.45664,1.45812,624
2016.04.27 00:30,1.45804,1.45831,1.45690,1.45821,724
2016.04.27 01:00,1.45813,1.45855,1.45759,1.45852,2170
2016.04.27 01:30,1.45852,1.45867,1.45801,1.45856,1030
2016.04.27 02:00,1.45855,1.45859,1.45760,1.45772,882
2016.04.27 02:30,1.45772,1.45861,1.45770,1.45814,1581
2016.04.27 03:00,1.45816,1.45920,1.45779,1.45886,2381
2016.04.27 03:30,1.45885,1.45890,1.45713,1.45795,2282
2016.04.27 04:00,1.45796,1.45850,1.45576,1.45580,2631
2016.04.27 04:30,1.45580,1.47565,1.45580,1.47480,7332
2016.04.27 05:00,1.47479,1.47772,1.47462,1.47570,4644
2016.04.27 05:30,1.47568,1.47616,1.47426,1.47543,2656
2016.04.27 06:00,1.47542,1.48014,1.47536,1.47971,3385
2016.04.27 06:30,1.47977,1.48124,1.47929,1.47970,2748
2016.04.27 07:00,1.47971,1.48074,1.47860,1.48071,2738
2016.04.27 07:30,1.48070,1.48156,1.47937,1.47991,2235
2016.04.27 08:00,1.47990,1.48144,1.47976,1.48090,2152
2016.04.27 08:30,1.48092,1.48127,1.47891,1.48076,3029
2016.04.27 09:00,1.48075,1.48473,1.48049,1.48376,5764
2016.04.27 09:30,1.48376,1.48788,1.48375,1.48776,4988
2016.04.27 10:00,1.48772,1.48821,1.48575,1.48700,5486
2016.04.27 10:30,1.48706,1.48785,1.48593,1.48652,4300
2016.04.27 11:00,1.48650,1.48773,1.48383,1.48513,5304
2016.04.27 11:30,1.48514,1.48612,1.48294,1.48459,5376
2016.04.27 12:00,1.48459,1.48547,1.48372,1.48507,4944
2016.04.27 12:30,1.48503,1.48659,1.48482,1.48615,4546
2016.04.27 13:00,1.48611,1.48814,1.48580,1.48786,4858
2016.04.27 13:30,1.48787,1.48842,1.48596,1.48647,3548
2016.04.27 14:00,1.48647,1.48738,1.48603,1.48668,3549
2016.04.27 14:30,1.48668,1.48881,1.48663,1.48720,4600
2016.04.27 15:00,1.48720,1.48941,1.48659,1.48825,6581
2016.04.27 15:30,1.48824,1.48892,1.48636,1.48668,4716
2016.04.27 16:00,1.48669,1.49001,1.48645,1.48905,5695
2016.04.27 16:30,1.48908,1.49040,1.48835,1.48973,6666
2016.04.27 17:00,1.48980,1.49148,1.48907,1.49077,5921
2016.04.27 17:30,1.49076,1.49345,1.49075,1.49205,8175
2016.04.27 18:00,1.49206,1.49307,1.49123,1.49177,6975
2016.04.27 18:30,1.49179,1.49181,1.48993,1.49091,5182
2016.04.27 19:00,1.49089,1.49179,1.49077,1.49081,3576
2016.04.27 19:30,1.49082,1.49171,1.49043,1.49095,3429
2016.04.27 20:00,1.49097,1.49358,1.49069,1.49069,4429
2016.04.27 20:30,1.49069,1.49224,1.48925,1.48934,4544
2016.04.27 21:00,1.48913,1.49366,1.48816,1.49176,12982
2016.04.27 21:30,1.49163,1.49501,1.49123,1.49482,6832
2016.04.27 22:00,1.49484,1.49484,1.49147,1.49279,4266
2016.04.27 22:30,1.49281,1.49373,1.49251,1.49291,2672
2016.04.27 23:00,1.49289,1.49327,1.49188,1.49202,1388
2016.04.27 23:30,1.49203,1.49230,1.48985,1.48985,2578
2016.04.28 00:00,1.49013,1.49419,1.48512,1.49032,3446
2016.04.28 00:30,1.49030,1.49097,1.48904,1.49051,1728
2016.04.28 01:00,1.49063,1.49112,1.48989,1.49039,2553
2016.04.28 01:30,1.49035,1.49104,1.48949,1.48952,2934
2016.04.28 02:00,1.48961,1.49065,1.48929,1.49003,1852
2016.04.28 02:30,1.49004,1.49041,1.48925,1.48942,1490
2016.04.28 03:00,1.48940,1.49074,1.48869,1.48924,2764
2016.04.28 03:30,1.48923,1.49047,1.48857,1.48991,2841
2016.04.28 04:00,1.48992,1.49031,1.48894,1.48975,3023
2016.04.28 04:30,1.48973,1.49066,1.48890,1.48967,2680
2016.04.28 05:00,1.48966,1.49022,1.48829,1.49019,2559
2016.04.28 05:30,1.49020,1.49023,1.48816,1.48905,2647
2016.04.28 06:00,1.48906,1.49399,1.48882,1.49203,8074
2016.04.28 06:30,1.49199,1.49353,1.49122,1.49128,4498
2016.04.28 07:00,1.49128,1.49261,1.48952,1.49027,2993
2016.04.28 07:30,1.49021,1.49021,1.48753,1.48881,3417
2016.04.28 08:00,1.48881,1.48966,1.48722,1.48734,3447
2016.04.28 08:30,1.48734,1.48900,1.48664,1.48843,3220
2016.04.28 09:00,1.48844,1.48946,1.48588,1.48781,7984
2016.04.28 09:30,1.48781,1.48792,1.48266,1.48293,8710
2016.04.28 10:00,1.48290,1.48539,1.48228,1.48452,8449
2016.04.28 10:30,1.48451,1.48619,1.48414,1.48430,6271
2016.04.28 11:00,1.48432,1.48683,1.48395,1.48487,7002
2016.04.28 11:30,1.48486,1.48836,1.48468,1.48687,6686
2016.04.28 12:00,1.48688,1.48860,1.48626,1.48842,5308
2016.04.28 12:30,1.48845,1.48956,1.48794,1.48826,5055
2016.04.28 13:00,1.48827,1.48944,1.48706,1.48915,4887
2016.04.28 13:30,1.48914,1.48940,1.48741,1.48913,5385
2016.04.28 14:00,1.48916,1.49201,1.48866,1.49192,6066
2016.04.28 14:30,1.49193,1.49259,1.49084,1.49132,4063
2016.04.28 15:00,1.49131,1.49144,1.48915,1.48956,5883
2016.04.28 15:30,1.48962,1.49219,1.48955,1.49078,8458
2016.04.28 16:00,1.49078,1.49226,1.49001,1.49065,7059
2016.04.28 16:30,1.49070,1.49126,1.48785,1.48797,7982
2016.04.28 17:00,1.48799,1.48938,1.48644,1.48671,6590
2016.04.28 17:30,1.48673,1.48715,1.48280,1.48346,7768
2016.04.28 18:00,1.48344,1.48445,1.48037,1.48151,6665
2016.04.28 18:30,1.48152,1.48367,1.48048,1.48331,5420
2016.04.28 19:00,1.48331,1.48465,1.48274,1.48432,4100
2016.04.28 19:30,1.48432,1.48491,1.48377,1.48472,3459
2016.04.28 20:00,1.48471,1.48558,1.48371,1.48376,4080
2016.04.28 20:30,1.48373,1.48416,1.48313,1.48388,3440
2016.04.28 21:00,1.48389,1.48472,1.48338,1.48428,2654
2016.04.28 21:30,1.48427,1.48640,1.48421,1.48604,3224
2016.04.28 22:00,1.48601,1.48834,1.48575,1.48824,2942
2016.04.28 22:30,1.48825,1.48936,1.48753,1.48837,3677
2016.04.28 23:00,1.48834,1.48945,1.48765,1.48813,1758
2016.04.28 23:30,1.48813,1.48933,1.48803,1.48810,1902
2016.04.29 00:00,1.48803,1.48923,1.48749,1.48841,576
2016.04.29 00:30,1.48837,1.48862,1.48668,1.48785,895
2016.04.29 01:00,1.48768,1.48877,1.48722,1.48869,4239
2016.04.29 01:30,1.48879,1.48897,1.48781,1.48836,1967
2016.04.29 02:00,1.48833,1.48854,1.48779,1.48854,1334
2016.04.29 02:30,1.48855,1.48870,1.48760,1.48783,1475
2016.04.29 03:00,1.48783,1.48873,1.48708,1.48853,2573
2016.04.29 03:30,1.48854,1.48911,1.48728,1.48783,2824
2016.04.29 04:00,1.48781,1.48902,1.48631,1.48826,3378
2016.04.29 04:30,1.48826,1.49130,1.48783,1.48890,5208
2016.04.29 05:00,1.48889,1.48980,1.48867,1.48904,3006
2016.04.29 05:30,1.48904,1.48993,1.48814,1.48838,2256
2016.04.29 06:00,1.48833,1.48862,1.48718,1.48833,2677
2016.04.29 06:30,1.48833,1.48907,1.48780,1.48781,2220
2016.04.29 07:00,1.48781,1.48908,1.48762,1.48802,2185
2016.04.29 07:30,1.48801,1.48865,1.48733,1.48773,2738
2016.04.29 08:00,1.48777,1.48787,1.48568,1.48669,2777
2016.04.29 08:30,1.48670,1.48849,1.48566,1.48758,2965
2016.04.29 09:00,1.48754,1.48897,1.48643,1.48652,4114
2016.04.29 09:30,1.48655,1.48856,1.48642,1.48822,4678
2016.04.29 10:00,1.48822,1.49145,1.48811,1.48947,7607
2016.04.29 10:30,1.48944,1.49074,1.48853,1.49002,5878
2016.04.29 11:00,1.49007,1.49254,1.48985,1.49165,5100
2016.04.29 11:30,1.49165,1.49246,1.49057,1.49129,4506
2016.04.29 12:00,1.49123,1.49292,1.49066,1.49269,4486
2016.04.29 12:30,1.49269,1.49289,1.48931,1.49022,4493
2016.04.29 13:00,1.49020,1.49221,1.49014,1.49142,4156
2016.04.29 13:30,1.49141,1.49291,1.49104,1.49207,4285
2016.04.29 14:00,1.49208,1.49268,1.49116,1.49194,4058
2016.04.29 14:30,1.49195,1.49369,1.49123,1.49329,5185
2016.04.29 15:00,1.49341,1.49610,1.49303,1.49324,7149
2016.04.29 15:30,1.49321,1.49867,1.49317,1.49712,8185
2016.04.29 16:00,1.49711,1.49961,1.49689,1.49827,6472
2016.04.29 16:30,1.49826,1.50199,1.49782,1.50182,7157
2016.04.29 17:00,1.50182,1.50399,1.50076,1.50097,7838
2016.04.29 17:30,1.50097,1.50329,1.49990,1.50024,7904
2016.04.29 18:00,1.50021,1.50415,1.49956,1.50389,8815
2016.04.29 18:30,1.50391,1.50569,1.50271,1.50285,6570
2016.04.29 19:00,1.50288,1.50389,1.50249,1.50387,4353
2016.04.29 19:30,1.50384,1.50474,1.50343,1.50459,4186
2016.04.29 20:00,1.50459,1.50593,1.50446,1.50569,5231
2016.04.29 20:30,1.50571,1.50753,1.50510,1.50716,4797
2016.04.29 21:00,1.50714,1.50763,1.50645,1.50673,3401
2016.04.29 21:30,1.50672,1.50712,1.50541,1.50655,3293
2016.04.29 22:00,1.50656,1.50682,1.50469,1.50590,2687
2016.04.29 22:30,1.50586,1.50600,1.50376,1.50565,2923
2016.04.29 23:00,1.50559,1.50641,1.50511,1.50575,1486
2016.04.29 23:30,1.50575,1.50575,1.50354,1.50394,1530
2016.05.02 00:00,1.50799,1.50888,1.50709,1.50770,305
2016.05.02 00:30,1.50756,1.50809,1.50602,1.50607,286
2016.05.02 01:00,1.50596,1.50664,1.50492,1.50529,3292
2016.05.02 01:30,1.50530,1.50624,1.50507,1.50527,2039
2016.05.02 02:00,1.50527,1.50555,1.50394,1.50451,2545
2016.05.02 02:30,1.50454,1.50580,1.50446,1.50470,2070
2016.05.02 03:00,1.50472,1.50563,1.50424,1.50517,3970
2016.05.02 03:30,1.50522,1.50743,1.50454,1.50721,3292
2016.05.02 04:00,1.50723,1.50725,1.50535,1.50673,2470
2016.05.02 04:30,1.50673,1.50789,1.50607,1.50743,2428
2016.05.02 05:00,1.50745,1.50748,1.50613,1.50710,1421
2016.05.02 05:30,1.50709,1.50725,1.50582,1.50639,1506
2016.05.02 06:00,1.50643,1.50786,1.50642,1.50773,1468
2016.05.02 06:30,1.50769,1.50797,1.50716,1.50764,1241
2016.05.02 07:00,1.50760,1.50859,1.50736,1.50834,1306
2016.05.02 07:30,1.50835,1.50937,1.50794,1.50881,1294
2016.05.02 08:00,1.50880,1.50957,1.50874,1.50875,1448
2016.05.02 08:30,1.50876,1.50877,1.50734,1.50801,1686
2016.05.02 09:00,1.50808,1.50818,1.50609,1.50663,2908
2016.05.02 09:30,1.50661,1.50733,1.50453,1.50507,4086
2016.05.02 10:00,1.50510,1.50595,1.50420,1.50429,4951
2016.05.02 10:30,1.50431,1.50679,1.50414,1.50641,3531
2016.05.02 11:00,1.50641,1.50846,1.50630,1.50722,3810
2016.05.02 11:30,1.50721,1.50775,1.50660,1.50775,2490
2016.05.02 12:00,1.50773,1.50777,1.50584,1.50616,3925
2016.05.02 12:30,1.50615,1.50715,1.50588,1.50642,3591
2016.05.02 13:00,1.50644,1.50677,1.50558,1.50575,3878
2016.05.02 13:30,1.50574,1.50575,1.50348,1.50401,3765
2016.05.02 14:00,1.50400,1.50400,1.50148,1.50156,3919
2016.05.02 14:30,1.50155,1.50307,1.50141,1.50195,4039
2016.05.02 15:00,1.50195,1.50365,1.50096,1.50293,5859
2016.05.02 15:30,1.50293,1.50425,1.50275,1.50321,4031
2016.05.02 16:00,1.50314,1.50422,1.50210,1.50405,5025
2016.05.02 16:30,1.50404,1.51132,1.50404,1.51116,6847
2016.05.02 17:00,1.51116,1.51279,1.50862,1.50932,9897
2016.05.02 17:30,1.50935,1.51113,1.50853,1.50978,6754
2016.05.02 18:00,1.50979,1.51012,1.50732,1.50747,6959
2016.05.02 18:30,1.50745,1.50814,1.50646,1.50690,5315
2016.05.02 19:00,1.50687,1.50763,1.50610,1.50643,3845
2016.05.02 19:30,1.50644,1.50644,1.50475,1.50512,4855
2016.05.02 20:00,1.50512,1.50621,1.50461,1.50495,4093
2016.05.02 20:30,1.50495,1.50495,1.50341,1.50360,3445
2016.05.02 21:00,1.50359,1.50482,1.50327,1.50458,1773
2016.05.02 21:30,1.50461,1.50583,1.50422,1.50498,2401
2016.05.02 22:00,1.50497,1.50517,1.50375,1.50380,1635
2016.05.02 22:30,1.50381,1.50396,1.50289,1.50312,1535
2016.05.02 23:00,1.50313,1.50390,1.50281,1.50335,1536
2016.05.02 23:30,1.50334,1.50428,1.50305,1.50377,1557
2016.05.03 00:00,1.50381,1.50464,1.50304,1.50395,799
2016.05.03 00:30,1.50392,1.50466,1.50345,1.50364,1646
2016.05.03 01:00,1.50364,1.50417,1.50305,1.50331,1924
2016.05.03 01:30,1.50328,1.50393,1.50285,1.50289,1011
2016.05.03 02:00,1.50285,1.50370,1.50233,1.50370,855
2016.05.03 02:30,1.50367,1.50431,1.50329,1.50367,984
2016.05.03 03:00,1.50363,1.50399,1.50216,1.50236,2615
2016.05.03 03:30,1.50238,1.50285,1.50198,1.50237,1925
2016.05.03 04:00,1.50235,1.50351,1.50188,1.50321,2365
2016.05.03 04:30,1.50306,1.50341,1.50007,1.50039,2656
2016.05.03 05:00,1.50040,1.50061,1.49749,1.49841,1992
2016.05.03 05:30,1.49840,1.49893,1.49733,1.49774,1850
2016.05.03 06:00,1.49776,1.49795,1.49617,1.49695,2209
2016.05.03 06:30,1.49696,1.49735,1.49563,1.49652,1564
2016.05.03 07:00,1.49650,1.49707,1.49338,1.49349,2325
2016.05.03 07:30,1.49349,1.52620,1.49349,1.52479,8890
2016.05.03 08:00,1.52485,1.52563,1.52248,1.52285,4227
2016.05.03 08:30,1.52286,1.52470,1.52260,1.52431,3308
2016.05.03 09:00,1.52432,1.52723,1.52351,1.52420,7121
2016.05.03 09:30,1.52421,1.52444,1.52254,1.52317,5565
2016.05.03 10:00,1.52317,1.52410,1.52114,1.52277,7431
2016.05.03 10:30,1.52280,1.52285,1.51888,1.52112,6942
2016.05.03 11:00,1.52112,1.52482,1.52083,1.52376,7728
2016.05.03 11:30,1.52377,1.52641,1.52250,1.52602,7007
2016.05.03 12:00,1.52601,1.53086,1.52573,1.53014,6243
2016.05.03 12:30,1.53016,1.53173,1.52905,1.52990,5014
2016.05.03 13:00,1.52992,1.53035,1.52820,1.52853,5000
2016.05.03 13:30,1.52854,1.53133,1.52854,1.53111,5487
2016.05.03 14:00,1.53114,1.53171,1.52873,1.52908,4905
2016.05.03 14:30,1.52908,1.53030,1.52822,1.52948,5398
2016.05.03 15:00,1.52950,1.53437,1.52932,1.53379,7900
2016.05.03 15:30,1.53378,1.53614,1.53320,1.53407,7009
2016.05.03 16:00,1.53406,1.53606,1.53337,1.53532,5882
2016.05.03 16:30,1.53530,1.53779,1.53475,1.53711,8305
2016.05.03 17:00,1.53714,1.53827,1.53159,1.53203,8741
2016.05.03 17:30,1.53204,1.53495,1.53151,1.53449,7529
2016.05.03 18:00,1.53448,1.53528,1.53307,1.53452,6915
2016.05.03 18:30,1.53454,1.53594,1.53383,1.53578,5301
2016.05.03 19:00,1.53578,1.53666,1.53476,1.53649,4403
2016.05.03 19:30,1.53648,1.53763,1.53641,1.53727,4010
2016.05.03 20:00,1.53727,1.53822,1.53636,1.53691,4202
2016.05.03 20:30,1.53690,1.53797,1.53581,1.53785,3465
2016.05.03 21:00,1.53784,1.53871,1.53747,1.53802,3352
2016.05.03 21:30,1.53800,1.53823,1.53634,1.53668,2590
2016.05.03 22:00,1.53669,1.53716,1.53612,1.53636,2210
2016.05.03 22:30,1.53637,1.53650,1.53569,1.53631,1966
2016.05.03 23:00,1.53634,1.53663,1.53528,1.53652,1716
2016.05.03 23:30,1.53654,1.53678,1.53562,1.53562,2246
2016.05.04 00:00,1.53573,1.53624,1.53531,1.53538,510
2016.05.04 00:30,1.53541,1.53621,1.53521,1.53606,2172
2016.05.04 01:00,1.53606,1.53654,1.53431,1.53450,3434
2016.05.04 01:30,1.53450,1.53482,1.53317,1.53365,2180
2016.05.04 02:00,1.53365,1.53443,1.53286,1.53310,1190
2016.05.04 02:30,1.53312,1.53395,1.53250,1.53380,1495
2016.05.04 03:00,1.53387,1.53390,1.53129,1.53291,2094
2016.05.04 03:30,1.53292,1.53404,1.53274,1.53356,1860
2016.05.04 04:00,1.53358,1.53481,1.53241,1.53415,3096
2016.05.04 04:30,1.53416,1.53726,1.53351,1.53489,4322
2016.05.04 05:00,1.53490,1.53619,1.53345,1.53357,3382
2016.05.04 05:30,1.53359,1.53433,1.53232,1.53323,2939
2016.05.04 06:00,1.53324,1.53381,1.53213,1.53235,2349
2016.05.04 06:30,1.53236,1.53325,1.53170,1.53241,2336
2016.05.04 07:00,1.53237,1.53254,1.53015,1.53034,2057
2016.05.04 07:30,1.53032,1.53207,1.53021,1.53180,1563
2016.05.04 08:00,1.53181,1.53230,1.53066,1.53085,1531
2016.05.04 08:30,1.53084,1.53134,1.53037,1.53110,1355
2016.05.04 09:00,1.53144,1.53174,1.52960,1.53030,4250
2016.05.04 09:30,1.53042,1.53274,1.53035,1.53251,6828
2016.05.04 10:00,1.53252,1.53263,1.53006,1.53033,6659
2016.05.04 10:30,1.53033,1.53300,1.52998,1.53272,6040
2016.05.04 11:00,1.53272,1.53442,1.53265,1.53328,6142
2016.05.04 11:30,1.53331,1.53514,1.53167,1.53494,5786
2016.05.04 12:00,1.53492,1.53538,1.53293,1.53470,5754
2016.05.04 12:30,1.53470,1.53873,1.53454,1.53681,6216
2016.05.04 13:00,1.53673,1.53786,1.53673,1.53694,4289
2016.05.04 13:30,1.53693,1.53771,1.53596,1.53666,4440
2016.05.04 14:00,1.53666,1.53695,1.53512,1.53536,4275
2016.05.04 14:30,1.53536,1.53785,1.53469,1.53718,5559
2016.05.04 15:00,1.53725,1.53975,1.53613,1.53765,7854
2016.05.04 15:30,1.53769,1.53900,1.53362,1.53668,9067
2016.05.04 16:00,1.53668,1.53794,1.53505,1.53761,6723
2016.05.04 16:30,1.53760,1.53952,1.53665,1.53718,7940
2016.05.04 17:00,1.53704,1.53755,1.53379,1.53668,9392
2016.05.04 17:30,1.53663,1.53853,1.53603,1.53800,8223
2016.05.04 18:00,1.53797,1.54105,1.53665,1.54075,7260
2016.05.04 18:30,1.54071,1.54161,1.53975,1.54102,6159
2016.05.04 19:00,1.54102,1.54135,1.53933,1.54031,4755
2016.05.04 19:30,1.54035,1.54179,1.54008,1.54144,3580
2016.05.04 20:00,1.54144,1.54223,1.54067,1.54110,3606
2016.05.04 20:30,1.54113,1.54204,1.54040,1.54091,3211
2016.05.04 21:00,1.54085,1.54181,1.54028,1.54061,2887
2016.05.04 21:30,1.54062,1.54204,1.54051,1.54171,2316
2016.05.04 22:00,1.54172,1.54182,1.54044,1.54080,1597
2016.05.04 22:30,1.54081,1.54176,1.54047,1.54089,1688
2016.05.04 23:00,1.54090,1.54205,1.54064,1.54137,1874
2016.05.04 23:30,1.54138,1.54145,1.53949,1.53949,2428
2016.05.05 00:00,1.53938,1.54075,1.53915,1.54037,595
2016.05.05 00:30,1.54033,1.54089,1.53904,1.53957,1199
2016.05.05 01:00,1.53933,1.53997,1.53897,1.53941,3334
2016.05.05 01:30,1.53940,1.54003,1.53900,1.53912,1718
2016.05.05 02:00,1.53911,1.53941,1.53844,1.53884,722
2016.05.05 02:30,1.53882,1.53929,1.53873,1.53917,1010
2016.05.05 03:00,1.53915,1.54001,1.53906,1.53925,1500
2016.05.05 03:30,1.53921,1.54035,1.53914,1.53962,1369
2016.05.05 04:00,1.53959,1.53966,1.53648,1.53648,1829
2016.05.05 04:30,1.53652,1.53656,1.53331,1.53376,3009
2016.05.05 05:00,1.53377,1.53432,1.53282,1.53348,1549
2016.05.05 05:30,1.53345,1.53420,1.53287,1.53300,1454
2016.05.05 06:00,1.53301,1.53358,1.53226,1.53356,1159
2016.05.05 06:30,1.53355,1.53429,1.53265,1.53280,1375
2016.05.05 07:00,1.53281,1.53285,1.53184,1.53240,1451
2016.05.05 07:30,1.53242,1.53345,1.53208,1.53230,1077
2016.05.05 08:00,1.53234,1.53240,1.53066,1.53180,1715
2016.05.05 08:30,1.53182,1.53212,1.53033,1.53211,1455
2016.05.05 09:00,1.53219,1.53219,1.52986,1.53056,3114
2016.05.05 09:30,1.53051,1.53115,1.52880,1.53012,3601
2016.05.05 10:00,1.53018,1.53246,1.53004,1.53136,6269
2016.05.05 10:30,1.53138,1.53242,1.53042,1.53119,5204
2016.05.05 11:00,1.53119,1.53192,1.52884,1.52991,5029
2016.05.05 11:30,1.52993,1.53036,1.52761,1.52761,4562
2016.05.05 12:00,1.52759,1.52929,1.52746,1.52910,4118
2016.05.05 12:30,1.52911,1.53087,1.52880,1.52987,3710
2016.05.05 13:00,1.52987,1.53066,1.52868,1.52958,5690
2016.05.05 13:30,1.52955,1.52989,1.52770,1.52814,4598
2016.05.05 14:00,1.52815,1.52890,1.52735,1.52757,3913
2016.05.05 14:30,1.52757,1.52799,1.52591,1.52617,4561
2016.05.05 15:00,1.52617,1.52691,1.52446,1.52446,5011
2016.05.05 15:30,1.52447,1.52570,1.52189,1.52237,6615
2016.05.05 16:00,1.52237,1.52485,1.52227,1.52455,5703
2016.05.05 16:30,1.52454,1.52690,1.52378,1.52513,7622
2016.05.05 17:00,1.52513,1.52597,1.52387,1.52432,7008
2016.05.05 17:30,1.52431,1.52620,1.52363,1.52575,6623
2016.05.05 18:00,1.52570,1.52746,1.52550,1.52599,6336
2016.05.05 18:30,1.52600,1.52758,1.52512,1.52737,3889
2016.05.05 19:00,1.52734,1.52757,1.52603,1.52679,3496
2016.05.05 19:30,1.52679,1.52764,1.52666,1.52725,3540
2016.05.05 20:00,1.52728,1.52856,1.52724,1.52840,3603
2016.05.05 20:30,1.52840,1.52880,1.52740,1.52758,3571
2016.05.05 21:00,1.52755,1.52785,1.52657,1.52744,2514
2016.05.05 21:30,1.52745,1.52804,1.52693,1.52762,1741
2016.05.05 22:00,1.52761,1.52813,1.52713,1.52735,1610
2016.05.05 22:30,1.52736,1.52792,1.52730,1.52753,1888
2016.05.05 23:00,1.52754,1.52851,1.52741,1.52827,1187
2016.05.05 23:30,1.52829,1.52848,1.52721,1.52735,1056
2016.05.06 00:00,1.52735,1.52804,1.52717,1.52750,552
2016.05.06 00:30,1.52755,1.52764,1.52711,1.52742,1225
2016.05.06 01:00,1.52743,1.52783,1.52653,1.52691,1114
2016.05.06 01:30,1.52694,1.52708,1.52643,1.52660,851
2016.05.06 02:00,1.52661,1.52661,1.52529,1.52557,1018
2016.05.06 02:30,1.52558,1.52606,1.52445,1.52445,1000
2016.05.06 03:00,1.52446,1.52579,1.52446,1.52541,2073
2016.05.06 03:30,1.52540,1.52692,1.52469,1.52672,2201
2016.05.06 04:00,1.52674,1.52840,1.52617,1.52752,2737
2016.05.06 04:30,1.52750,1.53970,1.52738,1.53967,4830
2016.05.06 05:00,1.53965,1.54190,1.53940,1.54100,3150
2016.05.06 05:30,1.54105,1.54217,1.53952,1.54131,2527
2016.05.06 06:00,1.54132,1.54349,1.54114,1.54321,2001
2016.05.06 06:30,1.54321,1.54442,1.54232,1.54376,1986
2016.05.06 07:00,1.54378,1.54429,1.54291,1.54328,1917
2016.05.06 07:30,1.54329,1.54336,1.54231,1.54270,1393
2016.05.06 08:00,1.54271,1.54335,1.54134,1.54145,1706
2016.05.06 08:30,1.54146,1.54207,1.54066,1.54119,1835
2016.05.06 09:00,1.54122,1.54475,1.54113,1.54473,4293
2016.05.06 09:30,1.54476,1.55001,1.54409,1.54970,5593
2016.05.06 10:00,1.54966,1.55142,1.54728,1.54764,5727
2016.05.06 10:30,1.54763,1.54907,1.54670,1.54906,5493
2016.05.06 11:00,1.54904,1.55001,1.54808,1.54942,4420
2016.05.06 11:30,1.54943,1.54999,1.54849,1.54910,4586
2016.05.06 12:00,1.54915,1.54949,1.54793,1.54874,4205
2016.05.06 12:30,1.54875,1.54990,1.54869,1.54926,4031
2016.05.06 13:00,1.54926,1.55134,1.54889,1.55104,3518
2016.05.06 13:30,1.55107,1.55201,1.55020,1.55189,4180
2016.05.06 14:00,1.55186,1.55279,1.55020,1.55136,3570
2016.05.06 14:30,1.55136,1.55157,1.54982,1.55012,4474
2016.05.06 15:00,1.55012,1.55114,1.54812,1.54812,6286
2016.05.06 15:30,1.54812,1.55645,1.54764,1.55354,13612
2016.05.06 16:00,1.55354,1.55480,1.55040,1.55399,8737
2016.05.06 16:30,1.55397,1.55497,1.54880,1.55046,8936
2016.05.06 17:00,1.55047,1.55131,1.54724,1.55078,7967
2016.05.06 17:30,1.55078,1.55419,1.55016,1.55349,6850
2016.05.06 18:00,1.55348,1.55370,1.55046,1.55138,5855
2016.05.06 18:30,1.55140,1.55262,1.55088,1.55205,4614
2016.05.06 19:00,1.55206,1.55243,1.55074,1.55193,3803
2016.05.06 19:30,1.55194,1.55231,1.55029,1.55068,2943
2016.05.06 20:00,1.55066,1.55096,1.54883,1.55020,3223
2016.05.06 20:30,1.55018,1.55076,1.54903,1.54912,3667
2016.05.06 21:00,1.54914,1.54946,1.54694,1.54798,3454
2016.05.06 21:30,1.54794,1.54858,1.54734,1.54849,2658
2016.05.06 22:00,1.54849,1.54874,1.54735,1.54784,2326
2016.05.06 22:30,1.54788,1.54859,1.54755,1.54767,1424
2016.05.06 23:00,1.54772,1.54839,1.54721,1.54739,1079
2016.05.06 23:30,1.54737,1.54791,1.54677,1.54690,866
2016.05.09 00:00,1.54843,1.54914,1.54744,1.54864,349
2016.05.09 00:30,1.54856,1.54983,1.54714,1.54717,379
2016.05.09 01:00,1.54732,1.54763,1.54498,1.54534,1660
2016.05.09 01:30,1.54542,1.54592,1.54353,1.54556,1289
2016.05.09 02:00,1.54558,1.54558,1.54335,1.54412,1280
2016.05.09 02:30,1.54413,1.54533,1.54389,1.54399,1674
2016.05.09 03:00,1.54397,1.54603,1.54373,1.54541,2410
2016.05.09 03:30,1.54542,1.54550,1.54425,1.54490,2140
2016.05.09 04:00,1.54486,1.54564,1.54352,1.54430,2164
2016.05.09 04:30,1.54427,1.54508,1.54378,1.54388,2405
2016.05.09 05:00,1.54389,1.54586,1.54321,1.54573,1715
2016.05.09 05:30,1.54572,1.54664,1.54482,1.54534,1484
2016.05.09 06:00,1.54535,1.54609,1.54485,1.54606,1060
2016.05.09 06:30,1.54605,1.54723,1.54596,1.54672,1565
2016.05.09 07:00,1.54674,1.54727,1.54571,1.54595,1481
2016.05.09 07:30,1.54594,1.54677,1.54565,1.54602,1551
2016.05.09 08:00,1.54603,1.54768,1.54584,1.54669,1537
2016.05.09 08:30,1.54670,1.54752,1.54574,1.54594,1735
2016.05.09 09:00,1.54591,1.54772,1.54586,1.54686,3542
2016.05.09 09:30,1.54687,1.55066,1.54672,1.55040,3867
2016.05.09 10:00,1.55041,1.55249,1.54965,1.55209,5190
2016.05.09 10:30,1.55210,1.55259,1.54925,1.55253,5673
2016.05.09 11:00,1.55253,1.55253,1.54978,1.54991,5532
2016.05.09 11:30,1.54980,1.55069,1.54831,1.54948,4440
2016.05.09 12:00,1.54940,1.55026,1.54764,1.54901,4442
2016.05.09 12:30,1.54900,1.55099,1.54899,1.54911,4317
2016.05.09 13:00,1.54911,1.54959,1.54695,1.54920,4509
2016.05.09 13:30,1.54920,1.54990,1.54810,1.54950,3620
2016.05.09 14:00,1.54952,1.55171,1.54896,1.55152,4881
2016.05.09 14:30,1.55159,1.55402,1.55047,1.55363,4513
2016.05.09 15:00,1.55361,1.55624,1.55337,1.55556,5970
2016.05.09 15:30,1.55557,1.55719,1.55511,1.55694,4880
2016.05.09 16:00,1.55702,1.55870,1.55620,1.55644,5317
2016.05.09 16:30,1.55642,1.55775,1.55521,1.55684,5875
2016.05.09 17:00,1.55685,1.55785,1.55501,1.55780,6108
2016.05.09 17:30,1.55780,1.55873,1.55643,1.55643,6232
2016.05.09 18:00,1.55643,1.55915,1.55617,1.55726,5618
2016.05.09 18:30,1.55726,1.55764,1.55594,1.55705,3882
2016.05.09 19:00,1.55707,1.55761,1.55631,1.55649,3040
2016.05.09 19:30,1.55647,1.55761,1.55632,1.55645,2401
2016.05.09 20:00,1.55646,1.55761,1.55636,1.55692,2416
2016.05.09 20:30,1.55692,1.55775,1.55592,1.55592,2235
2016.05.09 21:00,1.55587,1.55704,1.55581,1.55605,1983
2016.05.09 21:30,1.55606,1.55644,1.55527,1.55545,1679
2016.05.09 22:00,1.55547,1.55651,1.55537,1.55642,1085
2016.05.09 22:30,1.55641,1.55741,1.55625,1.55679,1638
2016.05.09 23:00,1.55680,1.55680,1.55531,1.55550,1299
2016.05.09 23:30,1.55549,1.55614,1.55531,1.55546,983
2016.05.10 00:00,1.55559,1.55637,1.55524,1.55628,564
2016.05.10 00:30,1.55626,1.55672,1.55557,1.55591,970
2016.05.10 01:00,1.55586,1.55687,1.55541,1.55686,1253
2016.05.10 01:30,1.55690,1.55808,1.55557,1.55567,1502
2016.05.10 02:00,1.55565,1.55659,1.55460,1.55506,1040
2016.05.10 02:30,1.55508,1.55623,1.55436,1.55591,1150
2016.05.10 03:00,1.55592,1.55865,1.55550,1.55814,2527
2016.05.10 03:30,1.55817,1.55905,1.55798,1.55798,1983
2016.05.10 04:00,1.55797,1.55834,1.55596,1.55604,1988
2016.05.10 04:30,1.55604,1.55676,1.55415,1.55430,2641
2016.05.10 05:00,1.55429,1.55468,1.55151,1.55291,2302
2016.05.10 05:30,1.55292,1.55309,1.55123,1.55183,1758
2016.05.10 06:00,1.55182,1.55220,1.55062,1.55125,1520
2016.05.10 06:30,1.55124,1.55276,1.55078,1.55238,1703
2016.05.10 07:00,1.55236,1.55305,1.55178,1.55253,1532
2016.05.10 07:30,1.55254,1.55255,1.55098,1.55162,1456
2016.05.10 08:00,1.55159,1.55245,1.55049,1.55216,1389
2016.05.10 08:30,1.55215,1.55338,1.55184,1.55313,1896
2016.05.10 09:00,1.55308,1.55494,1.55262,1.55266,3551
2016.05.10 09:30,1.55266,1.55385,1.55027,1.55032,4354
2016.05.10 10:00,1.55033,1.55189,1.54966,1.55161,5673
2016.05.10 10:30,1.55152,1.55248,1.55031,1.55211,4821
2016.05.10 11:00,1.55212,1.55270,1.54951,1.54961,4537
2016.05.10 11:30,1.54957,1.55037,1.54525,1.54576,4926
2016.05.10 12:00,1.54579,1.55009,1.54558,1.54878,4013
2016.05.10 12:30,1.54883,1.54944,1.54795,1.54909,3982
2016.05.10 13:00,1.54909,1.54969,1.54821,1.54847,3770
2016.05.10 13:30,1.54849,1.55018,1.54818,1.54860,4247
2016.05.10 14:00,1.54857,1.55062,1.54809,1.55003,5265
2016.05.10 14:30,1.55002,1.55181,1.54903,1.55035,4283
2016.05.10 15:00,1.55035,1.55184,1.54770,1.55107,5479
2016.05.10 15:30,1.55101,1.55178,1.54941,1.55088,4837
2016.05.10 16:00,1.55088,1.55196,1.54798,1.54862,5830
2016.05.10 16:30,1.54862,1.54883,1.54536,1.54589,6822
2016.05.10 17:00,1.54588,1.54748,1.54564,1.54674,5512
2016.05.10 17:30,1.54671,1.54793,1.54582,1.54619,6460
2016.05.10 18:00,1.54620,1.55005,1.54553,1.54885,5045
2016.05.10 18:30,1.54883,1.54923,1.54777,1.54892,3290
2016.05.10 19:00,1.54892,1.54900,1.54763,1.54766,2819
2016.05.10 19:30,1.54765,1.54952,1.54728,1.54933,2529
2016.05.10 20:00,1.54934,1.54971,1.54818,1.54828,2180
2016.05.10 20:30,1.54827,1.54831,1.54678,1.54700,2136
2016.05.10 21:00,1.54698,1.54718,1.54548,1.54570,2130
2016.05.10 21:30,1.54571,1.54595,1.54447,1.54485,1886
2016.05.10 22:00,1.54484,1.54541,1.54245,1.54322,1501
2016.05.10 22:30,1.54324,1.54437,1.54309,1.54396,1290
2016.05.10 23:00,1.54395,1.54424,1.54362,1.54409,780
2016.05.10 23:30,1.54410,1.54470,1.54357,1.54357,1218
2016.05.11 00:00,1.54383,1.54428,1.53999,1.54195,1656
2016.05.11 00:30,1.54195,1.54348,1.54176,1.54217,1023
2016.05.11 01:00,1.54220,1.54367,1.54214,1.54354,1549
2016.05.11 01:30,1.54357,1.54361,1.54201,1.54266,844
2016.05.11 02:00,1.54267,1.54300,1.54120,1.54144,1475
2016.05.11 02:30,1.54140,1.54334,1.54090,1.54299,1681
2016.05.11 03:00,1.54299,1.54384,1.54122,1.54151,2048
2016.05.11 03:30,1.54149,1.54156,1.53937,1.54132,2324
2016.05.11 04:00,1.54131,1.54267,1.54037,1.54196,1942
2016.05.11 04:30,1.54195,1.54886,1.54185,1.54760,3322
2016.05.11 05:00,1.54759,1.55062,1.54601,1.54854,2297
2016.05.11 05:30,1.54855,1.54890,1.54746,1.54766,1395
2016.05.11 06:00,1.54765,1.54831,1.54668,1.54742,1050
2016.05.11 06:30,1.54738,1.54900,1.54645,1.54858,1242
2016.05.11 07:00,1.54860,1.54930,1.54816,1.54834,1444
2016.05.11 07:30,1.54836,1.54904,1.54779,1.54803,983
2016.05.11 08:00,1.54804,1.54818,1.54600,1.54642,1435
2016.05.11 08:30,1.54643,1.54724,1.54537,1.54628,1691
2016.05.11 09:00,1.54627,1.54670,1.54448,1.54578,3023
2016.05.11 09:30,1.54579,1.54929,1.54543,1.54913,3103
2016.05.11 10:00,1.54908,1.54986,1.54813,1.54885,5242
2016.05.11 10:30,1.54887,1.55038,1.54751,1.55012,4820
2016.05.11 11:00,1.55010,1.55138,1.54854,1.55087,4346
2016.05.11 11:30,1.55087,1.55196,1.55002,1.55043,4091
2016.05.11 12:00,1.55043,1.55075,1.54953,1.54983,3293
2016.05.11 12:30,1.54983,1.55120,1.54894,1.54907,3137
2016.05.11 13:00,1.54905,1.54988,1.54800,1.54860,2789
2016.05.11 13:30,1.54857,1.54921,1.54687,1.54704,3615
2016.05.11 14:00,1.54701,1.54829,1.54657,1.54738,3582
2016.05.11 14:30,1.54738,1.54867,1.54681,1.54849,2605
2016.05.11 15:00,1.54849,1.54867,1.54688,1.54688,4647
2016.05.11 15:30,1.54690,1.54847,1.54648,1.54777,3805
2016.05.11 16:00,1.54783,1.55010,1.54736,1.54896,4709
2016.05.11 16:30,1.54896,1.55100,1.54827,1.55038,6168
2016.05.11 17:00,1.55038,1.55317,1.55009,1.55185,4951
2016.05.11 17:30,1.55170,1.55170,1.54712,1.54751,7109
2016.05.11 18:00,1.54751,1.54937,1.54606,1.54693,5849
2016.05.11 18:30,1.54693,1.54782,1.54581,1.54672,4554
2016.05.11 19:00,1.54673,1.54829,1.54653,1.54725,3304
2016.05.11 19:30,1.54725,1.54837,1.54607,1.54752,2562
2016.05.11 20:00,1.54754,1.54773,1.54629,1.54716,2829
2016.05.11 20:30,1.54715,1.54723,1.54583,1.54636,2460
2016.05.11 21:00,1.54633,1.54803,1.54626,1.54715,2100
2016.05.11 21:30,1.54718,1.54874,1.54701,1.54827,1592
2016.05.11 22:00,1.54829,1.54843,1.54720,1.54789,1311
2016.05.11 22:30,1.54788,1.54878,1.54771,1.54859,1582
2016.05.11 23:00,1.54857,1.54909,1.54825,1.54825,950
2016.05.11 23:30,1.54821,1.54924,1.54815,1.54899,633
2016.05.12 00:00,1.54891,1.54931,1.54817,1.54863,590
2016.05.12 00:30,1.54865,1.54982,1.54792,1.54839,912
2016.05.12 01:00,1.54843,1.54959,1.54803,1.54940,1111
2016.05.12 01:30,1.54943,1.55082,1.54875,1.55040,1223
2016.05.12 02:00,1.55044,1.55343,1.55023,1.55194,1463
2016.05.12 02:30,1.55188,1.55322,1.55119,1.55322,1123
2016.05.12 03:00,1.55321,1.55352,1.55102,1.55159,1760
2016.05.12 03:30,1.55160,1.55187,1.54962,1.55034,1533
2016.05.12 04:00,1.55036,1.55502,1.55035,1.55247,2738
2016.05.12 04:30,1.55249,1.55855,1.55249,1.55840,2977
2016.05.12 05:00,1.55841,1.55841,1.55599,1.55634,1947
2016.05.12 05:30,1.55633,1.55791,1.55616,1.55640,1630
2016.05.12 06:00,1.55641,1.55756,1.55575,1.55576,1083
2016.05.12 06:30,1.55577,1.55692,1.55559,1.55664,1198
2016.05.12 07:00,1.55665,1.55771,1.55652,1.55672,1060
2016.05.12 07:30,1.55671,1.55684,1.55510,1.55574,1367
2016.05.12 08:00,1.55569,1.55599,1.55453,1.55524,1279
2016.05.12 08:30,1.55523,1.55741,1.55496,1.55593,1730
2016.05.12 09:00,1.55592,1.55891,1.55550,1.55799,3099
2016.05.12 09:30,1.55801,1.55884,1.55678,1.55785,3345
2016.05.12 10:00,1.55785,1.55986,1.55721,1.55879,4703
2016.05.12 10:30,1.55879,1.55904,1.55552,1.55565,4331
2016.05.12 11:00,1.55565,1.55700,1.55493,1.55521,3925
2016.05.12 11:30,1.55523,1.55538,1.55378,1.55470,4386
2016.05.12 12:00,1.55468,1.55562,1.55237,1.55484,4368
2016.05.12 12:30,1.55483,1.55608,1.55405,1.55417,4268
2016.05.12 13:00,1.55417,1.55472,1.55328,1.55382,3821
2016.05.12 13:30,1.55382,1.55405,1.55282,1.55377,3595
2016.05.12 14:00,1.55383,1.55490,1.55314,1.55457,4451
2016.05.12 14:30,1.55455,1.55529,1.55269,1.55346,4443
2016.05.12 15:00,1.55347,1.55592,1.55326,1.55381,4807
2016.05.12 15:30,1.55382,1.55482,1.55185,1.55273,5362
2016.05.12 16:00,1.55273,1.55328,1.54731,1.54767,5187
2016.05.12 16:30,1.54770,1.55248,1.54770,1.55213,6627
2016.05.12 17:00,1.55212,1.55372,1.55093,1.55304,5287
2016.05.12 17:30,1.55315,1.55398,1.55160,1.55249,4190
2016.05.12 18:00,1.55250,1.55572,1.55202,1.55339,4940
2016.05.12 18:30,1.55339,1.55603,1.55307,1.55593,4324
2016.05.12 19:00,1.55592,1.55679,1.55407,1.55472,3636
2016.05.12 19:30,1.55470,1.55555,1.55368,1.55387,2838
2016.05.12 20:00,1.55384,1.55532,1.55360,1.55383,2834
2016.05.12 20:30,1.55383,1.55514,1.55283,1.55286,2293
2016.05.12 21:00,1.55282,1.55363,1.55148,1.55244,2287
2016.05.12 21:30,1.55245,1.55299,1.55151,1.55193,1651
2016.05.12 22:00,1.55194,1.55239,1.55080,1.55207,1568
2016.05.12 22:30,1.55206,1.55294,1.55183,1.55238,1551
2016.05.12 23:00,1.55236,1.55373,1.55182,1.55354,1026
2016.05.12 23:30,1.55349,1.55416,1.55252,1.55285,1204
2016.05.13 00:00,1.55284,1.55397,1.55227,1.55328,583
2016.05.13 00:30,1.55328,1.55385,1.55285,1.55348,1122
2016.05.13 01:00,1.55336,1.55343,1.55285,1.55314,800
2016.05.13 01:30,1.55310,1.55415,1.55291,1.55364,968
2016.05.13 02:00,1.55367,1.55441,1.55337,1.55414,940
2016.05.13 02:30,1.55416,1.55544,1.55413,1.55438,1068
2016.05.13 03:00,1.55438,1.55508,1.55377,1.55488,1836
2016.05.13 03:30,1.55487,1.55595,1.55406,1.55533,2181
2016.05.13 04:00,1.55532,1.55764,1.55527,1.55664,2322
2016.05.13 04:30,1.55668,1.56026,1.55656,1.55913,3203
2016.05.13 05:00,1.55914,1.55937,1.55707,1.55751,2099
2016.05.13 05:30,1.55752,1.55934,1.55749,1.55845,1424
2016.05.13 06:00,1.55843,1.55902,1.55660,1.55721,1598
2016.05.13 06:30,1.55723,1.55724,1.55588,1.55612,1101
2016.05.13 07:00,1.55613,1.55763,1.55613,1.55760,1187
2016.05.13 07:30,1.55760,1.55873,1.55752,1.55830,1038
2016.05.13 08:00,1.55828,1.55854,1.55689,1.55739,1226
2016.05.13 08:30,1.55740,1.55802,1.55648,1.55780,1272
2016.05.13 09:00,1.55778,1.55882,1.55659,1.55769,4462
2016.05.13 09:30,1.55770,1.55773,1.55501,1.55579,4088
2016.05.13 10:00,1.55577,1.55793,1.55552,1.55663,5045
2016.05.13 10:30,1.55659,1.55720,1.55315,1.55466,5121
2016.05.13 11:00,1.55465,1.55804,1.55414,1.55549,4557
2016.05.13 11:30,1.55548,1.55784,1.55500,1.55644,4000
2016.05.13 12:00,1.55645,1.55894,1.55566,1.55791,3592
2016.05.13 12:30,1.55791,1.55854,1.55662,1.55676,3683
2016.05.13 13:00,1.55676,1.55873,1.55627,1.55821,3227
2016.05.13 13:30,1.55822,1.55855,1.55698,1.55705,3652
2016.05.13 14:00,1.55708,1.55779,1.55609,1.55690,3468
2016.05.13 14:30,1.55686,1.55866,1.55659,1.55791,3547
2016.05.13 15:00,1.55795,1.55886,1.55588,1.55591,4546
2016.05.13 15:30,1.55534,1.55792,1.55201,1.55526,8162
2016.05.13 16:00,1.55524,1.55745,1.55522,1.55713,6592
2016.05.13 16:30,1.55713,1.55734,1.55415,1.55467,6635
2016.05.13 17:00,1.55447,1.55675,1.55421,1.55621,8110
2016.05.13 17:30,1.55632,1.55698,1.55328,1.55397,6173
2016.05.13 18:00,1.55393,1.55402,1.55148,1.55183,5089
2016.05.13 18:30,1.55183,1.55353,1.55172,1.55290,3393
2016.05.13 19:00,1.55290,1.55414,1.55214,1.55267,3473
2016.05.13 19:30,1.55267,1.55300,1.55178,1.55248,3346
2016.05.13 20:00,1.55248,1.55304,1.55188,1.55261,3280
2016.05.13 20:30,1.55262,1.55456,1.55261,1.55403,2996
2016.05.13 21:00,1.55400,1.55593,1.55393,1.55533,2134
2016.05.13 21:30,1.55534,1.55638,1.55439,1.55446,2055
2016.05.13 22:00,1.55445,1.55643,1.55436,1.55596,1696
2016.05.13 22:30,1.55598,1.55683,1.55557,1.55575,1384
2016.05.13 23:00,1.55581,1.55656,1.55503,1.55507,1363
2016.05.13 23:30,1.55507,1.55578,1.55268,1.55330,1236
2016.05.16 00:00,1.55923,1.55993,1.55578,1.55725,445
2016.05.16 00:30,1.55708,1.55812,1.55595,1.55658,841
2016.05.16 01:00,1.55690,1.55909,1.55577,1.55844,1763
2016.05.16 01:30,1.55844,1.55957,1.55760,1.55856,1741
2016.05.16 02:00,1.55850,1.55850,1.55652,1.55663,1053
2016.05.16 02:30,1.55657,1.55693,1.55549,1.55585,1053
2016.05.16 03:00,1.55586,1.55651,1.55170,1.55277,2512
2016.05.16 03:30,1.55276,1.55531,1.55268,1.55340,1917
2016.05.16 04:00,1.55340,1.55443,1.55298,1.55392,1607
2016.05.16 04:30,1.55393,1.55517,1.55313,1.55452,1953
2016.05.16 05:00,1.55451,1.55495,1.55236,1.55266,1882
2016.05.16 05:30,1.55265,1.55269,1.55147,1.55149,1319
2016.05.16 06:00,1.55150,1.55203,1.55008,1.55184,1229
2016.05.16 06:30,1.55183,1.55224,1.55019,1.55083,1130
2016.05.16 07:00,1.55084,1.55157,1.55069,1.55136,761
2016.05.16 07:30,1.55137,1.55308,1.55094,1.55289,1218
2016.05.16 08:00,1.55288,1.55360,1.55249,1.55320,1387
2016.05.16 08:30,1.55319,1.55367,1.55253,1.55327,1293
2016.05.16 09:00,1.55329,1.55347,1.55132,1.55300,3115
2016.05.16 09:30,1.55300,1.55305,1.55076,1.55083,2870
2016.05.16 10:00,1.55080,1.55382,1.55066,1.55379,4348
2016.05.16 10:30,1.55377,1.55395,1.55152,1.55153,3299
2016.05.16 11:00,1.55154,1.55276,1.55031,1.55104,3390
2016.05.16 11:30,1.55104,1.55355,1.55075,1.55230,3976
2016.05.16 12:00,1.55230,1.55318,1.55081,1.55144,2856
2016.05.16 12:30,1.55144,1.55205,1.55074,1.55130,2677
2016.05.16 13:00,1.55133,1.55298,1.55089,1.55233,2767
2016.05.16 13:30,1.55234,1.55334,1.55213,1.55260,2807
2016.05.16 14:00,1.55257,1.55365,1.55197,1.55250,2668
2016.05.16 14:30,1.55250,1.55339,1.55108,1.55323,2916
2016.05.16 15:00,1.55323,1.55351,1.55202,1.55202,4442
2016.05.16 15:30,1.55208,1.55424,1.55172,1.55293,4848
2016.05.16 16:00,1.55293,1.55414,1.55271,1.55342,4280
2016.05.16 16:30,1.55340,1.55409,1.55203,1.55278,5263
2016.05.16 17:00,1.55277,1.55369,1.55109,1.55154,4825
2016.05.16 17:30,1.55160,1.55311,1.55126,1.55157,5380
2016.05.16 18:00,1.55160,1.55268,1.55099,1.55227,3357
2016.05.16 18:30,1.55228,1.55272,1.55131,1.55188,2780
2016.05.16 19:00,1.55178,1.55361,1.55165,1.55359,2185
2016.05.16 19:30,1.55359,1.55360,1.55239,1.55282,2132
2016.05.16 20:00,1.55282,1.55354,1.55263,1.55327,1878
2016.05.16 20:30,1.55326,1.55393,1.55298,1.55321,1533
2016.05.16 21:00,1.55315,1.55333,1.55210,1.55233,1397
2016.05.16 21:30,1.55234,1.55264,1.55163,1.55244,1161
2016.05.16 22:00,1.55247,1.55264,1.55192,1.55224,981
2016.05.16 22:30,1.55225,1.55275,1.55202,1.55233,1033
2016.05.16 23:00,1.55234,1.55282,1.55221,1.55247,628
2016.05.16 23:30,1.55248,1.55302,1.55208,1.55269,1047
2016.05.17 00:00,1.55271,1.55317,1.55232,1.55240,296
2016.05.17 00:30,1.55243,1.55262,1.55161,1.55170,888
2016.05.17 01:00,1.55167,1.55242,1.55167,1.55190,1401
2016.05.17 01:30,1.55192,1.55255,1.55165,1.55212,923
2016.05.17 02:00,1.55212,1.55315,1.55212,1.55275,455
2016.05.17 02:30,1.55279,1.55284,1.55108,1.55271,1659
2016.05.17 03:00,1.55269,1.55278,1.55147,1.55197,1709
2016.05.17 03:30,1.55198,1.55422,1.55168,1.55287,1658
2016.05.17 04:00,1.55288,1.55365,1.55240,1.55287,1669
2016.05.17 04:30,1.55290,1.55290,1.54003,1.54199,5810
2016.05.17 05:00,1.54201,1.54248,1.53653,1.53730,3013
2016.05.17 05:30,1.53729,1.53890,1.53680,1.53785,2156
2016.05.17 06:00,1.53784,1.54037,1.53773,1.53983,2381
2016.05.17 06:30,1.53984,1.54026,1.53871,1.54001,1334
2016.05.17 07:00,1.54002,1.54028,1.53875,1.53897,914
2016.05.17 07:30,1.53896,1.53943,1.53768,1.53792,1280
2016.05.17 08:00,1.53791,1.53992,1.53791,1.53968,1010
2016.05.17 08:30,1.53964,1.54005,1.53794,1.53986,1523
2016.05.17 09:00,1.53986,1.54040,1.53849,1.53870,3216
2016.05.17 09:30,1.53871,1.54137,1.53782,1.54045,4254
2016.05.17 10:00,1.54045,1.54106,1.53900,1.54046,4431
2016.05.17 10:30,1.54048,1.54348,1.53991,1.54344,4290
2016.05.17 11:00,1.54340,1.54639,1.54263,1.54604,4320
2016.05.17 11:30,1.54607,1.54641,1.54401,1.54584,4701
2016.05.17 12:00,1.54585,1.54697,1.54553,1.54632,4309
2016.05.17 12:30,1.54630,1.54712,1.54574,1.54669,3659
2016.05.17 13:00,1.54668,1.54692,1.54491,1.54573,3040
2016.05.17 13:30,1.54573,1.54607,1.54495,1.54547,2656
2016.05.17 14:00,1.54548,1.54676,1.54464,1.54594,3545
2016.05.17 14:30,1.54597,1.54691,1.54546,1.54555,2659
2016.05.17 15:00,1.54558,1.54629,1.54435,1.54452,3971
2016.05.17 15:30,1.54452,1.54589,1.54337,1.54458,7188
2016.05.17 16:00,1.54458,1.54588,1.54345,1.54567,5414
2016.05.17 16:30,1.54568,1.54941,1.54417,1.54667,7253
2016.05.17 17:00,1.54667,1.54889,1.54617,1.54694,6945
2016.05.17 17:30,1.54695,1.54726,1.54319,1.54370,6282
2016.05.17 18:00,1.54372,1.54496,1.54305,1.54473,5293
2016.05.17 18:30,1.54474,1.54481,1.54165,1.54197,3683
2016.05.17 19:00,1.54197,1.54264,1.54133,1.54211,2450
2016.05.17 19:30,1.54211,1.54358,1.54204,1.54339,2422
2016.05.17 20:00,1.54340,1.54418,1.54274,1.54379,2264
2016.05.17 20:30,1.54377,1.54386,1.54268,1.54344,1844
2016.05.17 21:00,1.54344,1.54445,1.54267,1.54399,2058
2016.05.17 21:30,1.54400,1.54537,1.54390,1.54512,1651
2016.05.17 22:00,1.54511,1.54581,1.54427,1.54527,1423
2016.05.17 22:30,1.54528,1.54562,1.54380,1.54389,1462
2016.05.17 23:00,1.54388,1.54401,1.54337,1.54353,865
2016.05.17 23:30,1.54352,1.54473,1.54308,1.54402,1308
2016.05.18 00:00,1.54413,1.54469,1.54224,1.54437,708
2016.05.18 00:30,1.54437,1.54494,1.54390,1.54397,1098
2016.05.18 01:00,1.54399,1.54490,1.54392,1.54485,933
2016.05.18 01:30,1.54484,1.54543,1.54426,1.54495,1121
2016.05.18 02:00,1.54493,1.54558,1.54440,1.54558,521
2016.05.18 02:30,1.54556,1.54750,1.54514,1.54607,1435
2016.05.18 03:00,1.54605,1.54855,1.54560,1.54842,2280
2016.05.18 03:30,1.54844,1.55014,1.54781,1.55005,2311
2016.05.18 04:00,1.55004,1.55014,1.54770,1.54815,2832
2016.05.18 04:30,1.54814,1.55175,1.54809,1.54918,3108
2016.05.18 05:00,1.54916,1.54950,1.54793,1.54840,1726
2016.05.18 05:30,1.54841,1.54903,1.54739,1.54780,1842
2016.05.18 06:00,1.54782,1.54931,1.54778,1.54918,1197
2016.05.18 06:30,1.54917,1.55023,1.54825,1.55016,1697
2016.05.18 07:00,1.55014,1.55014,1.54911,1.54945,1409
2016.05.18 07:30,1.54942,1.54997,1.54849,1.54881,1373
2016.05.18 08:00,1.54879,1.54975,1.54793,1.54934,1516
2016.05.18 08:30,1.54933,1.54981,1.54832,1.54931,1504
2016.05.18 09:00,1.54934,1.55200,1.54914,1.55092,4104
2016.05.18 09:30,1.55092,1.55244,1.54970,1.55240,3295
2016.05.18 10:00,1.55238,1.55238,1.54970,1.55010,5419
2016.05.18 10:30,1.55009,1.55040,1.54833,1.54937,4606
2016.05.18 11:00,1.54938,1.54940,1.54678,1.54920,4316
2016.05.18 11:30,1.54918,1.55053,1.54815,1.54837,4177
2016.05.18 12:00,1.54837,1.54955,1.54698,1.54955,4213
2016.05.18 12:30,1.54954,1.54963,1.54739,1.54753,3020
2016.05.18 13:00,1.54753,1.54851,1.54731,1.54830,2912
2016.05.18 13:30,1.54831,1.54845,1.54748,1.54791,3639
2016.05.18 14:00,1.54788,1.54924,1.54661,1.54845,5143
2016.05.18 14:30,1.54845,1.55040,1.54808,1.55006,3406
2016.05.18 15:00,1.55006,1.55242,1.54949,1.55118,4684
2016.05.18 15:30,1.55118,1.55316,1.55067,1.55220,4956
2016.05.18 16:00,1.55220,1.55515,1.55213,1.55333,5846
2016.05.18 16:30,1.55333,1.55379,1.55109,1.55191,7011
2016.05.18 17:00,1.55191,1.55331,1.55113,1.55168,5942
2016.05.18 17:30,1.55177,1.55266,1.55037,1.55074,6904
2016.05.18 18:00,1.55072,1.55109,1.54802,1.54828,5039
2016.05.18 18:30,1.54826,1.54900,1.54706,1.54804,4449
2016.05.18 19:00,1.54806,1.54821,1.54699,1.54814,2494
2016.05.18 19:30,1.54814,1.54814,1.54725,1.54737,2522
2016.05.18 20:00,1.54737,1.54771,1.54655,1.54689,2820
2016.05.18 20:30,1.54689,1.54785,1.54596,1.54683,2888
2016.05.18 21:00,1.54671,1.55332,1.54553,1.55156,9744
2016.05.18 21:30,1.55155,1.55348,1.55081,1.55145,5375
2016.05.18 22:00,1.55144,1.55391,1.55124,1.55355,4154
2016.05.18 22:30,1.55354,1.55370,1.55178,1.55225,2633
2016.05.18 23:00,1.55224,1.55252,1.55122,1.55127,1449
2016.05.18 23:30,1.55126,1.55175,1.55063,1.55104,1466
2016.05.19 00:00,1.55065,1.55431,1.55065,1.55303,788
2016.05.19 00:30,1.55302,1.55309,1.55233,1.55262,349
2016.05.19 01:00,1.55259,1.55259,1.55093,1.55119,1656
2016.05.19 01:30,1.55120,1.55144,1.54972,1.55138,1459
2016.05.19 02:00,1.55133,1.55164,1.55046,1.55155,1235
2016.05.19 02:30,1.55156,1.55343,1.55152,1.55340,1614
2016.05.19 03:00,1.55340,1.55505,1.55340,1.55395,2012
2016.05.19 03:30,1.55396,1.55511,1.55378,1.55450,1649
2016.05.19 04:00,1.55451,1.55516,1.55136,1.55231,2580
2016.05.19 04:30,1.55231,1.55703,1.55231,1.55619,4554
2016.05.19 05:00,1.55618,1.55623,1.55344,1.55580,2502
2016.05.19 05:30,1.55583,1.55619,1.55493,1.55587,1863
2016.05.19 06:00,1.55586,1.55602,1.55481,1.55521,1472
2016.05.19 06:30,1.55519,1.55600,1.55491,1.55569,1232
2016.05.19 07:00,1.55570,1.55779,1.55534,1.55684,1843
2016.05.19 07:30,1.55683,1.55737,1.55621,1.55712,1662
2016.05.19 08:00,1.55711,1.55767,1.55619,1.55683,1496
2016.05.19 08:30,1.55685,1.55837,1.55621,1.55805,2125
2016.05.19 09:00,1.55806,1.55853,1.55541,1.55602,4781
2016.05.19 09:30,1.55602,1.55656,1.55510,1.55628,4023
2016.05.19 10:00,1.55629,1.55700,1.55334,1.55407,5831
2016.05.19 10:30,1.55411,1.55518,1.55260,1.55390,5344
2016.05.19 11:00,1.55389,1.55713,1.55340,1.55674,5421
2016.05.19 11:30,1.55674,1.55788,1.55561,1.55595,5170
2016.05.19 12:00,1.55598,1.55626,1.55488,1.55510,4050
2016.05.19 12:30,1.55508,1.55822,1.55472,1.55716,4274
2016.05.19 13:00,1.55724,1.55770,1.55632,1.55632,3979
2016.05.19 13:30,1.55630,1.55771,1.55619,1.55671,3569
2016.05.19 14:00,1.55670,1.55699,1.55518,1.55611,3729
2016.05.19 14:30,1.55611,1.55687,1.55487,1.55573,4928
2016.05.19 15:00,1.55576,1.55657,1.55491,1.55491,4934
2016.05.19 15:30,1.55499,1.55827,1.55496,1.55621,7391
2016.05.19 16:00,1.55622,1.55663,1.55331,1.55410,6740
2016.05.19 16:30,1.55414,1.55512,1.55201,1.55512,7372
2016.05.19 17:00,1.55511,1.55630,1.55430,1.55529,6593
2016.05.19 17:30,1.55531,1.55704,1.55324,1.55653,9547
2016.05.19 18:00,1.55654,1.55735,1.55531,1.55617,7304
2016.05.19 18:30,1.55617,1.55651,1.55451,1.55467,4280
2016.05.19 19:00,1.55467,1.55482,1.55254,1.55353,4179
2016.05.19 19:30,1.55353,1.55393,1.55260,1.55302,3211
2016.05.19 20:00,1.55300,1.55316,1.55128,1.55129,3283
2016.05.19 20:30,1.55128,1.55158,1.55018,1.55062,2633
2016.05.19 21:00,1.55055,1.55087,1.54930,1.54963,1640
2016.05.19 21:30,1.54964,1.55080,1.54961,1.55075,1335
2016.05.19 22:00,1.55076,1.55094,1.54973,1.55042,1446
2016.05.19 22:30,1.55044,1.55087,1.54915,1.54963,1950
2016.05.19 23:00,1.54965,1.55025,1.54932,1.54977,1205
2016.05.19 23:30,1.54976,1.55009,1.54931,1.54982,717
2016.05.20 00:00,1.54977,1.55035,1.54905,1.54994,351
2016.05.20 00:30,1.54988,1.55076,1.54984,1.55005,705
2016.05.20 01:00,1.55005,1.55087,1.54991,1.55012,1091
2016.05.20 01:30,1.55014,1.55018,1.54905,1.54947,820
2016.05.20 02:00,1.54948,1.54985,1.54885,1.54950,858
2016.05.20 02:30,1.54949,1.55021,1.54891,1.54894,1188
2016.05.20 03:00,1.54895,1.54938,1.54710,1.54769,2573
2016.05.20 03:30,1.54771,1.54911,1.54736,1.54895,1563
2016.05.20 04:00,1.54894,1.54927,1.54764,1.54787,1706
2016.05.20 04:30,1.54784,1.54950,1.54773,1.54894,1701
2016.05.20 05:00,1.54893,1.54893,1.54751,1.54763,1581
2016.05.20 05:30,1.54761,1.54857,1.54715,1.54805,1519
2016.05.20 06:00,1.54806,1.54941,1.54754,1.54924,994
2016.05.20 06:30,1.54923,1.55022,1.54839,1.54993,1190
2016.05.20 07:00,1.54992,1.55004,1.54841,1.54849,1417
2016.05.20 07:30,1.54850,1.54933,1.54850,1.54909,942
2016.05.20 08:00,1.54909,1.55003,1.54907,1.54921,1061
2016.05.20 08:30,1.54914,1.54980,1.54842,1.54876,1431
2016.05.20 09:00,1.54877,1.54882,1.54728,1.54853,3099
2016.05.20 09:30,1.54856,1.55016,1.54742,1.55003,3298
2016.05.20 10:00,1.55002,1.55126,1.54898,1.54975,4960
2016.05.20 10:30,1.54973,1.54994,1.54643,1.54843,4281
2016.05.20 11:00,1.54841,1.55191,1.54814,1.55061,4519
2016.05.20 11:30,1.55064,1.55100,1.54873,1.55019,4187
2016.05.20 12:00,1.55018,1.55193,1.54937,1.55169,3988
2016.05.20 12:30,1.55168,1.55199,1.55105,1.55190,3225
2016.05.20 13:00,1.55188,1.55189,1.55021,1.55144,3147
2016.05.20 13:30,1.55145,1.55235,1.55080,1.55210,3001
2016.05.20 14:00,1.55210,1.55260,1.55143,1.55197,2986
2016.05.20 14:30,1.55194,1.55334,1.55130,1.55151,3065
2016.05.20 15:00,1.55152,1.55262,1.55103,1.55141,3931
2016.05.20 15:30,1.55144,1.55218,1.55016,1.55036,4452
2016.05.20 16:00,1.55042,1.55248,1.54996,1.55189,4518
2016.05.20 16:30,1.55189,1.55334,1.55035,1.55323,6193
2016.05.20 17:00,1.55327,1.55369,1.55160,1.55339,4815
2016.05.20 17:30,1.55336,1.55366,1.55146,1.55257,4944
2016.05.20 18:00,1.55255,1.55328,1.55111,1.55207,4208
2016.05.20 18:30,1.55207,1.55343,1.55151,1.55325,3088
2016.05.20 19:00,1.55326,1.55333,1.55207,1.55297,2939
2016.05.20 19:30,1.55301,1.55348,1.55263,1.55320,2312
2016.05.20 20:00,1.55320,1.55370,1.55260,1.55313,1907
2016.05.20 20:30,1.55321,1.55364,1.55290,1.55320,2386
2016.05.20 21:00,1.55317,1.55370,1.55273,1.55302,1575
2016.05.20 21:30,1.55306,1.55366,1.55235,1.55361,1332
2016.05.20 22:00,1.55364,1.55375,1.55289,1.55324,1220
2016.05.20 22:30,1.55328,1.55345,1.55210,1.55247,1118
2016.05.20 23:00,1.55244,1.55284,1.55215,1.55280,792
2016.05.20 23:30,1.55279,1.55338,1.55249,1.55305,995
2016.05.23 00:00,1.55158,1.55308,1.54922,1.55122,261
2016.05.23 00:30,1.55118,1.55247,1.55086,1.55146,1027
2016.05.23 01:00,1.55154,1.55201,1.55101,1.55140,1637
2016.05.23 01:30,1.55139,1.55187,1.55083,1.55184,672
2016.05.23 02:00,1.55188,1.55259,1.55125,1.55238,682
2016.05.23 02:30,1.55239,1.55331,1.55175,1.55304,1104
2016.05.23 03:00,1.55304,1.55348,1.55183,1.55267,1791
2016.05.23 03:30,1.55268,1.55276,1.55048,1.55063,1751
2016.05.23 04:00,1.55064,1.55301,1.55064,1.55225,2435
2016.05.23 04:30,1.55226,1.55295,1.55148,1.55206,1735
2016.05.23 05:00,1.55207,1.55250,1.55132,1.55209,1319
2016.05.23 05:30,1.55207,1.55210,1.55092,1.55138,1033
2016.05.23 06:00,1.55139,1.55139,1.54891,1.54917,1407
2016.05.23 06:30,1.54916,1.55005,1.54872,1.54930,1746
2016.05.23 07:00,1.54929,1.54949,1.54737,1.54852,1721
2016.05.23 07:30,1.54853,1.54911,1.54789,1.54843,1209
2016.05.23 08:00,1.54844,1.54933,1.54784,1.54856,1168
2016.05.23 08:30,1.54857,1.55043,1.54825,1.54978,1469
2016.05.23 09:00,1.54979,1.55022,1.54880,1.54956,2920
2016.05.23 09:30,1.54953,1.55087,1.54905,1.55048,2848
2016.05.23 10:00,1.55046,1.55487,1.55022,1.55460,5635
2016.05.23 10:30,1.55459,1.55562,1.55284,1.55348,4110
2016.05.23 11:00,1.55358,1.55362,1.55031,1.55066,5241
2016.05.23 11:30,1.55066,1.55213,1.55055,1.55191,3465
2016.05.23 12:00,1.55190,1.55251,1.55112,1.55222,3428
2016.05.23 12:30,1.55222,1.55409,1.55126,1.55348,3927
2016.05.23 13:00,1.55348,1.55455,1.55305,1.55374,3817
2016.05.23 13:30,1.55374,1.55465,1.55310,1.55376,3274
2016.05.23 14:00,1.55374,1.55474,1.55351,1.55387,2945
2016.05.23 14:30,1.55388,1.55391,1.55241,1.55342,2791
2016.05.23 15:00,1.55343,1.55542,1.55325,1.55465,4558
2016.05.23 15:30,1.55465,1.55510,1.55373,1.55464,3836
2016.05.23 16:00,1.55461,1.55499,1.55332,1.55446,5091
2016.05.23 16:30,1.55444,1.55506,1.55060,1.55065,4796
2016.05.23 17:00,1.55066,1.55168,1.55014,1.55122,5874
2016.05.23 17:30,1.55123,1.55427,1.55109,1.55411,4994
2016.05.23 18:00,1.55411,1.55460,1.55175,1.55206,4698
2016.05.23 18:30,1.55208,1.55454,1.55176,1.55381,3709
2016.05.23 19:00,1.55384,1.55411,1.55281,1.55364,2598
2016.05.23 19:30,1.55362,1.55419,1.55296,1.55348,2620
2016.05.23 20:00,1.55351,1.55465,1.55290,1.55376,3277
2016.05.23 20:30,1.55376,1.55416,1.55313,1.55384,2657
2016.05.23 21:00,1.55385,1.55463,1.55319,1.55338,1476
2016.05.23 21:30,1.55337,1.55397,1.55316,1.55322,1315
2016.05.23 22:00,1.55321,1.55357,1.55278,1.55294,933
2016.05.23 22:30,1.55296,1.55337,1.55243,1.55245,909
2016.05.23 23:00,1.55247,1.55302,1.55218,1.55241,963
2016.05.23 23:30,1.55239,1.55343,1.55239,1.55290,816
2016.05.24 00:00,1.55299,1.55306,1.55247,1.55275,416
2016.05.24 00:30,1.55277,1.55336,1.55251,1.55279,983
2016.05.24 01:00,1.55275,1.55311,1.55240,1.55293,1122
2016.05.24 01:30,1.55291,1.55293,1.55179,1.55243,799
2016.05.24 02:00,1.55244,1.55305,1.55243,1.55297,610
2016.05.24 02:30,1.55298,1.55327,1.55248,1.55327,608
2016.05.24 03:00,1.55331,1.55493,1.55289,1.55434,1542
2016.05.24 03:30,1.55435,1.55525,1.55331,1.55377,1604
2016.05.24 04:00,1.55376,1.55393,1.55144,1.55184,1748
2016.05.24 04:30,1.55185,1.55344,1.55153,1.55324,1785
2016.05.24 05:00,1.55322,1.55413,1.55293,1.55371,1528
2016.05.24 05:30,1.55370,1.55378,1.55198,1.55239,1231
2016.05.24 06:00,1.55238,1.55681,1.55147,1.55669,2187
2016.05.24 06:30,1.55673,1.55974,1.55648,1.55793,3039
2016.05.24 07:00,1.55792,1.55831,1.55720,1.55785,1340
2016.05.24 07:30,1.55784,1.55858,1.55738,1.55779,1344
2016.05.24 08:00,1.55780,1.55838,1.55686,1.55830,1047
2016.05.24 08:30,1.55828,1.56061,1.55795,1.55940,1628
2016.05.24 09:00,1.55938,1.56041,1.55831,1.55935,3744
2016.05.24 09:30,1.55935,1.56446,1.55917,1.56328,4972
2016.05.24 10:00,1.56326,1.56385,1.56102,1.56172,4624
2016.05.24 10:30,1.56172,1.56246,1.56041,1.56237,5845
2016.05.24 11:00,1.56237,1.56237,1.55963,1.56055,4542
2016.05.24 11:30,1.56056,1.56164,1.55949,1.56027,4189
2016.05.24 12:00,1.56026,1.56331,1.55991,1.56260,4772
2016.05.24 12:30,1.56262,1.56286,1.55957,1.56099,4239
2016.05.24 13:00,1.56097,1.56202,1.56015,1.56032,3509
2016.05.24 13:30,1.56034,1.56204,1.55984,1.56201,3843
2016.05.24 14:00,1.56201,1.56383,1.56135,1.56355,3701
2016.05.24 14:30,1.56356,1.56393,1.56144,1.56145,3754
2016.05.24 15:00,1.56146,1.56159,1.55853,1.56002,5895
2016.05.24 15:30,1.56001,1.56006,1.55756,1.55787,4952
2016.05.24 16:00,1.55790,1.55822,1.55719,1.55808,4464
2016.05.24 16:30,1.55806,1.55809,1.55576,1.55694,5606
2016.05.24 17:00,1.55689,1.55777,1.55367,1.55443,6264
2016.05.24 17:30,1.55443,1.55446,1.55229,1.55302,5566
2016.05.24 18:00,1.55295,1.55364,1.55039,1.55134,5087
2016.05.24 18:30,1.55134,1.55244,1.55070,1.55124,3811
2016.05.24 19:00,1.55124,1.55278,1.55073,1.55242,3450
2016.05.24 19:30,1.55242,1.55269,1.55180,1.55260,2755
2016.05.24 20:00,1.55261,1.55421,1.55207,1.55390,2798
2016.05.24 20:30,1.55390,1.55481,1.55344,1.55372,2482
2016.05.24 21:00,1.55368,1.55425,1.55285,1.55294,1769
2016.05.24 21:30,1.55295,1.55324,1.55189,1.55192,1580
2016.05.24 22:00,1.55198,1.55213,1.55135,1.55191,1936
2016.05.24 22:30,1.55190,1.55230,1.55157,1.55180,1208
2016.05.24 23:00,1.55183,1.55210,1.55084,1.55107,1165
2016.05.24 23:30,1.55106,1.55134,1.55040,1.55042,877
2016.05.25 00:00,1.55041,1.55074,1.55007,1.55032,669
2016.05.25 00:30,1.55028,1.55083,1.54932,1.54971,596
2016.05.25 01:00,1.54968,1.55032,1.54961,1.54998,1890
2016.05.25 01:30,1.54996,1.55031,1.54782,1.54784,1420
2016.05.25 02:00,1.54788,1.54901,1.54778,1.54805,1340
2016.05.25 02:30,1.54806,1.54877,1.54745,1.54869,1264
2016.05.25 03:00,1.54869,1.54940,1.54842,1.54877,1638
2016.05.25 03:30,1.54875,1.54971,1.54846,1.54922,1295
2016.05.25 04:00,1.54922,1.55217,1.54876,1.55200,2100
2016.05.25 04:30,1.55200,1.55251,1.55110,1.55169,2259
2016.05.25 05:00,1.55169,1.55258,1.55027,1.55055,2154
2016.05.25 05:30,1.55055,1.55113,1.54837,1.54945,1998
2016.05.25 06:00,1.54947,1.54947,1.54619,1.54695,2984
2016.05.25 06:30,1.54702,1.54782,1.54645,1.54754,2548
2016.05.25 07:00,1.54754,1.54817,1.54733,1.54806,1316
2016.05.25 07:30,1.54807,1.54881,1.54738,1.54829,1096
2016.05.25 08:00,1.54833,1.54860,1.54608,1.54703,1541
2016.05.25 08:30,1.54704,1.54772,1.54598,1.54750,1635
2016.05.25 09:00,1.54756,1.54839,1.54563,1.54600,3214
2016.05.25 09:30,1.54599,1.54634,1.54471,1.54512,3710
2016.05.25 10:00,1.54512,1.55019,1.54512,1.54902,5051
2016.05.25 10:30,1.54902,1.54994,1.54817,1.54903,4394
2016.05.25 11:00,1.54903,1.55029,1.54890,1.55002,4181
2016.05.25 11:30,1.55002,1.55094,1.54903,1.54930,3509
2016.05.25 12:00,1.54928,1.55062,1.54863,1.54898,3472
2016.05.25 12:30,1.54898,1.54913,1.54722,1.54748,3526
2016.05.25 13:00,1.54748,1.54819,1.54631,1.54689,3221
2016.05.25 13:30,1.54688,1.54749,1.54586,1.54610,3099
2016.05.25 14:00,1.54609,1.54767,1.54520,1.54728,3781
2016.05.25 14:30,1.54728,1.54757,1.54600,1.54720,3557
2016.05.25 15:00,1.54720,1.54824,1.54660,1.54689,3502
2016.05.25 15:30,1.54687,1.54773,1.54590,1.54753,3882
2016.05.25 16:00,1.54751,1.54967,1.54730,1.54885,3664
2016.05.25 16:30,1.54885,1.55108,1.54837,1.54910,5125
2016.05.25 17:00,1.54911,1.54925,1.54637,1.54791,6466
2016.05.25 17:30,1.54800,1.55099,1.54771,1.55071,6533
2016.05.25 18:00,1.55070,1.55386,1.54964,1.55280,6137
2016.05.25 18:30,1.55275,1.55311,1.55191,1.55227,3830
2016.05.25 19:00,1.55229,1.55295,1.55184,1.55238,2610
2016.05.25 19:30,1.55234,1.55253,1.55138,1.55190,2524
2016.05.25 20:00,1.55190,1.55229,1.55033,1.55058,2621
2016.05.25 20:30,1.55055,1.55168,1.55020,1.55101,1950
2016.05.25 21:00,1.55100,1.55118,1.54976,1.54979,1541
2016.05.25 21:30,1.54981,1.55072,1.54965,1.55045,2054
2016.05.25 22:00,1.55046,1.55047,1.54952,1.54960,1450
2016.05.25 22:30,1.54959,1.55034,1.54840,1.54860,1609
2016.05.25 23:00,1.54862,1.54877,1.54800,1.54814,1061
2016.05.25 23:30,1.54813,1.55011,1.54759,1.54931,2468
2016.05.26 00:00,1.54976,1.55083,1.54852,1.54934,492
2016.05.26 00:30,1.54935,1.55141,1.54935,1.55141,960
2016.05.26 01:00,1.55128,1.55147,1.54999,1.55070,1929
2016.05.26 01:30,1.55068,1.55187,1.55039,1.55123,1516
2016.05.26 02:00,1.55124,1.55182,1.55103,1.55160,1092
2016.05.26 02:30,1.55161,1.55294,1.55132,1.55206,1198
2016.05.26 03:00,1.55210,1.55333,1.54990,1.55316,2384
2016.05.26 03:30,1.55314,1.55451,1.55280,1.55411,2281
2016.05.26 04:00,1.55410,1.55586,1.55317,1.55585,2255
2016.05.26 04:30,1.55590,1.55975,1.55309,1.55485,3681
2016.05.26 05:00,1.55482,1.55501,1.54895,1.55007,3024
2016.05.26 05:30,1.55006,1.55116,1.54945,1.55100,1469
2016.05.26 06:00,1.55099,1.55176,1.54926,1.55142,1687
2016.05.26 06:30,1.55141,1.55171,1.55042,1.55171,1011
2016.05.26 07:00,1.55170,1.55171,1.54961,1.55017,1331
2016.05.26 07:30,1.55016,1.55113,1.55010,1.55056,1079
2016.05.26 08:00,1.55053,1.55141,1.55019,1.55112,1315
2016.05.26 08:30,1.55111,1.55111,1.54911,1.54999,1807
2016.05.26 09:00,1.55000,1.55205,1.54969,1.55150,2988
2016.05.26 09:30,1.55150,1.55294,1.55105,1.55267,2772
2016.05.26 10:00,1.55269,1.55288,1.55101,1.55168,3399
2016.05.26 10:30,1.55168,1.55278,1.55101,1.55264,3557
2016.05.26 11:00,1.55268,1.55324,1.55152,1.55254,3065
2016.05.26 11:30,1.55253,1.55253,1.54993,1.55110,3866
2016.05.26 12:00,1.55112,1.55162,1.55071,1.55130,2989
2016.05.26 12:30,1.55132,1.55145,1.54985,1.55071,2730
2016.05.26 13:00,1.55071,1.55087,1.54795,1.54891,3375
2016.05.26 13:30,1.54890,1.54939,1.54751,1.54789,3492
2016.05.26 14:00,1.54790,1.54917,1.54755,1.54871,2720
2016.05.26 14:30,1.54870,1.54950,1.54782,1.54796,3554
2016.05.26 15:00,1.54796,1.54889,1.54697,1.54704,4369
2016.05.26 15:30,1.54698,1.54942,1.54654,1.54776,6539
2016.05.26 16:00,1.54776,1.54918,1.54760,1.54903,5688
2016.05.26 16:30,1.54903,1.55056,1.54843,1.54900,6502
2016.05.26 17:00,1.54896,1.54947,1.54737,1.54749,5448
2016.05.26 17:30,1.54748,1.55037,1.54730,1.54935,5606
2016.05.26 18:00,1.54933,1.54991,1.54816,1.54831,5044
2016.05.26 18:30,1.54831,1.54868,1.54721,1.54744,3296
2016.05.26 19:00,1.54742,1.54951,1.54735,1.54859,3437
2016.05.26 19:30,1.54858,1.54925,1.54821,1.54892,2524
2016.05.26 20:00,1.54896,1.54927,1.54817,1.54867,2909
2016.05.26 20:30,1.54867,1.54994,1.54862,1.54918,1944
2016.05.26 21:00,1.54915,1.55003,1.54895,1.54975,1225
2016.05.26 21:30,1.54974,1.55104,1.54932,1.55101,1750
2016.05.26 22:00,1.55102,1.55103,1.55001,1.55032,1036
2016.05.26 22:30,1.55031,1.55031,1.54936,1.54940,865
2016.05.26 23:00,1.54942,1.55077,1.54913,1.55019,1397
2016.05.26 23:30,1.55020,1.55021,1.54873,1.54873,829
2016.05.27 00:00,1.54873,1.54931,1.54847,1.54922,524
2016.05.27 00:30,1.54923,1.54930,1.54862,1.54898,582
2016.05.27 01:00,1.54898,1.55020,1.54862,1.55018,2449
2016.05.27 01:30,1.55020,1.55026,1.54881,1.54919,987
2016.05.27 02:00,1.54920,1.54944,1.54852,1.54941,702
2016.05.27 02:30,1.54942,1.54971,1.54842,1.54882,1149
2016.05.27 03:00,1.54882,1.54934,1.54765,1.54831,2346
2016.05.27 03:30,1.54829,1.54887,1.54763,1.54781,1771
2016.05.27 04:00,1.54782,1.54967,1.54745,1.54946,2358
2016.05.27 04:30,1.54947,1.54955,1.54802,1.54809,1454
2016.05.27 05:00,1.54807,1.54863,1.54739,1.54812,1618
2016.05.27 05:30,1.54813,1.54996,1.54799,1.54971,1944
2016.05.27 06:00,1.54970,1.54989,1.54865,1.54923,1160
2016.05.27 06:30,1.54920,1.54978,1.54879,1.54890,1122
2016.05.27 07:00,1.54889,1.54925,1.54821,1.54919,1329
2016.05.27 07:30,1.54917,1.54961,1.54892,1.54915,901
2016.05.27 08:00,1.54916,1.54960,1.54779,1.54872,1158
2016.05.27 08:30,1.54873,1.54877,1.54724,1.54842,1422
2016.05.27 09:00,1.54844,1.54967,1.54792,1.54967,3438
2016.05.27 09:30,1.54965,1.54965,1.54832,1.54912,2452
2016.05.27 10:00,1.54910,1.54979,1.54854,1.54938,3972
2016.05.27 10:30,1.54938,1.54938,1.54663,1.54729,3981
2016.05.27 11:00,1.54729,1.54893,1.54680,1.54847,3146
2016.05.27 11:30,1.54850,1.54968,1.54814,1.54908,3802
2016.05.27 12:00,1.54907,1.54924,1.54704,1.54740,3658
2016.05.27 12:30,1.54739,1.54763,1.54666,1.54716,2608
2016.05.27 13:00,1.54718,1.54789,1.54618,1.54774,3111
2016.05.27 13:30,1.54774,1.55042,1.54727,1.55004,3215
2016.05.27 14:00,1.55004,1.55012,1.54883,1.54896,2756
2016.05.27 14:30,1.54895,1.54915,1.54776,1.54850,3186
2016.05.27 15:00,1.54850,1.54857,1.54762,1.54769,3129
2016.05.27 15:30,1.54741,1.54880,1.54665,1.54847,6357
2016.05.27 16:00,1.54847,1.55030,1.54826,1.54848,5573
2016.05.27 16:30,1.54852,1.54905,1.54756,1.54898,4457
2016.05.27 17:00,1.54898,1.54951,1.54759,1.54857,5821
2016.05.27 17:30,1.54857,1.54907,1.54778,1.54814,5203
2016.05.27 18:00,1.54815,1.54838,1.54599,1.54611,4450
2016.05.27 18:30,1.54610,1.54656,1.54553,1.54596,3160
2016.05.27 19:00,1.54596,1.54645,1.54560,1.54633,2364
2016.05.27 19:30,1.54630,1.54744,1.54614,1.54667,2381
2016.05.27 20:00,1.54670,1.54761,1.54646,1.54716,2784
2016.05.27 20:30,1.54713,1.54924,1.54681,1.54909,6288
2016.05.27 21:00,1.54910,1.54940,1.54821,1.54849,2753
2016.05.27 21:30,1.54850,1.54872,1.54660,1.54692,1737
2016.05.27 22:00,1.54694,1.54761,1.54644,1.54702,1101
2016.05.27 22:30,1.54703,1.54737,1.54615,1.54670,1016
2016.05.27 23:00,1.54669,1.54691,1.54587,1.54597,791
2016.05.27 23:30,1.54595,1.54649,1.54314,1.54406,979
2016.05.30 00:00,1.54815,1.54843,1.54761,1.54811,238
2016.05.30 00:30,1.54775,1.54839,1.54621,1.54792,403
2016.05.30 01:00,1.54789,1.54793,1.54668,1.54673,1019
2016.05.30 01:30,1.54673,1.54765,1.54587,1.54674,2879
2016.05.30 02:00,1.54671,1.54685,1.54544,1.54636,1767
2016.05.30 02:30,1.54637,1.54780,1.54627,1.54725,1742
2016.05.30 03:00,1.54724,1.54773,1.54627,1.54746,2715
2016.05.30 03:30,1.54747,1.54933,1.54686,1.54754,2526
2016.05.30 04:00,1.54752,1.55269,1.54752,1.55187,2891
2016.05.30 04:30,1.55195,1.55209,1.55003,1.55063,2819
2016.05.30 05:00,1.55062,1.55081,1.54938,1.55038,1816
2016.05.30 05:30,1.55040,1.55042,1.54794,1.54868,1580
2016.05.30 06:00,1.54869,1.54902,1.54772,1.54870,1640
2016.05.30 06:30,1.54871,1.54896,1.54776,1.54880,1050
2016.05.30 07:00,1.54878,1.55083,1.54864,1.55060,1259
2016.05.30 07:30,1.55057,1.55127,1.55009,1.55070,1366
2016.05.30 08:00,1.55071,1.55121,1.55028,1.55039,1167
2016.05.30 08:30,1.55038,1.55083,1.54936,1.55079,1251
2016.05.30 09:00,1.55080,1.55154,1.54995,1.55012,2704
2016.05.30 09:30,1.55012,1.55123,1.54968,1.55022,2168
2016.05.30 10:00,1.55023,1.55094,1.54910,1.55016,3326
2016.05.30 10:30,1.55015,1.55172,1.55010,1.55106,3363
2016.05.30 11:00,1.55108,1.55223,1.55050,1.55201,2663
2016.05.30 11:30,1.55201,1.55279,1.55015,1.55020,3346
2016.05.30 12:00,1.55022,1.55147,1.55011,1.55122,2893
2016.05.30 12:30,1.55122,1.55178,1.55075,1.55087,2586
2016.05.30 13:00,1.55086,1.55133,1.55031,1.55089,2114
2016.05.30 13:30,1.55090,1.55142,1.55040,1.55057,2025
2016.05.30 14:00,1.55058,1.55066,1.54984,1.55039,1793
2016.05.30 14:30,1.55038,1.55064,1.54992,1.55021,1894
2016.05.30 15:00,1.55021,1.55048,1.54962,1.54987,2754
2016.05.30 15:30,1.54988,1.55066,1.54960,1.55040,2268
2016.05.30 16:00,1.55041,1.55183,1.55005,1.55141,2023
2016.05.30 16:30,1.55138,1.55189,1.55101,1.55143,1745
2016.05.30 17:00,1.55146,1.55199,1.55112,1.55114,1768
2016.05.30 17:30,1.55114,1.55143,1.55042,1.55042,2107
2016.05.30 18:00,1.55040,1.55089,1.54932,1.54932,1894
2016.05.30 18:30,1.54932,1.55047,1.54927,1.55021,1189
2016.05.30 19:00,1.55020,1.55020,1.54919,1.54938,1226
2016.05.30 19:30,1.54938,1.54974,1.54927,1.54953,2164
2016.05.30 20:00,1.54949,1.55007,1.54947,1.54996,1950
2016.05.30 20:30,1.54998,1.55021,1.54944,1.54947,1421
2016.05.30 21:00,1.54944,1.54994,1.54942,1.54968,862
2016.05.30 21:30,1.54969,1.55001,1.54940,1.54954,771
2016.05.30 22:00,1.54953,1.54990,1.54940,1.54985,665
2016.05.30 22:30,1.54985,1.55035,1.54977,1.55019,592
2016.05.30 23:00,1.55018,1.55038,1.54982,1.54990,887
2016.05.30 23:30,1.54989,1.55046,1.54961,1.55042,797
2016.05.31 00:00,1.54992,1.55054,1.54992,1.55028,163
2016.05.31 00:30,1.55028,1.55038,1.54955,1.55002,444
2016.05.31 01:00,1.55002,1.55055,1.54977,1.55010,920
2016.05.31 01:30,1.55010,1.55080,1.54970,1.54973,894
2016.05.31 02:00,1.54974,1.55023,1.54942,1.54951,1106
2016.05.31 02:30,1.54950,1.54967,1.54883,1.54933,1357
2016.05.31 03:00,1.54933,1.54969,1.54821,1.54944,2270
2016.05.31 03:30,1.54946,1.54983,1.54883,1.54951,1604
2016.05.31 04:00,1.54950,1.55107,1.54922,1.55059,2205
2016.05.31 04:30,1.55059,1.55059,1.54080,1.54112,4427
2016.05.31 05:00,1.54117,1.54175,1.53972,1.54036,2056
2016.05.31 05:30,1.54037,1.54082,1.53966,1.54035,1813
2016.05.31 06:00,1.54034,1.54064,1.53931,1.54002,1426
2016.05.31 06:30,1.54001,1.54003,1.53751,1.53865,2033
2016.05.31 07:00,1.53866,1.53940,1.53739,1.53759,2315
2016.05.31 07:30,1.53757,1.53797,1.53603,1.53606,1566
2016.05.31 08:00,1.53605,1.53719,1.53571,1.53670,1610
2016.05.31 08:30,1.53671,1.53742,1.53636,1.53713,1487
2016.05.31 09:00,1.53715,1.53750,1.53555,1.53574,3528
2016.05.31 09:30,1.53575,1.53894,1.53567,1.53830,3981
2016.05.31 10:00,1.53829,1.53918,1.53702,1.53801,4859
2016.05.31 10:30,1.53800,1.53885,1.53723,1.53772,3864
2016.05.31 11:00,1.53774,1.53999,1.53774,1.53864,4425
2016.05.31 11:30,1.53866,1.53889,1.53765,1.53860,3607
2016.05.31 12:00,1.53860,1.53921,1.53775,1.53890,3395
2016.05.31 12:30,1.53890,1.53973,1.53820,1.53865,4048
2016.05.31 13:00,1.53868,1.53994,1.53748,1.53967,4346
2016.05.31 13:30,1.53969,1.54033,1.53860,1.53924,3224
2016.05.31 14:00,1.53924,1.53970,1.53598,1.53712,4608
2016.05.31 14:30,1.53707,1.53778,1.53635,1.53714,3642
2016.05.31 15:00,1.53714,1.53729,1.53578,1.53614,3833
2016.05.31 15:30,1.53618,1.53995,1.53606,1.53981,4310
2016.05.31 16:00,1.53981,1.54097,1.53942,1.54065,4094
2016.05.31 16:30,1.54065,1.54165,1.53933,1.54015,5007
2016.05.31 17:00,1.54012,1.54049,1.53774,1.53946,5955
2016.05.31 17:30,1.53945,1.54010,1.53586,1.53628,7697
2016.05.31 18:00,1.53627,1.53832,1.53549,1.53690,6342
2016.05.31 18:30,1.53690,1.53793,1.53685,1.53742,3597
2016.05.31 19:00,1.53743,1.53931,1.53729,1.53830,3625
2016.05.31 19:30,1.53831,1.53967,1.53803,1.53965,2811
2016.05.31 20:00,1.53964,1.53972,1.53832,1.53933,2584
2016.05.31 20:30,1.53937,1.53984,1.53889,1.53956,2123
2016.05.31 21:00,1.53956,1.54154,1.53954,1.54079,2820
2016.05.31 21:30,1.54077,1.54235,1.54071,1.54160,2208
2016.05.31 22:00,1.54163,1.54183,1.54015,1.54075,2166
2016.05.31 22:30,1.54074,1.54074,1.53912,1.53919,2121
2016.05.31 23:00,1.53916,1.54022,1.53875,1.53949,1967
2016.05.31 23:30,1.53950,1.54010,1.53831,1.53841,1237
2016.06.01 00:00,1.53852,1.53940,1.53763,1.53880,467
2016.06.01 00:30,1.53878,1.53903,1.53833,1.53872,634
2016.06.01 01:00,1.53875,1.53999,1.53872,1.53930,2086
2016.06.01 01:30,1.53929,1.53940,1.53736,1.53788,851
2016.06.01 02:00,1.53789,1.53810,1.53698,1.53735,845
2016.06.01 02:30,1.53737,1.53899,1.53697,1.53843,916
2016.06.01 03:00,1.53851,1.53862,1.53649,1.53765,2011
2016.06.01 03:30,1.53768,1.53840,1.53604,1.53604,2251
2016.06.01 04:00,1.53604,1.53761,1.53483,1.53523,2580
2016.06.01 04:30,1.53521,1.53547,1.52473,1.52612,5260
2016.06.01 05:00,1.52611,1.52654,1.52365,1.52589,2779
2016.06.01 05:30,1.52588,1.52734,1.52588,1.52685,1450
2016.06.01 06:00,1.52687,1.52832,1.52599,1.52827,1933
2016.06.01 06:30,1.52826,1.52917,1.52782,1.52816,1354
2016.06.01 07:00,1.52815,1.52881,1.52757,1.52818,1286
2016.06.01 07:30,1.52816,1.52916,1.52781,1.52855,1562
2016.06.01 08:00,1.52854,1.52935,1.52621,1.52862,3310
2016.06.01 08:30,1.52863,1.53020,1.52854,1.52949,2197
2016.06.01 09:00,1.52949,1.53102,1.52877,1.53086,4182
2016.06.01 09:30,1.53087,1.53319,1.53069,1.53276,4181
2016.06.01 10:00,1.53277,1.53419,1.53243,1.53346,4258
2016.06.01 10:30,1.53346,1.53631,1.53264,1.53607,4904
2016.06.01 11:00,1.53604,1.53703,1.53452,1.53665,4693
2016.06.01 11:30,1.53666,1.53751,1.53591,1.53721,4844
2016.06.01 12:00,1.53721,1.53881,1.53715,1.53785,5064
2016.06.01 12:30,1.53782,1.53826,1.53680,1.53739,3999
2016.06.01 13:00,1.53741,1.53811,1.53644,1.53749,4249
2016.06.01 13:30,1.53748,1.53808,1.53644,1.53700,3494
2016.06.01 14:00,1.53699,1.53828,1.53684,1.53770,4490
2016.06.01 14:30,1.53775,1.53790,1.53501,1.53666,5051
2016.06.01 15:00,1.53662,1.53876,1.53659,1.53710,5938
2016.06.01 15:30,1.53705,1.53962,1.53680,1.53922,4929
2016.06.01 16:00,1.53921,1.54216,1.53865,1.54143,5340
2016.06.01 16:30,1.54143,1.54415,1.54126,1.54324,5587
2016.06.01 17:00,1.54300,1.54440,1.54041,1.54324,8618
2016.06.01 17:30,1.54326,1.54443,1.54137,1.54194,7208
2016.06.01 18:00,1.54194,1.54218,1.53728,1.53978,6933
2016.06.01 18:30,1.53978,1.54159,1.53944,1.54159,4531
2016.06.01 19:00,1.54159,1.54163,1.53929,1.54125,4561
2016.06.01 19:30,1.54125,1.54277,1.54110,1.54207,3245
2016.06.01 20:00,1.54207,1.54364,1.54099,1.54173,3697
2016.06.01 20:30,1.54172,1.54205,1.54094,1.54167,2625
2016.06.01 21:00,1.54165,1.54239,1.54039,1.54049,2354
2016.06.01 21:30,1.54048,1.54143,1.54010,1.54125,1639
2016.06.01 22:00,1.54126,1.54191,1.54084,1.54188,2032
2016.06.01 22:30,1.54185,1.54232,1.54106,1.54155,1163
2016.06.01 23:00,1.54154,1.54206,1.54108,1.54120,1209
2016.06.01 23:30,1.54119,1.54179,1.54094,1.54109,1017
2016.06.02 00:00,1.54109,1.54290,1.54082,1.54204,515
2016.06.02 00:30,1.54203,1.54232,1.54131,1.54228,1184
2016.06.02 01:00,1.54221,1.54289,1.54154,1.54245,1969
2016.06.02 01:30,1.54246,1.54264,1.54131,1.54184,1043
2016.06.02 02:00,1.54186,1.54295,1.54169,1.54259,890
2016.06.02 02:30,1.54258,1.54324,1.54208,1.54316,767
2016.06.02 03:00,1.54317,1.54528,1.54305,1.54521,2407
2016.06.02 03:30,1.54520,1.54520,1.54426,1.54499,1356
2016.06.02 04:00,1.54498,1.54514,1.54260,1.54277,2082
2016.06.02 04:30,1.54256,1.54415,1.53943,1.54362,4264
2016.06.02 05:00,1.54364,1.54891,1.54313,1.54833,3478
2016.06.02 05:30,1.54834,1.54909,1.54743,1.54753,2346
2016.06.02 06:00,1.54755,1.55014,1.54725,1.54918,2438
2016.06.02 06:30,1.54919,1.54962,1.54826,1.54830,1464
2016.06.02 07:00,1.54832,1.54896,1.54725,1.54727,1654
2016.06.02 07:30,1.54728,1.54770,1.54601,1.54723,1460
2016.06.02 08:00,1.54725,1.54734,1.54612,1.54634,1116
2016.06.02 08:30,1.54635,1.54690,1.54516,1.54642,1446
2016.06.02 09:00,1.54643,1.54769,1.54630,1.54767,3338
2016.06.02 09:30,1.54771,1.55028,1.54744,1.54897,3571
2016.06.02 10:00,1.54894,1.55178,1.54849,1.55102,5658
2016.06.02 10:30,1.55098,1.55254,1.54950,1.55176,4848
2016.06.02 11:00,1.55177,1.55290,1.55146,1.55276,4027
2016.06.02 11:30,1.55274,1.55338,1.55135,1.55159,4102
2016.06.02 12:00,1.55161,1.55355,1.55099,1.55254,3598
2016.06.02 12:30,1.55254,1.55403,1.55192,1.55374,3008
2016.06.02 13:00,1.55373,1.55401,1.55310,1.55321,3210
2016.06.02 13:30,1.55322,1.55346,1.55230,1.55236,2865
2016.06.02 14:00,1.55236,1.55249,1.55084,1.55100,2579
2016.06.02 14:30,1.55100,1.55231,1.55094,1.55150,3354
2016.06.02 15:00,1.55152,1.55289,1.55053,1.55108,5558
2016.06.02 15:30,1.55108,1.55378,1.54984,1.55026,9584
2016.06.02 16:00,1.55026,1.55226,1.55007,1.55061,6359
2016.06.02 16:30,1.55060,1.55097,1.54457,1.54509,7930
2016.06.02 17:00,1.54513,1.54683,1.54432,1.54624,5463
2016.06.02 17:30,1.54625,1.54698,1.54330,1.54359,5467
2016.06.02 18:00,1.54343,1.54403,1.54202,1.54328,6128
2016.06.02 18:30,1.54328,1.54415,1.54312,1.54405,3791
2016.06.02 19:00,1.54405,1.54460,1.54330,1.54355,3047
2016.06.02 19:30,1.54355,1.54377,1.54270,1.54346,2851
2016.06.02 20:00,1.54347,1.54407,1.54306,1.54380,1938
2016.06.02 20:30,1.54390,1.54450,1.54349,1.54391,1721
2016.06.02 21:00,1.54390,1.54407,1.54275,1.54314,1542
2016.06.02 21:30,1.54312,1.54359,1.54278,1.54344,1416
2016.06.02 22:00,1.54341,1.54374,1.54304,1.54327,938
2016.06.02 22:30,1.54326,1.54386,1.54318,1.54337,962
2016.06.02 23:00,1.54335,1.54335,1.54226,1.54280,1239
2016.06.02 23:30,1.54282,1.54319,1.54223,1.54240,1173
2016.06.03 00:00,1.54245,1.54348,1.54164,1.54348,365
2016.06.03 00:30,1.54348,1.54371,1.54310,1.54321,333
2016.06.03 01:00,1.54313,1.54340,1.54256,1.54338,1180
2016.06.03 01:30,1.54340,1.54408,1.54297,1.54388,737
2016.06.03 02:00,1.54390,1.54463,1.54337,1.54398,676
2016.06.03 02:30,1.54397,1.54400,1.54222,1.54225,1093
2016.06.03 03:00,1.54225,1.54288,1.54093,1.54130,2190
2016.06.03 03:30,1.54128,1.54271,1.54017,1.54218,1682
2016.06.03 04:00,1.54217,1.54291,1.54088,1.54109,1682
2016.06.03 04:30,1.54111,1.54255,1.54053,1.54172,1863
2016.06.03 05:00,1.54170,1.54262,1.54062,1.54074,1395
2016.06.03 05:30,1.54073,1.54131,1.54021,1.54057,1076
2016.06.03 06:00,1.54056,1.54145,1.54030,1.54108,818
2016.06.03 06:30,1.54107,1.54200,1.54037,1.54169,1170
2016.06.03 07:00,1.54168,1.54198,1.53999,1.54163,2093
2016.06.03 07:30,1.54162,1.54201,1.54118,1.54178,1454
2016.06.03 08:00,1.54177,1.54193,1.53957,1.53976,1435
2016.06.03 08:30,1.53977,1.53997,1.53771,1.53882,1589
2016.06.03 09:00,1.53884,1.53965,1.53808,1.53839,2943
2016.06.03 09:30,1.53836,1.53938,1.53810,1.53879,2555
2016.06.03 10:00,1.53877,1.53897,1.53551,1.53573,4214
2016.06.03 10:30,1.53573,1.53742,1.53573,1.53716,3636
2016.06.03 11:00,1.53715,1.53836,1.53687,1.53709,3693
2016.06.03 11:30,1.53712,1.53831,1.53699,1.53788,3764
2016.06.03 12:00,1.53790,1.53891,1.53738,1.53846,3300
2016.06.03 12:30,1.53846,1.53902,1.53767,1.53838,3476
2016.06.03 13:00,1.53838,1.53878,1.53718,1.53726,2652
2016.06.03 13:30,1.53729,1.53961,1.53689,1.53918,2779
2016.06.03 14:00,1.53917,1.54009,1.53879,1.53996,2928
2016.06.03 14:30,1.53997,1.53999,1.53813,1.53846,3287
2016.06.03 15:00,1.53847,1.53982,1.53818,1.53906,3794
2016.06.03 15:30,1.53906,1.54625,1.53792,1.54343,15014
2016.06.03 16:00,1.54343,1.54404,1.54038,1.54301,11477
2016.06.03 16:30,1.54304,1.54433,1.54080,1.54341,8947
2016.06.03 17:00,1.54343,1.54762,1.54265,1.54760,10766
2016.06.03 17:30,1.54762,1.54830,1.54599,1.54654,7939
2016.06.03 18:00,1.54654,1.54717,1.54541,1.54655,7353
2016.06.03 18:30,1.54655,1.54696,1.54292,1.54340,4628
2016.06.03 19:00,1.54340,1.54473,1.54340,1.54395,3936
2016.06.03 19:30,1.54395,1.54531,1.54350,1.54388,4469
2016.06.03 20:00,1.54388,1.54544,1.54337,1.54354,3886
2016.06.03 20:30,1.54354,1.54409,1.54218,1.54298,3380
2016.06.03 21:00,1.54296,1.54329,1.54152,1.54175,2994
2016.06.03 21:30,1.54176,1.54220,1.54004,1.54010,2159
2016.06.03 22:00,1.54011,1.54272,1.54010,1.54189,1743
2016.06.03 22:30,1.54186,1.54188,1.54063,1.54123,1771
2016.06.03 23:00,1.54120,1.54353,1.54108,1.54285,1191
2016.06.03 23:30,1.54286,1.54375,1.54157,1.54220,1305
2016.06.06 00:00,1.54045,1.54363,1.53955,1.54279,518
2016.06.06 00:30,1.54279,1.54382,1.54174,1.54328,660
2016.06.06 01:00,1.54332,1.54419,1.54240,1.54406,2192
2016.06.06 01:30,1.54416,1.54509,1.54372,1.54441,1234
2016.06.06 02:00,1.54439,1.54495,1.54344,1.54439,2490
2016.06.06 02:30,1.54439,1.54633,1.54428,1.54556,2151
2016.06.06 03:00,1.54556,1.54704,1.54480,1.54701,2693
2016.06.06 03:30,1.54700,1.54890,1.54653,1.54773,2451
2016.06.06 04:00,1.54773,1.54940,1.54656,1.54891,2209
2016.06.06 04:30,1.54889,1.55124,1.54861,1.54934,2168
2016.06.06 05:00,1.54936,1.55011,1.54852,1.54943,1352
2016.06.06 05:30,1.54942,1.55026,1.54867,1.54901,1769
2016.06.06 06:00,1.54902,1.54902,1.54745,1.54745,1758
2016.06.06 06:30,1.54744,1.54807,1.54652,1.54675,1612
2016.06.06 07:00,1.54676,1.54837,1.54642,1.54728,1445
2016.06.06 07:30,1.54732,1.54755,1.54615,1.54703,1317
2016.06.06 08:00,1.54705,1.54710,1.54628,1.54675,799
2016.06.06 08:30,1.54674,1.54779,1.54631,1.54758,1373
2016.06.06 09:00,1.54758,1.54867,1.54593,1.54595,3272
2016.06.06 09:30,1.54596,1.54706,1.54555,1.54620,3364
2016.06.06 10:00,1.54620,1.54694,1.54470,1.54582,4784
2016.06.06 10:30,1.54582,1.54628,1.54212,1.54285,4388
2016.06.06 11:00,1.54290,1.54364,1.54199,1.54212,4564
2016.06.06 11:30,1.54212,1.54398,1.54138,1.54306,3680
2016.06.06 12:00,1.54305,1.54419,1.54226,1.54240,3108
2016.06.06 12:30,1.54239,1.54344,1.54183,1.54229,3326
2016.06.06 13:00,1.54230,1.54384,1.54155,1.54307,3894
2016.06.06 13:30,1.54308,1.54367,1.54106,1.54145,3393
2016.06.06 14:00,1.54145,1.54297,1.54106,1.54230,3251
2016.06.06 14:30,1.54230,1.54262,1.54139,1.54164,3386
2016.06.06 15:00,1.54166,1.54204,1.54078,1.54124,4415
2016.06.06 15:30,1.54124,1.54231,1.54105,1.54142,3828
2016.06.06 16:00,1.54141,1.54178,1.53926,1.53962,4509
2016.06.06 16:30,1.53958,1.54124,1.53822,1.53903,5700
2016.06.06 17:00,1.53902,1.54071,1.53878,1.53950,5416
2016.06.06 17:30,1.53949,1.54121,1.53913,1.54119,4981
2016.06.06 18:00,1.54118,1.54275,1.54048,1.54188,4347
2016.06.06 18:30,1.54190,1.54250,1.54150,1.54236,3457
2016.06.06 19:00,1.54237,1.54326,1.54173,1.54223,3271
2016.06.06 19:30,1.54229,1.54414,1.54030,1.54290,9420
2016.06.06 20:00,1.54292,1.54412,1.54250,1.54298,5641
2016.06.06 20:30,1.54299,1.54408,1.54210,1.54268,3376
2016.06.06 21:00,1.54268,1.54274,1.53996,1.54045,2338
2016.06.06 21:30,1.54043,1.54153,1.54039,1.54120,2061
2016.06.06 22:00,1.54121,1.54205,1.54113,1.54176,1460
2016.06.06 22:30,1.54177,1.54188,1.54074,1.54138,1762
2016.06.06 23:00,1.54140,1.54182,1.54021,1.54118,1496
2016.06.06 23:30,1.54117,1.54151,1.54063,1.54067,1372
2016.06.07 00:00,1.54070,1.54181,1.54063,1.54155,413
2016.06.07 00:30,1.54151,1.54210,1.54127,1.54204,797
2016.06.07 01:00,1.54203,1.54203,1.54095,1.54125,1762
2016.06.07 01:30,1.54127,1.54155,1.54009,1.54041,776
2016.06.07 02:00,1.54044,1.54128,1.54043,1.54102,571
2016.06.07 02:30,1.54097,1.54129,1.54063,1.54110,1087
2016.06.07 03:00,1.54112,1.54137,1.53994,1.54110,1879
2016.06.07 03:30,1.54111,1.54170,1.53936,1.53993,1961
2016.06.07 04:00,1.53994,1.54010,1.53929,1.53938,1765
2016.06.07 04:30,1.53939,1.54154,1.53939,1.54091,1727
2016.06.07 05:00,1.54090,1.54204,1.53991,1.54142,1923
2016.06.07 05:30,1.54141,1.54204,1.54087,1.54176,1186
2016.06.07 06:00,1.54175,1.54243,1.54140,1.54162,1383
2016.06.07 06:30,1.54161,1.54167,1.54075,1.54092,1022
2016.06.07 07:00,1.54093,1.54173,1.53870,1.54071,3589
2016.06.07 07:30,1.54059,1.54059,1.52900,1.52953,6392
2016.06.07 08:00,1.52951,1.53037,1.52799,1.52878,2839
2016.06.07 08:30,1.52879,1.52945,1.52795,1.52856,2139
2016.06.07 09:00,1.52856,1.52922,1.52715,1.52778,3901
2016.06.07 09:30,1.52780,1.52816,1.52697,1.52708,2999
2016.06.07 10:00,1.52709,1.52973,1.52701,1.52849,4607
2016.06.07 10:30,1.52849,1.52875,1.52717,1.52870,4028
2016.06.07 11:00,1.52870,1.52886,1.52722,1.52867,3837
2016.06.07 11:30,1.52866,1.52870,1.52711,1.52728,3738
2016.06.07 12:00,1.52728,1.52816,1.52673,1.52798,4567
2016.06.07 12:30,1.52799,1.52860,1.52744,1.52789,3706
2016.06.07 13:00,1.52788,1.52792,1.52596,1.52686,3086
2016.06.07 13:30,1.52687,1.52704,1.52498,1.52540,3544
2016.06.07 14:00,1.52542,1.52580,1.52411,1.52437,3197
2016.06.07 14:30,1.52436,1.52557,1.52243,1.52543,4220
2016.06.07 15:00,1.52545,1.52641,1.52503,1.52542,4042
2016.06.07 15:30,1.52542,1.52633,1.52454,1.52568,4796
2016.06.07 16:00,1.52567,1.52830,1.52551,1.52760,4556
2016.06.07 16:30,1.52759,1.52863,1.52461,1.52462,5830
2016.06.07 17:00,1.52461,1.52505,1.52281,1.52319,5476
2016.06.07 17:30,1.52316,1.52408,1.52195,1.52347,5231
2016.06.07 18:00,1.52352,1.52420,1.52193,1.52198,4826
2016.06.07 18:30,1.52199,1.52370,1.52192,1.52311,3798
2016.06.07 19:00,1.52311,1.52397,1.52268,1.52336,2774
2016.06.07 19:30,1.52336,1.52478,1.52321,1.52475,2288
2016.06.07 20:00,1.52475,1.52495,1.52378,1.52455,2738
2016.06.07 20:30,1.52455,1.52500,1.52397,1.52462,1758
2016.06.07 21:00,1.52459,1.52501,1.52415,1.52434,1196
2016.06.07 21:30,1.52436,1.52469,1.52319,1.52396,1669
2016.06.07 22:00,1.52395,1.52396,1.52281,1.52293,1180
2016.06.07 22:30,1.52292,1.52314,1.52203,1.52277,1281
2016.06.07 23:00,1.52278,1.52349,1.52203,1.52271,870
2016.06.07 23:30,1.52270,1.52292,1.52179,1.52233,1424
2016.06.08 00:00,1.52245,1.52298,1.52170,1.52284,307
2016.06.08 00:30,1.52275,1.52353,1.52248,1.52335,880
2016.06.08 01:00,1.52329,1.52411,1.52329,1.52361,1594
2016.06.08 01:30,1.52362,1.52411,1.52336,1.52372,636
2016.06.08 02:00,1.52364,1.52429,1.52321,1.52427,505
2016.06.08 02:30,1.52428,1.52547,1.52415,1.52538,1169
2016.06.08 03:00,1.52539,1.52695,1.52437,1.52560,2400
2016.06.08 03:30,1.52558,1.52580,1.52398,1.52547,2029
2016.06.08 04:00,1.52548,1.52647,1.52477,1.52616,2602
2016.06.08 04:30,1.52619,1.52800,1.52585,1.52791,1947
2016.06.08 05:00,1.52788,1.52989,1.52762,1.52801,1738
2016.06.08 05:30,1.52799,1.52843,1.52697,1.52722,1239
2016.06.08 06:00,1.52718,1.52878,1.52375,1.52576,2443
2016.06.08 06:30,1.52577,1.52580,1.52441,1.52528,1903
2016.06.08 07:00,1.52529,1.52625,1.52478,1.52482,1520
2016.06.08 07:30,1.52481,1.52529,1.52373,1.52385,1845
2016.06.08 08:00,1.52386,1.52486,1.52345,1.52485,1765
2016.06.08 08:30,1.52481,1.52545,1.52408,1.52466,1351
2016.06.08 09:00,1.52468,1.52684,1.52422,1.52644,2911
2016.06.08 09:30,1.52644,1.52884,1.52543,1.52827,3779
2016.06.08 10:00,1.52830,1.52917,1.52756,1.52803,4180
2016.06.08 10:30,1.52801,1.52801,1.52571,1.52610,4406
2016.06.08 11:00,1.52609,1.52693,1.52548,1.52573,3497
2016.06.08 11:30,1.52573,1.52774,1.52542,1.52758,3856
2016.06.08 12:00,1.52758,1.52811,1.52701,1.52747,3239
2016.06.08 12:30,1.52743,1.52815,1.52706,1.52735,2889
2016.06.08 13:00,1.52734,1.52810,1.52492,1.52539,3588
2016.06.08 13:30,1.52539,1.52567,1.52457,1.52467,3141
2016.06.08 14:00,1.52465,1.52545,1.52322,1.52435,4067
2016.06.08 14:30,1.52434,1.52493,1.52178,1.52179,4412
2016.06.08 15:00,1.52179,1.52400,1.52165,1.52312,4604
2016.06.08 15:30,1.52312,1.52539,1.52292,1.52495,4943
2016.06.08 16:00,1.52495,1.52653,1.52434,1.52647,4244
2016.06.08 16:30,1.52644,1.52650,1.52479,1.52516,6131
2016.06.08 17:00,1.52521,1.52749,1.52446,1.52657,5510
2016.06.08 17:30,1.52658,1.52702,1.52525,1.52553,6379
2016.06.08 18:00,1.52554,1.52603,1.52462,1.52506,5982
2016.06.08 18:30,1.52506,1.52506,1.52429,1.52445,3436
2016.06.08 19:00,1.52439,1.52539,1.52355,1.52495,3794
2016.06.08 19:30,1.52495,1.52602,1.52407,1.52442,3411
2016.06.08 20:00,1.52442,1.52653,1.52377,1.52582,3328
2016.06.08 20:30,1.52582,1.52674,1.52553,1.52616,2792
2016.06.08 21:00,1.52611,1.52671,1.52477,1.52493,2441
2016.06.08 21:30,1.52492,1.52560,1.52374,1.52406,1879
2016.06.08 22:00,1.52407,1.52433,1.52346,1.52415,1308
2016.06.08 22:30,1.52414,1.52443,1.52378,1.52415,1176
2016.06.08 23:00,1.52412,1.52496,1.52386,1.52495,957
2016.06.08 23:30,1.52494,1.52528,1.52431,1.52432,1178
2016.06.09 00:00,1.52480,1.52480,1.51916,1.52328,1900
2016.06.09 00:30,1.52329,1.52357,1.52182,1.52266,1253
2016.06.09 01:00,1.52266,1.52333,1.52149,1.52233,2611
2016.06.09 01:30,1.52235,1.52278,1.52179,1.52243,878
2016.06.09 02:00,1.52247,1.52284,1.52057,1.52105,1628
2016.06.09 02:30,1.52106,1.52219,1.51925,1.52211,2363
2016.06.09 03:00,1.52213,1.52248,1.51986,1.52044,2065
2016.06.09 03:30,1.52041,1.52447,1.51997,1.52433,2346
2016.06.09 04:00,1.52434,1.52619,1.52313,1.52320,3772
2016.06.09 04:30,1.52339,1.52515,1.52271,1.52477,2815
2016.06.09 05:00,1.52478,1.52626,1.52451,1.52567,1848
2016.06.09 05:30,1.52566,1.52704,1.52562,1.52595,1552
2016.06.09 06:00,1.52594,1.52623,1.52511,1.52579,981
2016.06.09 06:30,1.52581,1.52761,1.52504,1.52670,1780
2016.06.09 07:00,1.52669,1.52876,1.52648,1.52799,2009
2016.06.09 07:30,1.52801,1.52882,1.52706,1.52726,1780
2016.06.09 08:00,1.52725,1.52734,1.52601,1.52661,1667
2016.06.09 08:30,1.52660,1.52714,1.52572,1.52674,1290
2016.06.09 09:00,1.52675,1.52812,1.52607,1.52618,3501
2016.06.09 09:30,1.52621,1.52706,1.52472,1.52533,3268
2016.06.09 10:00,1.52533,1.52860,1.52517,1.52699,5445
2016.06.09 10:30,1.52698,1.52996,1.52619,1.52946,6452
2016.06.09 11:00,1.52946,1.52997,1.52599,1.52782,5206
2016.06.09 11:30,1.52781,1.52874,1.52620,1.52620,3401
2016.06.09 12:00,1.52619,1.52822,1.52601,1.52677,4237
2016.06.09 12:30,1.52676,1.52789,1.52644,1.52773,3054
2016.06.09 13:00,1.52773,1.52889,1.52643,1.52692,4077
2016.06.09 13:30,1.52693,1.52777,1.52499,1.52500,3860
2016.06.09 14:00,1.52499,1.52616,1.52434,1.52597,4157
2016.06.09 14:30,1.52597,1.52796,1.52559,1.52646,3872
2016.06.09 15:00,1.52643,1.52704,1.52457,1.52532,4200
2016.06.09 15:30,1.52531,1.52639,1.52384,1.52384,5826
2016.06.09 16:00,1.52387,1.52464,1.52315,1.52428,6133
2016.06.09 16:30,1.52426,1.52468,1.52201,1.52276,6157
2016.06.09 17:00,1.52277,1.52374,1.52230,1.52302,5201
2016.06.09 17:30,1.52300,1.52374,1.52186,1.52303,5319
2016.06.09 18:00,1.52304,1.52518,1.52202,1.52436,4886
2016.06.09 18:30,1.52435,1.52510,1.52329,1.52438,4004
2016.06.09 19:00,1.52437,1.52488,1.52305,1.52336,3378
2016.06.09 19:30,1.52338,1.52363,1.52247,1.52311,2961
2016.06.09 20:00,1.52310,1.52370,1.52177,1.52193,3187
2016.06.09 20:30,1.52193,1.52374,1.52192,1.52347,2277
2016.06.09 21:00,1.52344,1.52367,1.52203,1.52218,1918
2016.06.09 21:30,1.52217,1.52277,1.52170,1.52188,2036
2016.06.09 22:00,1.52187,1.52222,1.52137,1.52182,1621
2016.06.09 22:30,1.52181,1.52213,1.52124,1.52137,1771
2016.06.09 23:00,1.52136,1.52177,1.52080,1.52100,1028
2016.06.09 23:30,1.52099,1.52328,1.52082,1.52259,1579
2016.06.10 00:00,1.52259,1.52318,1.52155,1.52283,518
2016.06.10 00:30,1.52283,1.52305,1.52151,1.52225,916
2016.06.10 01:00,1.52216,1.52283,1.52161,1.52235,2616
2016.06.10 01:30,1.52234,1.52269,1.52163,1.52174,1093
2016.06.10 02:00,1.52175,1.52312,1.52136,1.52219,1015
2016.06.10 02:30,1.52218,1.52586,1.52197,1.52551,1884
2016.06.10 03:00,1.52554,1.52597,1.52287,1.52402,2933
2016.06.10 03:30,1.52403,1.52499,1.52326,1.52421,2900
2016.06.10 04:00,1.52423,1.52457,1.52194,1.52220,2753
2016.06.10 04:30,1.52219,1.52311,1.52178,1.52297,1961
2016.06.10 05:00,1.52296,1.52393,1.52265,1.52383,2273
2016.06.10 05:30,1.52381,1.52460,1.52331,1.52355,1652
2016.06.10 06:00,1.52359,1.52443,1.52327,1.52333,1231
2016.06.10 06:30,1.52332,1.52421,1.52267,1.52364,1445
2016.06.10 07:00,1.52366,1.52370,1.52288,1.52307,957
2016.06.10 07:30,1.52309,1.52464,1.52278,1.52386,2053
2016.06.10 08:00,1.52385,1.52445,1.52327,1.52329,1839
2016.06.10 08:30,1.52330,1.52411,1.52298,1.52357,1887
2016.06.10 09:00,1.52357,1.52493,1.52305,1.52443,3640
2016.06.10 09:30,1.52444,1.52463,1.52371,1.52385,3094
2016.06.10 10:00,1.52383,1.52843,1.52383,1.52827,4930
2016.06.10 10:30,1.52827,1.52926,1.52690,1.52795,3776
2016.06.10 11:00,1.52793,1.52830,1.52677,1.52781,4017
2016.06.10 11:30,1.52782,1.52890,1.52724,1.52829,3346
2016.06.10 12:00,1.52828,1.52848,1.52628,1.52628,4305
2016.06.10 12:30,1.52628,1.52682,1.52412,1.52457,3818
2016.06.10 13:00,1.52457,1.52473,1.52278,1.52385,3681
2016.06.10 13:30,1.52384,1.52592,1.52383,1.52574,3457
2016.06.10 14:00,1.52575,1.52694,1.52538,1.52672,3298
2016.06.10 14:30,1.52672,1.52748,1.52632,1.52714,3418
2016.06.10 15:00,1.52714,1.52804,1.52545,1.52588,4747
2016.06.10 15:30,1.52588,1.52607,1.52468,1.52534,4815
2016.06.10 16:00,1.52534,1.52581,1.52313,1.52358,3889
2016.06.10 16:30,1.52358,1.52489,1.52243,1.52368,6313
2016.06.10 17:00,1.52360,1.52600,1.52274,1.52520,5398
2016.06.10 17:30,1.52517,1.52698,1.52472,1.52540,5612
2016.06.10 18:00,1.52534,1.52686,1.52511,1.52516,5342
2016.06.10 18:30,1.52518,1.52586,1.52373,1.52540,4847
2016.06.10 19:00,1.52538,1.52676,1.52514,1.52649,3459
2016.06.10 19:30,1.52646,1.52784,1.52645,1.52688,3532
2016.06.10 20:00,1.52688,1.52752,1.52620,1.52707,3287
2016.06.10 20:30,1.52714,1.52750,1.52492,1.52575,5125
2016.06.10 21:00,1.52570,1.52681,1.52553,1.52628,4284
2016.06.10 21:30,1.52627,1.52658,1.52530,1.52588,3221
2016.06.10 22:00,1.52588,1.52675,1.52559,1.52597,1923
2016.06.10 22:30,1.52598,1.52658,1.52497,1.52533,2242
2016.06.10 23:00,1.52532,1.52564,1.52432,1.52450,1074
2016.06.10 23:30,1.52453,1.52536,1.52420,1.52521,1233
2016.06.13 00:00,1.52472,1.52576,1.52379,1.52556,458
2016.06.13 00:30,1.52556,1.52625,1.52533,1.52557,441
2016.06.13 01:00,1.52562,1.52639,1.52495,1.52570,3016
2016.06.13 01:30,1.52573,1.52573,1.52424,1.52515,1219
2016.06.13 02:00,1.52512,1.52527,1.52399,1.52451,908
2016.06.13 02:30,1.52452,1.52626,1.52386,1.52423,2151
2016.06.13 03:00,1.52421,1.52562,1.52379,1.52545,2037
2016.06.13 03:30,1.52546,1.52666,1.52492,1.52664,1763
2016.06.13 04:00,1.52662,1.52683,1.52401,1.52429,3397
2016.06.13 04:30,1.52427,1.52512,1.52371,1.52374,2196
2016.06.13 05:00,1.52374,1.52412,1.52220,1.52362,2679
2016.06.13 05:30,1.52361,1.52394,1.52282,1.52354,1719
2016.06.13 06:00,1.52353,1.52468,1.52272,1.52303,1657
2016.06.13 06:30,1.52302,1.52413,1.52287,1.52358,1620
2016.06.13 07:00,1.52357,1.52486,1.52356,1.52440,1406
2016.06.13 07:30,1.52441,1.52536,1.52403,1.52486,1612
2016.06.13 08:00,1.52481,1.52485,1.52299,1.52317,1573
2016.06.13 08:30,1.52320,1.52368,1.52276,1.52314,2025
2016.06.13 09:00,1.52316,1.52399,1.52262,1.52317,4111
2016.06.13 09:30,1.52317,1.52389,1.52208,1.52362,4218
2016.06.13 10:00,1.52363,1.52398,1.52187,1.52188,5803
2016.06.13 10:30,1.52188,1.52364,1.52149,1.52282,4495
2016.06.13 11:00,1.52281,1.52318,1.52048,1.52126,4269
2016.06.13 11:30,1.52125,1.52337,1.52108,1.52281,4874
2016.06.13 12:00,1.52281,1.52490,1.52241,1.52287,4619
2016.06.13 12:30,1.52287,1.52289,1.52064,1.52098,4389
2016.06.13 13:00,1.52098,1.52300,1.52077,1.52257,3614
2016.06.13 13:30,1.52256,1.52332,1.52218,1.52239,3498
2016.06.13 14:00,1.52235,1.52289,1.52167,1.52263,3605
2016.06.13 14:30,1.52264,1.52289,1.52109,1.52242,4087
2016.06.13 15:00,1.52238,1.52360,1.52178,1.52318,4470
2016.06.13 15:30,1.52318,1.52376,1.52236,1.52274,4738
2016.06.13 16:00,1.52271,1.52377,1.52191,1.52274,5530
2016.06.13 16:30,1.52268,1.52403,1.52065,1.52203,8510
2016.06.13 17:00,1.52204,1.52605,1.52194,1.52529,7299
2016.06.13 17:30,1.52530,1.52656,1.52466,1.52628,7602
2016.06.13 18:00,1.52628,1.52743,1.52426,1.52474,5750
2016.06.13 18:30,1.52474,1.52613,1.52449,1.52564,5887
2016.06.13 19:00,1.52565,1.52602,1.52408,1.52430,5413
2016.06.13 19:30,1.52432,1.52589,1.52377,1.52533,3212
2016.06.13 20:00,1.52533,1.52650,1.52524,1.52639,2162
2016.06.13 20:30,1.52641,1.52782,1.52636,1.52782,2068
2016.06.13 21:00,1.52775,1.52838,1.52735,1.52814,1493
2016.06.13 21:30,1.52818,1.52847,1.52742,1.52819,1718
2016.06.13 22:00,1.52825,1.52830,1.52761,1.52785,1222
2016.06.13 22:30,1.52784,1.52891,1.52775,1.52886,1610
2016.06.13 23:00,1.52888,1.52888,1.52809,1.52829,960
2016.06.13 23:30,1.52830,1.52869,1.52779,1.52803,922
2016.06.14 00:00,1.52773,1.52849,1.52731,1.52811,544
2016.06.14 00:30,1.52810,1.52899,1.52736,1.52820,922
2016.06.14 01:00,1.52829,1.52890,1.52786,1.52789,1180
2016.06.14 01:30,1.52790,1.52934,1.52780,1.52918,1197
2016.06.14 02:00,1.52921,1.53014,1.52919,1.52966,754
2016.06.14 02:30,1.52965,1.53004,1.52860,1.53004,963
2016.06.14 03:00,1.53004,1.53015,1.52872,1.52872,1935
2016.06.14 03:30,1.52871,1.52875,1.52703,1.52736,1884
2016.06.14 04:00,1.52737,1.52776,1.52654,1.52744,2200
2016.06.14 04:30,1.52739,1.52808,1.52657,1.52746,1619
2016.06.14 05:00,1.52745,1.52945,1.52745,1.52909,1463
2016.06.14 05:30,1.52908,1.52972,1.52852,1.52946,1325
2016.06.14 06:00,1.52945,1.52999,1.52907,1.52909,1308
2016.06.14 06:30,1.52908,1.52975,1.52814,1.52815,1177
2016.06.14 07:00,1.52817,1.52897,1.52793,1.52793,875
2016.06.14 07:30,1.52793,1.52832,1.52508,1.52570,2225
2016.06.14 08:00,1.52566,1.52639,1.52398,1.52404,1782
2016.06.14 08:30,1.52403,1.52561,1.52391,1.52469,1640
2016.06.14 09:00,1.52465,1.52520,1.52384,1.52506,3364
2016.06.14 09:30,1.52504,1.52512,1.52166,1.52236,4067
2016.06.14 10:00,1.52237,1.52783,1.52182,1.52680,6866
2016.06.14 10:30,1.52679,1.52891,1.52539,1.52875,5888
2016.06.14 11:00,1.52875,1.52983,1.52765,1.52924,5317
2016.06.14 11:30,1.52925,1.53087,1.52836,1.52872,5661
2016.06.14 12:00,1.52870,1.52970,1.52802,1.52896,6480
2016.06.14 12:30,1.52893,1.52987,1.52781,1.52857,5238
2016.06.14 13:00,1.52859,1.52909,1.52731,1.52858,4432
2016.06.14 13:30,1.52856,1.52969,1.52813,1.52851,3990
2016.06.14 14:00,1.52850,1.52956,1.52771,1.52781,3871
2016.06.14 14:30,1.52781,1.52855,1.52702,1.52756,3778
2016.06.14 15:00,1.52755,1.52829,1.52666,1.52683,4306
2016.06.14 15:30,1.52678,1.52782,1.52526,1.52550,7331
2016.06.14 16:00,1.52549,1.52556,1.52304,1.52324,5389
2016.06.14 16:30,1.52325,1.52330,1.51880,1.51900,8169
2016.06.14 17:00,1.51901,1.52192,1.51846,1.52118,8077
2016.06.14 17:30,1.52122,1.52374,1.51902,1.52370,6366
2016.06.14 18:00,1.52370,1.52457,1.52176,1.52255,5928
2016.06.14 18:30,1.52257,1.52351,1.52200,1.52246,5102
2016.06.14 19:00,1.52247,1.52334,1.52150,1.52193,3431
2016.06.14 19:30,1.52193,1.52319,1.52187,1.52292,3299
2016.06.14 20:00,1.52291,1.52352,1.52206,1.52243,2966
2016.06.14 20:30,1.52243,1.52297,1.52188,1.52293,2704
2016.06.14 21:00,1.52289,1.52337,1.52226,1.52227,1936
2016.06.14 21:30,1.52229,1.52346,1.52221,1.52256,1924
2016.06.14 22:00,1.52254,1.52337,1.52204,1.52263,2249
2016.06.14 22:30,1.52265,1.52311,1.52231,1.52255,1983
2016.06.14 23:00,1.52252,1.52339,1.52207,1.52220,1361
2016.06.14 23:30,1.52223,1.52337,1.52223,1.52243,1501
2016.06.15 00:00,1.52249,1.52598,1.52202,1.52575,1204
2016.06.15 00:30,1.52576,1.52629,1.52453,1.52498,1055
2016.06.15 01:00,1.52498,1.52521,1.52382,1.52479,1416
2016.06.15 01:30,1.52480,1.52516,1.52453,1.52479,888
2016.06.15 02:00,1.52477,1.52502,1.52402,1.52489,918
2016.06.15 02:30,1.52488,1.52536,1.52427,1.52453,950
2016.06.15 03:00,1.52451,1.52514,1.52388,1.52475,2423
2016.06.15 03:30,1.52478,1.52775,1.52473,1.52543,3069
2016.06.15 04:00,1.52545,1.52601,1.52375,1.52549,2465
2016.06.15 04:30,1.52551,1.52552,1.52306,1.52363,2940
2016.06.15 05:00,1.52362,1.52380,1.52112,1.52140,2312
2016.06.15 05:30,1.52142,1.52228,1.52046,1.52074,1329
2016.06.15 06:00,1.52077,1.52140,1.51927,1.51987,1739
2016.06.15 06:30,1.51984,1.52103,1.51940,1.52092,1422
2016.06.15 07:00,1.52096,1.52149,1.52003,1.52012,1207
2016.06.15 07:30,1.52013,1.52168,1.52013,1.52044,1585
2016.06.15 08:00,1.52043,1.52092,1.51937,1.52091,1583
2016.06.15 08:30,1.52090,1.52127,1.51891,1.51938,1613
2016.06.15 09:00,1.51945,1.52073,1.51850,1.51954,4748
2016.06.15 09:30,1.51955,1.52079,1.51889,1.52076,4039
2016.06.15 10:00,1.52076,1.52111,1.51887,1.52010,5102
2016.06.15 10:30,1.52010,1.52037,1.51876,1.51996,4695
2016.06.15 11:00,1.51996,1.52116,1.51626,1.51651,4289
2016.06.15 11:30,1.51649,1.51851,1.51640,1.51835,4360
2016.06.15 12:00,1.51835,1.51954,1.51745,1.51837,3945
2016.06.15 12:30,1.51838,1.51849,1.51594,1.51636,3621
2016.06.15 13:00,1.51636,1.51652,1.51499,1.51555,3843
2016.06.15 13:30,1.51555,1.51787,1.51550,1.51741,3019
2016.06.15 14:00,1.51742,1.51858,1.51688,1.51737,3973
2016.06.15 14:30,1.51737,1.51877,1.51664,1.51841,3267
2016.06.15 15:00,1.51843,1.51896,1.51763,1.51814,3723
2016.06.15 15:30,1.51814,1.51924,1.51764,1.51802,4531
2016.06.15 16:00,1.51802,1.51848,1.51673,1.51674,4421
2016.06.15 16:30,1.51673,1.51756,1.51537,1.51731,5329
2016.06.15 17:00,1.51731,1.51820,1.51693,1.51792,5219
2016.06.15 17:30,1.51790,1.51790,1.51362,1.51465,6864
2016.06.15 18:00,1.51466,1.51718,1.51402,1.51700,4735
2016.06.15 18:30,1.51702,1.51788,1.51690,1.51778,3661
2016.06.15 19:00,1.51780,1.51999,1.51742,1.51870,3528
2016.06.15 19:30,1.51870,1.51940,1.51838,1.51932,3151
2016.06.15 20:00,1.51934,1.51964,1.51752,1.51764,3006
2016.06.15 20:30,1.51758,1.51871,1.51464,1.51653,3053
2016.06.15 21:00,1.51653,1.51915,1.51517,1.51867,10697
2016.06.15 21:30,1.51867,1.51996,1.51741,1.51979,8388
2016.06.15 22:00,1.51980,1.52017,1.51796,1.51901,5112
2016.06.15 22:30,1.51902,1.52105,1.51873,1.51935,3240
2016.06.15 23:00,1.51934,1.52066,1.51917,1.51989,1378
2016.06.15 23:30,1.51990,1.52038,1.51956,1.51963,953
2016.06.16 00:00,1.51965,1.52059,1.51882,1.52040,526
2016.06.16 00:30,1.52036,1.52224,1.52024,1.52077,1451
2016.06.16 01:00,1.52084,1.52155,1.52051,1.52100,1158
2016.06.16 01:30,1.52094,1.52100,1.51809,1.51901,1908
2016.06.16 02:00,1.51900,1.51973,1.51838,1.51846,1406
2016.06.16 02:30,1.51847,1.51925,1.51745,1.51866,1605
2016.06.16 03:00,1.51865,1.52040,1.51818,1.51896,1881
2016.06.16 03:30,1.51895,1.51974,1.51819,1.51884,2513
2016.06.16 04:00,1.51885,1.51910,1.51739,1.51748,2733
2016.06.16 04:30,1.51748,1.52256,1.51416,1.52177,3979
2016.06.16 05:00,1.52174,1.52494,1.52122,1.52354,2623
2016.06.16 05:30,1.52353,1.52610,1.52304,1.52398,5486
2016.06.16 06:00,1.52393,1.52403,1.52220,1.52339,2975
2016.06.16 06:30,1.52340,1.52397,1.52245,1.52326,2942
2016.06.16 07:00,1.52328,1.52436,1.52238,1.52431,1991
2016.06.16 07:30,1.52432,1.52648,1.52425,1.52581,3171
2016.06.16 08:00,1.52579,1.52712,1.52546,1.52609,3033
2016.06.16 08:30,1.52608,1.52651,1.52493,1.52565,2608
2016.06.16 09:00,1.52565,1.52903,1.52546,1.52891,5045
2016.06.16 09:30,1.52891,1.53628,1.52853,1.53552,7121
2016.06.16 10:00,1.53552,1.53634,1.53034,1.53175,6499
2016.06.16 10:30,1.53174,1.53361,1.53093,1.53238,6075
2016.06.16 11:00,1.53239,1.53310,1.52953,1.52969,5888
2016.06.16 11:30,1.52968,1.53039,1.52846,1.52992,5366
2016.06.16 12:00,1.52994,1.53052,1.52702,1.52704,4001
2016.06.16 12:30,1.52703,1.52795,1.52554,1.52568,3914
2016.06.16 13:00,1.52569,1.52599,1.52292,1.52323,5091
2016.06.16 13:30,1.52322,1.52402,1.52263,1.52376,4256
2016.06.16 14:00,1.52377,1.52394,1.51960,1.52188,6365
2016.06.16 14:30,1.52188,1.52293,1.52132,1.52163,4919
2016.06.16 15:00,1.52163,1.52301,1.52010,1.52197,5185
2016.06.16 15:30,1.52196,1.52437,1.52141,1.52278,6346
2016.06.16 16:00,1.52278,1.52309,1.52129,1.52154,4936
2016.06.16 16:30,1.52156,1.52631,1.52125,1.52564,7092
2016.06.16 17:00,1.52565,1.52716,1.52428,1.52608,7140
2016.06.16 17:30,1.52605,1.52798,1.52497,1.52535,7710
2016.06.16 18:00,1.52534,1.52572,1.52225,1.52284,6589
2016.06.16 18:30,1.52284,1.52673,1.52266,1.52596,6123
2016.06.16 19:00,1.52593,1.52609,1.52346,1.52391,5449
2016.06.16 19:30,1.52388,1.52582,1.52223,1.52419,6990
2016.06.16 20:00,1.52416,1.52526,1.52324,1.52469,6774
2016.06.16 20:30,1.52470,1.52564,1.52392,1.52419,4945
2016.06.16 21:00,1.52416,1.52532,1.52315,1.52486,4633
2016.06.16 21:30,1.52488,1.52571,1.52391,1.52412,2940
2016.06.16 22:00,1.52409,1.52475,1.52372,1.52395,2820
2016.06.16 22:30,1.52394,1.52578,1.52358,1.52555,2468
2016.06.16 23:00,1.52553,1.52553,1.52363,1.52403,1165
2016.06.16 23:30,1.52408,1.52514,1.52363,1.52406,1513
2016.06.17 00:00,1.52391,1.52508,1.52379,1.52411,492
2016.06.17 00:30,1.52405,1.52448,1.52325,1.52362,913
2016.06.17 01:00,1.52361,1.52465,1.52310,1.52314,1603
2016.06.17 01:30,1.52317,1.52455,1.52314,1.52421,1310
2016.06.17 02:00,1.52418,1.52449,1.52337,1.52337,1137
2016.06.17 02:30,1.52335,1.52500,1.52288,1.52440,2271
2016.06.17 03:00,1.52456,1.52501,1.52305,1.52367,3610
2016.06.17 03:30,1.52364,1.52536,1.52364,1.52514,2873
2016.06.17 04:00,1.52515,1.52515,1.52182,1.52261,3655
2016.06.17 04:30,1.52256,1.52485,1.52222,1.52352,2974
2016.06.17 05:00,1.52351,1.52426,1.52244,1.52322,2372
2016.06.17 05:30,1.52315,1.52357,1.52194,1.52296,1586
2016.06.17 06:00,1.52295,1.52346,1.52169,1.52250,1986
2016.06.17 06:30,1.52251,1.52398,1.52185,1.52381,2052
2016.06.17 07:00,1.52382,1.52585,1.52335,1.52562,2692
2016.06.17 07:30,1.52561,1.52570,1.52395,1.52416,2213
2016.06.17 08:00,1.52412,1.52471,1.52237,1.52255,2235
2016.06.17 08:30,1.52256,1.52291,1.52161,1.52185,1980
2016.06.17 09:00,1.52187,1.52486,1.52183,1.52384,5050
2016.06.17 09:30,1.52384,1.52395,1.52206,1.52235,4643
2016.06.17 10:00,1.52235,1.52312,1.51982,1.52132,5488
2016.06.17 10:30,1.52135,1.52309,1.52111,1.52238,5690
2016.06.17 11:00,1.52254,1.52286,1.52103,1.52246,5809
2016.06.17 11:30,1.52247,1.52362,1.52147,1.52317,4225
2016.06.17 12:00,1.52316,1.52349,1.52090,1.52198,3843
2016.06.17 12:30,1.52196,1.52449,1.52183,1.52403,4298
2016.06.17 13:00,1.52403,1.52492,1.52336,1.52417,3224
2016.06.17 13:30,1.52420,1.52486,1.52305,1.52341,3266
2016.06.17 14:00,1.52338,1.52371,1.52232,1.52323,4622
2016.06.17 14:30,1.52321,1.52463,1.52295,1.52369,4041
2016.06.17 15:00,1.52370,1.52397,1.52285,1.52307,4135
2016.06.17 15:30,1.52308,1.52388,1.52269,1.52329,4710
2016.06.17 16:00,1.52328,1.52400,1.52247,1.52388,4805
2016.06.17 16:30,1.52386,1.52609,1.52332,1.52381,7061
2016.06.17 17:00,1.52383,1.52480,1.52341,1.52390,6383
2016.06.17 17:30,1.52393,1.52481,1.52155,1.52226,7309
2016.06.17 18:00,1.52226,1.52578,1.52226,1.52439,6125
2016.06.17 18:30,1.52440,1.52483,1.52315,1.52401,3772
2016.06.17 19:00,1.52396,1.52496,1.52372,1.52489,3182
2016.06.17 19:30,1.52480,1.52540,1.52454,1.52530,2631
2016.06.17 20:00,1.52530,1.52632,1.52515,1.52581,2697
2016.06.17 20:30,1.52590,1.52598,1.52461,1.52484,2037
2016.06.17 21:00,1.52485,1.52541,1.52441,1.52462,2291
2016.06.17 21:30,1.52463,1.52550,1.52365,1.52399,1856
2016.06.17 22:00,1.52401,1.52498,1.52378,1.52417,1469
2016.06.17 22:30,1.52416,1.52508,1.52414,1.52464,1494
2016.06.17 23:00,1.52465,1.52546,1.52461,1.52544,666
2016.06.17 23:30,1.52547,1.52611,1.52293,1.52419,1051
2016.06.20 00:00,1.52367,1.52464,1.52300,1.52366,467
2016.06.20 00:30,1.52361,1.52418,1.52288,1.52344,499
2016.06.20 01:00,1.52334,1.52710,1.52312,1.52699,2036
2016.06.20 01:30,1.52697,1.52759,1.52440,1.52465,1906
2016.06.20 02:00,1.52464,1.52976,1.52464,1.52966,2434
2016.06.20 02:30,1.52966,1.52966,1.52594,1.52752,3205
2016.06.20 03:00,1.52752,1.52841,1.52618,1.52701,4471
2016.06.20 03:30,1.52702,1.52758,1.52528,1.52610,3444
2016.06.20 04:00,1.52606,1.52749,1.52605,1.52713,2608
2016.06.20 04:30,1.52712,1.52873,1.52650,1.52694,2708
2016.06.20 05:00,1.52693,1.52738,1.52603,1.52613,1821
2016.06.20 05:30,1.52614,1.52678,1.52514,1.52657,2195
2016.06.20 06:00,1.52656,1.52759,1.52649,1.52699,1564
2016.06.20 06:30,1.52696,1.52794,1.52670,1.52748,1835
2016.06.20 07:00,1.52747,1.52803,1.52720,1.52786,1393
2016.06.20 07:30,1.52785,1.52847,1.52711,1.52781,1736
2016.06.20 08:00,1.52782,1.52787,1.52547,1.52559,1560
2016.06.20 08:30,1.52560,1.52633,1.52472,1.52486,2042
2016.06.20 09:00,1.52484,1.52591,1.52452,1.52468,3963
2016.06.20 09:30,1.52468,1.52523,1.52347,1.52358,4395
2016.06.20 10:00,1.52353,1.52396,1.52165,1.52210,5149
2016.06.20 10:30,1.52215,1.52264,1.52003,1.52071,5139
2016.06.20 11:00,1.52071,1.52130,1.51827,1.51911,5273
2016.06.20 11:30,1.51912,1.51954,1.51821,1.51913,5074
2016.06.20 12:00,1.51912,1.52127,1.51870,1.52050,4477
2016.06.20 12:30,1.52050,1.52147,1.51988,1.52005,4004
2016.06.20 13:00,1.52003,1.52120,1.51872,1.52062,4344
2016.06.20 13:30,1.52061,1.52136,1.51996,1.52092,3806
2016.06.20 14:00,1.52090,1.52090,1.51945,1.52034,3758
2016.06.20 14:30,1.52033,1.52108,1.51950,1.52075,3561
2016.06.20 15:00,1.52072,1.52095,1.51811,1.51926,5094
2016.06.20 15:30,1.51926,1.51946,1.51636,1.51675,4205
2016.06.20 16:00,1.51675,1.51856,1.51659,1.51777,4548
2016.06.20 16:30,1.51777,1.51836,1.51703,1.51819,6369
2016.06.20 17:00,1.51816,1.51863,1.51699,1.51788,5832
2016.06.20 17:30,1.51788,1.51879,1.51680,1.51870,6081
2016.06.20 18:00,1.51867,1.51882,1.51653,1.51702,5316
2016.06.20 18:30,1.51701,1.51815,1.51594,1.51745,4406
2016.06.20 19:00,1.51744,1.51784,1.51638,1.51679,3273
2016.06.20 19:30,1.51679,1.51691,1.51579,1.51667,2575
2016.06.20 20:00,1.51667,1.51810,1.51648,1.51746,3835
2016.06.20 20:30,1.51748,1.51807,1.51599,1.51644,3362
2016.06.20 21:00,1.51642,1.51680,1.51579,1.51659,2418
2016.06.20 21:30,1.51660,1.51782,1.51660,1.51756,1754
2016.06.20 22:00,1.51755,1.51804,1.51742,1.51756,1562
2016.06.20 22:30,1.51758,1.51762,1.51656,1.51669,1694
2016.06.20 23:00,1.51668,1.51740,1.51666,1.51701,1211
2016.06.20 23:30,1.51704,1.51835,1.51578,1.51578,1825
2016.06.21 00:00,1.51620,1.51783,1.51489,1.51705,767
2016.06.21 00:30,1.51695,1.51751,1.51610,1.51674,663
2016.06.21 01:00,1.51674,1.51755,1.51637,1.51702,2433
2016.06.21 01:30,1.51704,1.51803,1.51655,1.51766,841
2016.06.21 02:00,1.51767,1.51802,1.51686,1.51707,955
2016.06.21 02:30,1.51705,1.51836,1.51634,1.51813,1373
2016.06.21 03:00,1.51814,1.51819,1.51516,1.51521,2615
2016.06.21 03:30,1.51520,1.51661,1.51503,1.51639,2079
2016.06.21 04:00,1.51640,1.51851,1.51639,1.51845,2013
2016.06.21 04:30,1.51838,1.51869,1.51389,1.51471,3305
2016.06.21 05:00,1.51470,1.51629,1.51438,1.51476,2212
2016.06.21 05:30,1.51477,1.51746,1.51477,1.51704,1903
2016.06.21 06:00,1.51703,1.51721,1.51602,1.51719,1663
2016.06.21 06:30,1.51720,1.51775,1.51632,1.51702,1359
2016.06.21 07:00,1.51706,1.51737,1.51640,1.51670,943
2016.06.21 07:30,1.51666,1.51712,1.51580,1.51616,1281
2016.06.21 08:00,1.51615,1.51726,1.51544,1.51706,1686
2016.06.21 08:30,1.51707,1.51771,1.51590,1.51698,2287
2016.06.21 09:00,1.51700,1.51700,1.51405,1.51496,2989
2016.06.21 09:30,1.51497,1.51587,1.51479,1.51518,2865
2016.06.21 10:00,1.51520,1.51594,1.51389,1.51504,5034
2016.06.21 10:30,1.51504,1.51523,1.51295,1.51326,3679
2016.06.21 11:00,1.51328,1.51485,1.51293,1.51293,4243
2016.06.21 11:30,1.51293,1.51293,1.51088,1.51100,3599
2016.06.21 12:00,1.51101,1.51143,1.51012,1.51081,3549
2016.06.21 12:30,1.51089,1.51298,1.51014,1.51255,3397
2016.06.21 13:00,1.51255,1.51328,1.51178,1.51291,3233
2016.06.21 13:30,1.51291,1.51308,1.51075,1.51111,3526
2016.06.21 14:00,1.51109,1.51175,1.51033,1.51106,4083
2016.06.21 14:30,1.51108,1.51168,1.50906,1.50911,3486
2016.06.21 15:00,1.50909,1.50942,1.50571,1.50654,5081
2016.06.21 15:30,1.50656,1.50964,1.50645,1.50829,6073
2016.06.21 16:00,1.50831,1.50952,1.50579,1.50670,6407
2016.06.21 16:30,1.50671,1.50787,1.50539,1.50570,8135
2016.06.21 17:00,1.50569,1.50763,1.50503,1.50722,7085
2016.06.21 17:30,1.50719,1.51159,1.50698,1.51138,7039
2016.06.21 18:00,1.51131,1.51177,1.50941,1.50947,5836
2016.06.21 18:30,1.50947,1.51011,1.50801,1.50932,3679
2016.06.21 19:00,1.50933,1.50943,1.50730,1.50730,2160
2016.06.21 19:30,1.50731,1.50828,1.50703,1.50750,2968
2016.06.21 20:00,1.50751,1.50901,1.50723,1.50875,2180
2016.06.21 20:30,1.50875,1.50903,1.50794,1.50803,2212
2016.06.21 21:00,1.50796,1.50800,1.50650,1.50699,2169
2016.06.21 21:30,1.50700,1.50723,1.50629,1.50680,1818
2016.06.21 22:00,1.50682,1.50869,1.50673,1.50827,2056
2016.06.21 22:30,1.50826,1.50960,1.50824,1.50864,2278
2016.06.21 23:00,1.50861,1.50880,1.50789,1.50832,1098
2016.06.21 23:30,1.50831,1.51090,1.50783,1.50870,1855
2016.06.22 00:00,1.50870,1.50957,1.50724,1.50791,710
2016.06.22 00:30,1.50831,1.50917,1.50765,1.50882,862
2016.06.22 01:00,1.50866,1.50936,1.50839,1.50902,1212
2016.06.22 01:30,1.50903,1.50995,1.50879,1.50981,958
2016.06.22 02:00,1.50984,1.51024,1.50833,1.50861,944
2016.06.22 02:30,1.50860,1.50962,1.50819,1.50956,1160
2016.06.22 03:00,1.50959,1.51058,1.50912,1.50985,1867
2016.06.22 03:30,1.50987,1.51083,1.50870,1.50993,2265
2016.06.22 04:00,1.50991,1.51027,1.50662,1.50741,2074
2016.06.22 04:30,1.50742,1.50900,1.50727,1.50897,2518
2016.06.22 05:00,1.50898,1.50994,1.50863,1.50965,1862
2016.06.22 05:30,1.50964,1.51000,1.50828,1.50951,1632
2016.06.22 06:00,1.50952,1.51001,1.50837,1.50856,1461
2016.06.22 06:30,1.50855,1.50939,1.50771,1.50821,1280
2016.06.22 07:00,1.50820,1.50891,1.50787,1.50829,1391
2016.06.22 07:30,1.50826,1.50941,1.50801,1.50859,1192
2016.06.22 08:00,1.50863,1.50984,1.50851,1.50880,1319
2016.06.22 08:30,1.50881,1.50914,1.50812,1.50848,1437
2016.06.22 09:00,1.50848,1.50859,1.50701,1.50746,2769
2016.06.22 09:30,1.50750,1.50752,1.50508,1.50536,3523
2016.06.22 10:00,1.50539,1.50645,1.50490,1.50565,4765
2016.06.22 10:30,1.50563,1.50669,1.50530,1.50642,4389
2016.06.22 11:00,1.50642,1.50723,1.50544,1.50544,3983
2016.06.22 11:30,1.50542,1.50612,1.50462,1.50524,3796
2016.06.22 12:00,1.50522,1.50551,1.50428,1.50481,2820
2016.06.22 12:30,1.50479,1.50594,1.50390,1.50544,3748
2016.06.22 13:00,1.50544,1.50646,1.50497,1.50607,3407
2016.06.22 13:30,1.50606,1.50678,1.50530,1.50614,3138
2016.06.22 14:00,1.50612,1.50693,1.50576,1.50653,3488
2016.06.22 14:30,1.50652,1.50659,1.50409,1.50446,2996
2016.06.22 15:00,1.50446,1.50460,1.50280,1.50365,4231
2016.06.22 15:30,1.50366,1.50662,1.50286,1.50633,4681
2016.06.22 16:00,1.50640,1.50793,1.50622,1.50661,4576
2016.06.22 16:30,1.50661,1.50738,1.50573,1.50722,6526
2016.06.22 17:00,1.50733,1.50776,1.50454,1.50492,8067
2016.06.22 17:30,1.50495,1.50573,1.50331,1.50510,6834
2016.06.22 18:00,1.50509,1.50605,1.50433,1.50449,5430
2016.06.22 18:30,1.50451,1.50700,1.50439,1.50661,6570
2016.06.22 19:00,1.50660,1.50712,1.50594,1.50628,3553
2016.06.22 19:30,1.50635,1.50647,1.50438,1.50462,3826
2016.06.22 20:00,1.50462,1.50830,1.50450,1.50737,4493
2016.06.22 20:30,1.50738,1.50820,1.50635,1.50777,4285
2016.06.22 21:00,1.50775,1.50868,1.50741,1.50781,3476
2016.06.22 21:30,1.50782,1.50787,1.50584,1.50619,2392
2016.06.22 22:00,1.50620,1.50738,1.50594,1.50712,2385
2016.06.22 22:30,1.50710,1.50716,1.50559,1.50585,2545
2016.06.22 23:00,1.50584,1.50626,1.50503,1.50508,1516
2016.06.22 23:30,1.50509,1.50637,1.50505,1.50537,1146
2016.06.23 00:00,1.50533,1.50876,1.50415,1.50599,1899
2016.06.23 00:30,1.50603,1.50802,1.50497,1.50641,1974
2016.06.23 01:00,1.50638,1.50706,1.50504,1.50578,3819
2016.06.23 01:30,1.50576,1.50696,1.50547,1.50659,1410
2016.06.23 02:00,1.50660,1.50761,1.50645,1.50707,1516
2016.06.23 02:30,1.50707,1.50800,1.50690,1.50778,1475
2016.06.23 03:00,1.50778,1.50783,1.50548,1.50590,2402
2016.06.23 03:30,1.50589,1.50809,1.50586,1.50688,2121
2016.06.23 04:00,1.50689,1.50712,1.50593,1.50661,1949
2016.06.23 04:30,1.50663,1.50669,1.50535,1.50535,1883
2016.06.23 05:00,1.50535,1.50771,1.50525,1.50761,1671
2016.06.23 05:30,1.50760,1.50832,1.50701,1.50792,1698
2016.06.23 06:00,1.50793,1.50897,1.50761,1.50861,1487
2016.06.23 06:30,1.50860,1.50908,1.50816,1.50816,1469
2016.06.23 07:00,1.50814,1.50842,1.50750,1.50781,1369
2016.06.23 07:30,1.50782,1.50818,1.50691,1.50722,1565
2016.06.23 08:00,1.50721,1.50755,1.50564,1.50587,1418
2016.06.23 08:30,1.50588,1.50620,1.50525,1.50616,1683
2016.06.23 09:00,1.50622,1.50736,1.50397,1.50590,6692
2016.06.23 09:30,1.50587,1.50711,1.50517,1.50564,3822
2016.06.23 10:00,1.50566,1.50613,1.50354,1.50384,5376
2016.06.23 10:30,1.50383,1.50407,1.50361,1.50394,225
